{
  "type": "FeatureCollection",
  "features": [
    {
      "type": "Feature",
      "geometry": {
        "type": "Point",
        "coordinates": [
          -0.4895031,
          51.4704852
        ]
      },
      "properties": {
        "highway": "elevator",
        "indoor": "yes",
        "level": "0;1;1.5;2;2.5;3",
        "level_ref": "0",
        "osm_id": 1501376011,
        "osm_type": "node"
      }
    },
    {
      "type": "Feature",
      "geometry": {
        "type": "Point",
        "coordinates": [
          -0.4889532,
          51.4717088
        ]
      },
      "properties": {
        "highway": "elevator",
        "indoor": "yes",
        "level": "0;1;2;3",
        "level_ref": "0",
        "osm_id": 1501376100,
        "osm_type": "node"
      }
    },
    {
      "type": "Feature",
      "geometry": {
        "type": "Point",
        "coordinates": [
          -0.4893506,
          51.4724923
        ]
      },
      "properties": {
        "highway": "elevator",
        "indoor": "yes",
        "level": "-3;-1;0;3",
        "osm_id": 1501376177,
        "osm_type": "node"
      }
    },
    {
      "type": "Feature",
      "geometry": {
        "type": "Point",
        "coordinates": [
          -0.4893899,
          51.4724921
        ]
      },
      "properties": {
        "highway": "elevator",
        "indoor": "yes",
        "level": "-3;-1;0;3",
        "osm_id": 1501376189,
        "osm_type": "node"
      }
    },
    {
      "type": "Feature",
      "geometry": {
        "type": "Point",
        "coordinates": [
          -0.4894292,
          51.4724919
        ]
      },
      "properties": {
        "highway": "elevator",
        "indoor": "yes",
        "level": "-3;-1;0;3",
        "osm_id": 1501376194,
        "osm_type": "node"
      }
    },
    {
      "type": "Feature",
      "geometry": {
        "type": "Point",
        "coordinates": [
          -0.489515,
          51.4726891
        ]
      },
      "properties": {
        "highway": "elevator",
        "indoor": "yes",
        "level": "0;1;1.5;2;2.5;3",
        "level_ref": "0",
        "osm_id": 1501376209,
        "osm_type": "node"
      }
    },
    {
      "type": "Feature",
      "geometry": {
        "type": "Point",
        "coordinates": [
          -0.4895181,
          51.4727605
        ]
      },
      "properties": {
        "highway": "elevator",
        "indoor": "yes",
        "level": "0;1;1.5;2;2.5;3",
        "osm_id": 1501376220,
        "osm_type": "node"
      }
    },
    {
      "type": "Feature",
      "geometry": {
        "type": "Point",
        "coordinates": [
          -0.4763572,
          51.4715163
        ]
      },
      "properties": {
        "fixme": "level=*;* needs setting for elevator",
        "highway": "elevator",
        "osm_id": 4360359460,
        "osm_type": "node"
      }
    },
    {
      "type": "Feature",
      "geometry": {
        "type": "Point",
        "coordinates": [
          -0.4574452,
          51.470554
        ]
      },
      "properties": {
        "highway": "elevator",
        "level": "0;-1",
        "osm_id": 4436130422,
        "osm_type": "node"
      }
    },
    {
      "type": "Feature",
      "geometry": {
        "type": "Point",
        "coordinates": [
          -0.4525328,
          51.4713415
        ]
      },
      "properties": {
        "highway": "elevator",
        "indoor": "yes",
        "level": "-4;-2",
        "wheelchair": "yes",
        "osm_id": 5481888061,
        "osm_type": "node"
      }
    },
    {
      "type": "Feature",
      "geometry": {
        "type": "Point",
        "coordinates": [
          -0.4525052,
          51.4713657
        ]
      },
      "properties": {
        "highway": "elevator",
        "indoor": "yes",
        "level": "-4;-2",
        "wheelchair": "yes",
        "osm_id": 5481888416,
        "osm_type": "node"
      }
    },
    {
      "type": "Feature",
      "geometry": {
        "type": "Point",
        "coordinates": [
          -0.4514901,
          51.4703595
        ]
      },
      "properties": {
        "highway": "elevator",
        "indoor": "yes",
        "level": "0;1;5",
        "osm_id": 6468096525,
        "osm_type": "node"
      }
    },
    {
      "type": "Feature",
      "geometry": {
        "type": "Point",
        "coordinates": [
          -0.476323,
          51.4712605
        ]
      },
      "properties": {
        "highway": "elevator",
        "indoor": "yes",
        "level": "1;2",
        "osm_id": 10228438657,
        "osm_type": "node"
      }
    },
    {
      "type": "Feature",
      "geometry": {
        "type": "Point",
        "coordinates": [
          -0.4763274,
          51.4720691
        ]
      },
      "properties": {
        "highway": "elevator",
        "indoor": "yes",
        "level": "1;2",
        "osm_id": 10228438671,
        "osm_type": "node"
      }
    },
    {
      "type": "Feature",
      "geometry": {
        "type": "Point",
        "coordinates": [
          -0.4528676,
          51.4712144
        ]
      },
      "properties": {
        "highway": "elevator",
        "indoor": "yes",
        "level": "0;-1",
        "osm_id": 10945644094,
        "osm_type": "node"
      }
    },
    {
      "type": "Feature",
      "geometry": {
        "type": "Point",
        "coordinates": [
          -0.4529043,
          51.4711861
        ]
      },
      "properties": {
        "highway": "elevator",
        "indoor": "yes",
        "level": "0;-1",
        "osm_id": 10945644096,
        "osm_type": "node"
      }
    },
    {
      "type": "Feature",
      "geometry": {
        "type": "Point",
        "coordinates": [
          -0.4895055,
          51.4705168
        ]
      },
      "properties": {
        "highway": "elevator",
        "indoor": "yes",
        "level": "0;1;1.5;2;2.5;3",
        "level_ref": "0",
        "osm_id": 10945790366,
        "osm_type": "node"
      }
    },
    {
      "type": "Feature",
      "geometry": {
        "type": "Point",
        "coordinates": [
          -0.4890545,
          51.4711376
        ]
      },
      "properties": {
        "highway": "elevator",
        "indoor": "yes",
        "level": "0;1;2;3",
        "level_ref": "0",
        "osm_id": 10945790370,
        "osm_type": "node"
      }
    },
    {
      "type": "Feature",
      "geometry": {
        "type": "Point",
        "coordinates": [
          -0.4889513,
          51.4711381
        ]
      },
      "properties": {
        "highway": "elevator",
        "indoor": "yes",
        "level": "0;1;2;3",
        "level_ref": "0",
        "osm_id": 10946139598,
        "osm_type": "node"
      }
    },
    {
      "type": "Feature",
      "geometry": {
        "type": "Point",
        "coordinates": [
          -0.4895006,
          51.4710384
        ]
      },
      "properties": {
        "highway": "elevator",
        "indoor": "yes",
        "level": "0;1;1.5;2;2.5;3",
        "level_ref": "0",
        "osm_id": 10946153145,
        "osm_type": "node"
      }
    },
    {
      "type": "Feature",
      "geometry": {
        "type": "Point",
        "coordinates": [
          -0.4895075,
          51.4711737
        ]
      },
      "properties": {
        "highway": "elevator",
        "indoor": "yes",
        "level": "0;1;1.5;2;2.5;3",
        "level_ref": "0",
        "osm_id": 10946153146,
        "osm_type": "node"
      }
    },
    {
      "type": "Feature",
      "geometry": {
        "type": "Point",
        "coordinates": [
          -0.4895051,
          51.471142
        ]
      },
      "properties": {
        "highway": "elevator",
        "indoor": "yes",
        "level": "0;1;1.5;2;2.5;3",
        "level_ref": "0",
        "osm_id": 10946153147,
        "osm_type": "node"
      }
    },
    {
      "type": "Feature",
      "geometry": {
        "type": "Point",
        "coordinates": [
          -0.4759625,
          51.4711425
        ]
      },
      "properties": {
        "highway": "elevator",
        "indoor": "yes",
        "level": "-2;1",
        "osm_id": 10946651246,
        "osm_type": "node"
      }
    },
    {
      "type": "Feature",
      "geometry": {
        "type": "Point",
        "coordinates": [
          -0.4761856,
          51.4707008
        ]
      },
      "properties": {
        "highway": "elevator",
        "indoor": "yes",
        "level": "-2;0;2",
        "osm_id": 10946651281,
        "osm_type": "node"
      }
    },
    {
      "type": "Feature",
      "geometry": {
        "type": "Point",
        "coordinates": [
          -0.476187,
          51.470743
        ]
      },
      "properties": {
        "highway": "elevator",
        "indoor": "yes",
        "level": "-2;0;2",
        "osm_id": 10946651282,
        "osm_type": "node"
      }
    },
    {
      "type": "Feature",
      "geometry": {
        "type": "Point",
        "coordinates": [
          -0.4761839,
          51.4706523
        ]
      },
      "properties": {
        "highway": "elevator",
        "indoor": "yes",
        "level": "-2;0;2",
        "osm_id": 10946651283,
        "osm_type": "node"
      }
    },
    {
      "type": "Feature",
      "geometry": {
        "type": "Point",
        "coordinates": [
          -0.4759603,
          51.4709634
        ]
      },
      "properties": {
        "highway": "elevator",
        "indoor": "yes",
        "level": "-4;-2;0;1;2",
        "osm_id": 10946651287,
        "osm_type": "node"
      }
    },
    {
      "type": "Feature",
      "geometry": {
        "type": "Point",
        "coordinates": [
          -0.47596,
          51.471036
        ]
      },
      "properties": {
        "highway": "elevator",
        "indoor": "yes",
        "level": "-4;-2;0;1",
        "osm_id": 10946651288,
        "osm_type": "node"
      }
    },
    {
      "type": "Feature",
      "geometry": {
        "type": "Point",
        "coordinates": [
          -0.4759593,
          51.470933
        ]
      },
      "properties": {
        "highway": "elevator",
        "indoor": "yes",
        "level": "-2;0;1;2",
        "osm_id": 10946651289,
        "osm_type": "node"
      }
    },
    {
      "type": "Feature",
      "geometry": {
        "type": "Point",
        "coordinates": [
          -0.4759599,
          51.471067
        ]
      },
      "properties": {
        "highway": "elevator",
        "indoor": "yes",
        "level": "-2;0;1",
        "osm_id": 10946651290,
        "osm_type": "node"
      }
    },
    {
      "type": "Feature",
      "geometry": {
        "type": "Point",
        "coordinates": [
          -0.4759617,
          51.4710024
        ]
      },
      "properties": {
        "highway": "elevator",
        "indoor": "yes",
        "level": "-4;-2;0;1",
        "osm_id": 10946651291,
        "osm_type": "node"
      }
    },
    {
      "type": "Feature",
      "geometry": {
        "type": "Point",
        "coordinates": [
          -0.4894926,
          51.4716824
        ]
      },
      "properties": {
        "highway": "elevator",
        "indoor": "yes",
        "level": "0;1;1.5;2;2.5;3",
        "level_ref": "0",
        "osm_id": 10956923851,
        "osm_type": "node"
      }
    },
    {
      "type": "Feature",
      "geometry": {
        "type": "Point",
        "coordinates": [
          -0.489494,
          51.4717146
        ]
      },
      "properties": {
        "highway": "elevator",
        "indoor": "yes",
        "level": "0;1;1.5;2;2.5;3",
        "level_ref": "0",
        "osm_id": 10956923852,
        "osm_type": "node"
      }
    },
    {
      "type": "Feature",
      "geometry": {
        "type": "Point",
        "coordinates": [
          -0.4894995,
          51.4718177
        ]
      },
      "properties": {
        "highway": "elevator",
        "indoor": "yes",
        "level": "0;1;1.5;2;2.5;3",
        "level_ref": "0",
        "osm_id": 10956923853,
        "osm_type": "node"
      }
    },
    {
      "type": "Feature",
      "geometry": {
        "type": "Point",
        "coordinates": [
          -0.4894972,
          51.471786
        ]
      },
      "properties": {
        "highway": "elevator",
        "indoor": "yes",
        "level": "0;1;1.5;2;2.5;3",
        "level_ref": "0",
        "osm_id": 10956923854,
        "osm_type": "node"
      }
    },
    {
      "type": "Feature",
      "geometry": {
        "type": "Point",
        "coordinates": [
          -0.4890564,
          51.4717084
        ]
      },
      "properties": {
        "highway": "elevator",
        "indoor": "yes",
        "level": "0;1;2;3",
        "level_ref": "0",
        "osm_id": 10957041503,
        "osm_type": "node"
      }
    },
    {
      "type": "Feature",
      "geometry": {
        "type": "Point",
        "coordinates": [
          -0.4890773,
          51.4726829
        ]
      },
      "properties": {
        "highway": "elevator",
        "indoor": "yes",
        "level": "0;1;2;3",
        "osm_id": 10957568108,
        "osm_type": "node"
      }
    },
    {
      "type": "Feature",
      "geometry": {
        "type": "Point",
        "coordinates": [
          -0.4889741,
          51.4726833
        ]
      },
      "properties": {
        "highway": "elevator",
        "indoor": "yes",
        "level": "0;1;2;3",
        "osm_id": 10957568109,
        "osm_type": "node"
      }
    },
    {
      "type": "Feature",
      "geometry": {
        "type": "Point",
        "coordinates": [
          -0.4895135,
          51.4726569
        ]
      },
      "properties": {
        "highway": "elevator",
        "indoor": "yes",
        "level": "0;1;1.5;2;2.5;3",
        "level_ref": "0",
        "osm_id": 10957568130,
        "osm_type": "node"
      }
    },
    {
      "type": "Feature",
      "geometry": {
        "type": "Point",
        "coordinates": [
          -0.4895204,
          51.4727922
        ]
      },
      "properties": {
        "highway": "elevator",
        "indoor": "yes",
        "level": "0;1;1.5;2;2.5;3",
        "osm_id": 10957568132,
        "osm_type": "node"
      }
    },
    {
      "type": "Feature",
      "geometry": {
        "type": "Point",
        "coordinates": [
          -0.4883977,
          51.4717265
        ]
      },
      "properties": {
        "highway": "elevator",
        "indoor": "yes",
        "level": "0;1",
        "level_ref": "0",
        "osm_id": 10957651633,
        "osm_type": "node"
      }
    },
    {
      "type": "Feature",
      "geometry": {
        "type": "Point",
        "coordinates": [
          -0.4883964,
          51.4716451
        ]
      },
      "properties": {
        "highway": "elevator",
        "indoor": "yes",
        "level": "0;1",
        "level_ref": "0",
        "osm_id": 10957651636,
        "osm_type": "node"
      }
    },
    {
      "type": "Feature",
      "geometry": {
        "type": "Point",
        "coordinates": [
          -0.4885382,
          51.4730886
        ]
      },
      "properties": {
        "highway": "elevator",
        "indoor": "yes",
        "level": "0;1",
        "level_ref": "0",
        "osm_id": 10957651647,
        "osm_type": "node"
      }
    },
    {
      "type": "Feature",
      "geometry": {
        "type": "Point",
        "coordinates": [
          -0.4884961,
          51.473088
        ]
      },
      "properties": {
        "highway": "elevator",
        "indoor": "yes",
        "level": "0;1",
        "level_ref": "0",
        "osm_id": 10957651657,
        "osm_type": "node"
      }
    },
    {
      "type": "Feature",
      "geometry": {
        "type": "Point",
        "coordinates": [
          -0.4763245,
          51.4715616
        ]
      },
      "properties": {
        "highway": "elevator",
        "indoor": "yes",
        "level": "1;2",
        "osm_id": 10957888651,
        "osm_type": "node"
      }
    },
    {
      "type": "Feature",
      "geometry": {
        "type": "Point",
        "coordinates": [
          -0.4758721,
          51.4720436
        ]
      },
      "properties": {
        "highway": "elevator",
        "indoor": "yes",
        "level": "1;2",
        "osm_id": 10957888655,
        "osm_type": "node"
      }
    },
    {
      "type": "Feature",
      "geometry": {
        "type": "Point",
        "coordinates": [
          -0.4758679,
          51.4715683
        ]
      },
      "properties": {
        "highway": "elevator",
        "indoor": "yes",
        "level": "1;2",
        "osm_id": 10957888663,
        "osm_type": "node"
      }
    },
    {
      "type": "Feature",
      "geometry": {
        "type": "Point",
        "coordinates": [
          -0.4758661,
          51.4712157
        ]
      },
      "properties": {
        "highway": "elevator",
        "indoor": "yes",
        "level": "1;2",
        "osm_id": 10957888677,
        "osm_type": "node"
      }
    },
    {
      "type": "Feature",
      "geometry": {
        "type": "Point",
        "coordinates": [
          -0.475863,
          51.4707149
        ]
      },
      "properties": {
        "highway": "elevator",
        "indoor": "yes",
        "level": "1;2",
        "osm_id": 10957888679,
        "osm_type": "node"
      }
    },
    {
      "type": "Feature",
      "geometry": {
        "type": "Point",
        "coordinates": [
          -0.47632,
          51.4706961
        ]
      },
      "properties": {
        "highway": "elevator",
        "indoor": "yes",
        "level": "1;2",
        "osm_id": 10957888687,
        "osm_type": "node"
      }
    },
    {
      "type": "Feature",
      "geometry": {
        "type": "Point",
        "coordinates": [
          -0.4758608,
          51.4703808
        ]
      },
      "properties": {
        "highway": "elevator",
        "indoor": "yes",
        "level": "1;2",
        "osm_id": 10957888696,
        "osm_type": "node"
      }
    },
    {
      "type": "Feature",
      "geometry": {
        "type": "Point",
        "coordinates": [
          -0.4758594,
          51.4699969
        ]
      },
      "properties": {
        "highway": "elevator",
        "indoor": "yes",
        "level": "1;2",
        "osm_id": 10957888704,
        "osm_type": "node"
      }
    },
    {
      "type": "Feature",
      "geometry": {
        "type": "Point",
        "coordinates": [
          -0.4763162,
          51.4699948
        ]
      },
      "properties": {
        "highway": "elevator",
        "indoor": "yes",
        "level": "1;2",
        "osm_id": 10957904511,
        "osm_type": "node"
      }
    },
    {
      "type": "Feature",
      "geometry": {
        "type": "Point",
        "coordinates": [
          -0.4763178,
          51.4702968
        ]
      },
      "properties": {
        "highway": "elevator",
        "indoor": "yes",
        "level": "1;2",
        "osm_id": 10957904517,
        "osm_type": "node"
      }
    },
    {
      "type": "Feature",
      "geometry": {
        "type": "Point",
        "coordinates": [
          -0.4869872,
          51.4711417
        ]
      },
      "properties": {
        "highway": "elevator",
        "indoor": "yes",
        "level": "-4;-2;1",
        "osm_id": 10958032240,
        "osm_type": "node"
      }
    },
    {
      "type": "Feature",
      "geometry": {
        "type": "Point",
        "coordinates": [
          -0.4869869,
          51.4711194
        ]
      },
      "properties": {
        "highway": "elevator",
        "indoor": "yes",
        "level": "-4;-2;1",
        "osm_id": 10958032241,
        "osm_type": "node"
      }
    },
    {
      "type": "Feature",
      "geometry": {
        "type": "Point",
        "coordinates": [
          -0.4869866,
          51.4710964
        ]
      },
      "properties": {
        "highway": "elevator",
        "indoor": "yes",
        "level": "-4;-2;1",
        "osm_id": 10958032242,
        "osm_type": "node"
      }
    },
    {
      "type": "Feature",
      "geometry": {
        "type": "Point",
        "coordinates": [
          -0.4869841,
          51.4710089
        ]
      },
      "properties": {
        "highway": "elevator",
        "indoor": "yes",
        "level": "-4;-2;2",
        "osm_id": 10958032243,
        "osm_type": "node"
      }
    },
    {
      "type": "Feature",
      "geometry": {
        "type": "Point",
        "coordinates": [
          -0.4869838,
          51.4709898
        ]
      },
      "properties": {
        "highway": "elevator",
        "indoor": "yes",
        "level": "-4;-2;2",
        "osm_id": 10958032244,
        "osm_type": "node"
      }
    },
    {
      "type": "Feature",
      "geometry": {
        "type": "Point",
        "coordinates": [
          -0.4869835,
          51.4709685
        ]
      },
      "properties": {
        "highway": "elevator",
        "indoor": "yes",
        "level": "-4;-2;2",
        "osm_id": 10958032245,
        "osm_type": "node"
      }
    },
    {
      "type": "Feature",
      "geometry": {
        "type": "Point",
        "coordinates": [
          -0.4869439,
          51.4706463
        ]
      },
      "properties": {
        "highway": "elevator",
        "indoor": "yes",
        "level": "0;1",
        "level_ref": "0",
        "osm_id": 10958032256,
        "osm_type": "node"
      }
    },
    {
      "type": "Feature",
      "geometry": {
        "type": "Point",
        "coordinates": [
          -0.4869432,
          51.4706827
        ]
      },
      "properties": {
        "highway": "elevator",
        "indoor": "yes",
        "level": "0;1",
        "level_ref": "0",
        "osm_id": 10958032259,
        "osm_type": "node"
      }
    },
    {
      "type": "Feature",
      "geometry": {
        "type": "Point",
        "coordinates": [
          -0.4869488,
          51.4707653
        ]
      },
      "properties": {
        "highway": "elevator",
        "indoor": "yes",
        "level": "-4;-2;0;1",
        "level_ref": "0",
        "osm_id": 10958032273,
        "osm_type": "node"
      }
    },
    {
      "type": "Feature",
      "geometry": {
        "type": "Point",
        "coordinates": [
          -0.4869508,
          51.4707291
        ]
      },
      "properties": {
        "highway": "elevator",
        "indoor": "yes",
        "level": "-4;-2;0;1",
        "level_ref": "0",
        "osm_id": 10958032274,
        "osm_type": "node"
      }
    },
    {
      "type": "Feature",
      "geometry": {
        "type": "Point",
        "coordinates": [
          -0.4869476,
          51.4708059
        ]
      },
      "properties": {
        "highway": "elevator",
        "indoor": "yes",
        "level": "-4;-2;0;1",
        "level_ref": "0",
        "osm_id": 10958032275,
        "osm_type": "node"
      }
    },
    {
      "type": "Feature",
      "geometry": {
        "type": "Point",
        "coordinates": [
          -0.4809249,
          51.4704729
        ]
      },
      "properties": {
        "highway": "elevator",
        "indoor": "yes",
        "level": "2;3",
        "osm_id": 10959349823,
        "osm_type": "node"
      }
    },
    {
      "type": "Feature",
      "geometry": {
        "type": "Point",
        "coordinates": [
          -0.4808916,
          51.4698495
        ]
      },
      "properties": {
        "highway": "elevator",
        "indoor": "yes",
        "level": "2;3",
        "osm_id": 10959349831,
        "osm_type": "node"
      }
    },
    {
      "type": "Feature",
      "geometry": {
        "type": "Point",
        "coordinates": [
          -0.4814351,
          51.4697174
        ]
      },
      "properties": {
        "highway": "elevator",
        "indoor": "yes",
        "level": "2;3",
        "osm_id": 10959349851,
        "osm_type": "node"
      }
    },
    {
      "type": "Feature",
      "geometry": {
        "type": "Point",
        "coordinates": [
          -0.4814354,
          51.469748
        ]
      },
      "properties": {
        "highway": "elevator",
        "indoor": "yes",
        "level": "2;3",
        "osm_id": 10959349853,
        "osm_type": "node"
      }
    },
    {
      "type": "Feature",
      "geometry": {
        "type": "Point",
        "coordinates": [
          -0.4814382,
          51.4701648
        ]
      },
      "properties": {
        "highway": "elevator",
        "indoor": "yes",
        "level": "2;3",
        "osm_id": 10959349867,
        "osm_type": "node"
      }
    },
    {
      "type": "Feature",
      "geometry": {
        "type": "Point",
        "coordinates": [
          -0.4814404,
          51.4704747
        ]
      },
      "properties": {
        "highway": "elevator",
        "indoor": "yes",
        "level": "2;3",
        "osm_id": 10959349874,
        "osm_type": "node"
      }
    },
    {
      "type": "Feature",
      "geometry": {
        "type": "Point",
        "coordinates": [
          -0.4809382,
          51.4708937
        ]
      },
      "properties": {
        "highway": "elevator",
        "indoor": "yes",
        "level": "2;3",
        "osm_id": 10959349883,
        "osm_type": "node"
      }
    },
    {
      "type": "Feature",
      "geometry": {
        "type": "Point",
        "coordinates": [
          -0.4809434,
          51.4714388
        ]
      },
      "properties": {
        "highway": "elevator",
        "indoor": "yes",
        "level": "2;3",
        "osm_id": 10959349891,
        "osm_type": "node"
      }
    },
    {
      "type": "Feature",
      "geometry": {
        "type": "Point",
        "coordinates": [
          -0.4809499,
          51.4719935
        ]
      },
      "properties": {
        "highway": "elevator",
        "indoor": "yes",
        "level": "2;3",
        "osm_id": 10959349899,
        "osm_type": "node"
      }
    },
    {
      "type": "Feature",
      "geometry": {
        "type": "Point",
        "coordinates": [
          -0.4814854,
          51.4717186
        ]
      },
      "properties": {
        "highway": "elevator",
        "indoor": "yes",
        "level": "2;3",
        "osm_id": 10959349900,
        "osm_type": "node"
      }
    },
    {
      "type": "Feature",
      "geometry": {
        "type": "Point",
        "coordinates": [
          -0.4814915,
          51.4719993
        ]
      },
      "properties": {
        "highway": "elevator",
        "indoor": "yes",
        "level": "2;3",
        "osm_id": 10959358908,
        "osm_type": "node"
      }
    },
    {
      "type": "Feature",
      "geometry": {
        "type": "Point",
        "coordinates": [
          -0.4814788,
          51.4714171
        ]
      },
      "properties": {
        "highway": "elevator",
        "indoor": "yes",
        "level": "2;3",
        "osm_id": 10959358916,
        "osm_type": "node"
      }
    },
    {
      "type": "Feature",
      "geometry": {
        "type": "Point",
        "coordinates": [
          -0.4809648,
          51.4697315
        ]
      },
      "properties": {
        "highway": "elevator",
        "indoor": "yes",
        "level": "2;3",
        "osm_id": 10959358927,
        "osm_type": "node"
      }
    },
    {
      "type": "Feature",
      "geometry": {
        "type": "Point",
        "coordinates": [
          -0.481446,
          51.4709783
        ]
      },
      "properties": {
        "highway": "elevator",
        "indoor": "yes",
        "level": "2;3",
        "osm_id": 10959358942,
        "osm_type": "node"
      }
    },
    {
      "type": "Feature",
      "geometry": {
        "type": "Point",
        "coordinates": [
          -0.4814699,
          51.4710081
        ]
      },
      "properties": {
        "highway": "elevator",
        "indoor": "yes",
        "level": "2;3",
        "osm_id": 10959358943,
        "osm_type": "node"
      }
    },
    {
      "type": "Feature",
      "geometry": {
        "type": "Point",
        "coordinates": [
          -0.4811105,
          51.4715461
        ]
      },
      "properties": {
        "highway": "elevator",
        "indoor": "yes",
        "level": "-2;2",
        "osm_id": 10959358946,
        "osm_type": "node"
      }
    },
    {
      "type": "Feature",
      "geometry": {
        "type": "Point",
        "coordinates": [
          -0.4811092,
          51.4715248
        ]
      },
      "properties": {
        "highway": "elevator",
        "indoor": "yes",
        "level": "-2;2",
        "osm_id": 10959358955,
        "osm_type": "node"
      }
    },
    {
      "type": "Feature",
      "geometry": {
        "type": "Point",
        "coordinates": [
          -0.4814928,
          51.4706507
        ]
      },
      "properties": {
        "highway": "elevator",
        "indoor": "yes",
        "level": "-4;-2;0;2",
        "osm_id": 10959358975,
        "osm_type": "node"
      }
    },
    {
      "type": "Feature",
      "geometry": {
        "type": "Point",
        "coordinates": [
          -0.4814928,
          51.4706424
        ]
      },
      "properties": {
        "highway": "elevator",
        "indoor": "yes",
        "level": "-4;-2;0;2",
        "osm_id": 10959358977,
        "osm_type": "node"
      }
    },
    {
      "type": "Feature",
      "geometry": {
        "type": "Point",
        "coordinates": [
          -0.4814927,
          51.4706294
        ]
      },
      "properties": {
        "highway": "elevator",
        "indoor": "yes",
        "level": "-4;-2;0;2",
        "osm_id": 10959358979,
        "osm_type": "node"
      }
    },
    {
      "type": "Feature",
      "geometry": {
        "type": "Point",
        "coordinates": [
          -0.4810441,
          51.4712007
        ]
      },
      "properties": {
        "highway": "elevator",
        "indoor": "yes",
        "level": "-4;-2;0;1;2",
        "osm_id": 10959358993,
        "osm_type": "node"
      }
    },
    {
      "type": "Feature",
      "geometry": {
        "type": "Point",
        "coordinates": [
          -0.4810159,
          51.4707801
        ]
      },
      "properties": {
        "highway": "elevator",
        "indoor": "yes",
        "level": "-4;-2;0;1;2",
        "osm_id": 10959358996,
        "osm_type": "node"
      }
    },
    {
      "type": "Feature",
      "geometry": {
        "type": "Point",
        "coordinates": [
          -0.4810205,
          51.4709729
        ]
      },
      "properties": {
        "highway": "elevator",
        "indoor": "yes",
        "level": "-4;-2;-1;0;1",
        "osm_id": 10959359025,
        "osm_type": "node"
      }
    },
    {
      "type": "Feature",
      "geometry": {
        "type": "Point",
        "coordinates": [
          -0.4810199,
          51.4710248
        ]
      },
      "properties": {
        "highway": "elevator",
        "indoor": "yes",
        "level": "-4;-2;-1;0;1",
        "osm_id": 10959359026,
        "osm_type": "node"
      }
    },
    {
      "type": "Feature",
      "geometry": {
        "type": "Point",
        "coordinates": [
          -0.4810205,
          51.4709372
        ]
      },
      "properties": {
        "highway": "elevator",
        "indoor": "yes",
        "level": "-4;-2;-1;0;1",
        "osm_id": 10959359027,
        "osm_type": "node"
      }
    },
    {
      "type": "Feature",
      "geometry": {
        "type": "Point",
        "coordinates": [
          -0.4810194,
          51.4710583
        ]
      },
      "properties": {
        "highway": "elevator",
        "indoor": "yes",
        "level": "-4;-2;-1;0;1",
        "osm_id": 10959359028,
        "osm_type": "node"
      }
    },
    {
      "type": "Feature",
      "geometry": {
        "type": "Point",
        "coordinates": [
          -0.4869517,
          51.4711872
        ]
      },
      "properties": {
        "highway": "elevator",
        "indoor": "yes",
        "level": "0;1",
        "level_ref": "0",
        "osm_id": 10959383324,
        "osm_type": "node"
      }
    },
    {
      "type": "Feature",
      "geometry": {
        "type": "Point",
        "coordinates": [
          -0.488197,
          51.4730495
        ]
      },
      "properties": {
        "highway": "elevator",
        "indoor": "yes",
        "level": "1;2",
        "osm_id": 10959495148,
        "osm_type": "node"
      }
    },
    {
      "type": "Feature",
      "geometry": {
        "type": "Point",
        "coordinates": [
          -0.4882153,
          51.4730498
        ]
      },
      "properties": {
        "highway": "elevator",
        "indoor": "yes",
        "level": "1;2",
        "osm_id": 10959495149,
        "osm_type": "node"
      }
    },
    {
      "type": "Feature",
      "geometry": {
        "type": "Point",
        "coordinates": [
          -0.4876085,
          51.4728895
        ]
      },
      "properties": {
        "highway": "elevator",
        "indoor": "yes",
        "level": "2;3",
        "osm_id": 10959495168,
        "osm_type": "node"
      }
    },
    {
      "type": "Feature",
      "geometry": {
        "type": "Point",
        "coordinates": [
          -0.4876082,
          51.4728651
        ]
      },
      "properties": {
        "highway": "elevator",
        "indoor": "yes",
        "level": "2;3",
        "osm_id": 10959495169,
        "osm_type": "node"
      }
    },
    {
      "type": "Feature",
      "geometry": {
        "type": "Point",
        "coordinates": [
          -0.4880641,
          51.4716964
        ]
      },
      "properties": {
        "highway": "elevator",
        "indoor": "yes",
        "level": "2;3",
        "osm_id": 10959495192,
        "osm_type": "node"
      }
    },
    {
      "type": "Feature",
      "geometry": {
        "type": "Point",
        "coordinates": [
          -0.4880641,
          51.4716701
        ]
      },
      "properties": {
        "highway": "elevator",
        "indoor": "yes",
        "level": "2;3",
        "osm_id": 10959495193,
        "osm_type": "node"
      }
    },
    {
      "type": "Feature",
      "geometry": {
        "type": "Point",
        "coordinates": [
          -0.4880641,
          51.4716467
        ]
      },
      "properties": {
        "highway": "elevator",
        "indoor": "yes",
        "level": "2;3",
        "osm_id": 10959495194,
        "osm_type": "node"
      }
    },
    {
      "type": "Feature",
      "geometry": {
        "type": "Point",
        "coordinates": [
          -0.4877598,
          51.4704913
        ]
      },
      "properties": {
        "highway": "elevator",
        "indoor": "yes",
        "level": "3;4",
        "osm_id": 10959500016,
        "osm_type": "node"
      }
    },
    {
      "type": "Feature",
      "geometry": {
        "type": "Point",
        "coordinates": [
          -0.487827,
          51.4704914
        ]
      },
      "properties": {
        "highway": "elevator",
        "indoor": "yes",
        "level": "3;4",
        "osm_id": 10959500017,
        "osm_type": "node"
      }
    },
    {
      "type": "Feature",
      "geometry": {
        "type": "Point",
        "coordinates": [
          -0.4877609,
          51.4701565
        ]
      },
      "properties": {
        "highway": "elevator",
        "indoor": "yes",
        "level": "2;3",
        "osm_id": 10959500018,
        "osm_type": "node"
      }
    },
    {
      "type": "Feature",
      "geometry": {
        "type": "Point",
        "coordinates": [
          -0.487828,
          51.4701574
        ]
      },
      "properties": {
        "highway": "elevator",
        "indoor": "yes",
        "level": "2;3",
        "osm_id": 10959500019,
        "osm_type": "node"
      }
    },
    {
      "type": "Feature",
      "geometry": {
        "type": "Point",
        "coordinates": [
          -0.4880109,
          51.4732463
        ]
      },
      "properties": {
        "highway": "elevator",
        "indoor": "yes",
        "level": "1;2",
        "osm_id": 10959821611,
        "osm_type": "node"
      }
    },
    {
      "type": "Feature",
      "geometry": {
        "type": "Point",
        "coordinates": [
          -0.4880539,
          51.4732462
        ]
      },
      "properties": {
        "highway": "elevator",
        "indoor": "yes",
        "level": "1;2",
        "osm_id": 10959821613,
        "osm_type": "node"
      }
    },
    {
      "type": "Feature",
      "geometry": {
        "type": "Point",
        "coordinates": [
          -0.4875282,
          51.4732469
        ]
      },
      "properties": {
        "highway": "elevator",
        "indoor": "yes",
        "level": "1;2",
        "osm_id": 10959821617,
        "osm_type": "node"
      }
    },
    {
      "type": "Feature",
      "geometry": {
        "type": "Point",
        "coordinates": [
          -0.4883565,
          51.4732457
        ]
      },
      "properties": {
        "highway": "elevator",
        "indoor": "yes",
        "level": "1;2",
        "osm_id": 10959821619,
        "osm_type": "node"
      }
    },
    {
      "type": "Feature",
      "geometry": {
        "type": "Point",
        "coordinates": [
          -0.4886568,
          51.4732464
        ]
      },
      "properties": {
        "highway": "elevator",
        "indoor": "yes",
        "level": "1;2",
        "osm_id": 10959821621,
        "osm_type": "node"
      }
    },
    {
      "type": "Feature",
      "geometry": {
        "type": "Point",
        "coordinates": [
          -0.4889817,
          51.4732454
        ]
      },
      "properties": {
        "highway": "elevator",
        "indoor": "yes",
        "level": "1;2",
        "osm_id": 10959821625,
        "osm_type": "node"
      }
    },
    {
      "type": "Feature",
      "geometry": {
        "type": "Point",
        "coordinates": [
          -0.4868182,
          51.4721557
        ]
      },
      "properties": {
        "highway": "elevator",
        "indoor": "yes",
        "level": "1;2",
        "osm_id": 10959821658,
        "osm_type": "node"
      }
    },
    {
      "type": "Feature",
      "geometry": {
        "type": "Point",
        "coordinates": [
          -0.4868054,
          51.4724949
        ]
      },
      "properties": {
        "highway": "elevator",
        "indoor": "yes",
        "level": "1;2",
        "osm_id": 10959821659,
        "osm_type": "node"
      }
    },
    {
      "type": "Feature",
      "geometry": {
        "type": "Point",
        "coordinates": [
          -0.4867849,
          51.4717459
        ]
      },
      "properties": {
        "highway": "elevator",
        "indoor": "yes",
        "level": "1;2",
        "osm_id": 10959821661,
        "osm_type": "node"
      }
    },
    {
      "type": "Feature",
      "geometry": {
        "type": "Point",
        "coordinates": [
          -0.4874034,
          51.4732474
        ]
      },
      "properties": {
        "highway": "elevator",
        "indoor": "yes",
        "level": "1;2",
        "osm_id": 10959821662,
        "osm_type": "node"
      }
    },
    {
      "type": "Feature",
      "geometry": {
        "type": "Point",
        "coordinates": [
          -0.487728,
          51.4732463
        ]
      },
      "properties": {
        "highway": "elevator",
        "indoor": "yes",
        "level": "1;2",
        "osm_id": 10959821663,
        "osm_type": "node"
      }
    },
    {
      "type": "Feature",
      "geometry": {
        "type": "Point",
        "coordinates": [
          -0.4869963,
          51.4723195
        ]
      },
      "properties": {
        "highway": "elevator",
        "indoor": "yes",
        "level": "0;2",
        "level_ref": "0",
        "osm_id": 10959821701,
        "osm_type": "node"
      }
    },
    {
      "type": "Feature",
      "geometry": {
        "type": "Point",
        "coordinates": [
          -0.486996,
          51.4723039
        ]
      },
      "properties": {
        "highway": "elevator",
        "indoor": "yes",
        "level": "0;2",
        "level_ref": "0",
        "osm_id": 10959821702,
        "osm_type": "node"
      }
    },
    {
      "type": "Feature",
      "geometry": {
        "type": "Point",
        "coordinates": [
          -0.486792,
          51.4708401
        ]
      },
      "properties": {
        "highway": "elevator",
        "indoor": "yes",
        "level": "1;2",
        "osm_id": 10959821723,
        "osm_type": "node"
      }
    },
    {
      "type": "Feature",
      "geometry": {
        "type": "Point",
        "coordinates": [
          -0.4867901,
          51.470559
        ]
      },
      "properties": {
        "highway": "elevator",
        "indoor": "yes",
        "level": "1;2",
        "osm_id": 10959821724,
        "osm_type": "node"
      }
    },
    {
      "type": "Feature",
      "geometry": {
        "type": "Point",
        "coordinates": [
          -0.4868105,
          51.4710482
        ]
      },
      "properties": {
        "highway": "elevator",
        "indoor": "yes",
        "level": "1;2",
        "osm_id": 10959821728,
        "osm_type": "node"
      }
    },
    {
      "type": "Feature",
      "geometry": {
        "type": "Point",
        "coordinates": [
          -0.4886113,
          51.469911
        ]
      },
      "properties": {
        "highway": "elevator",
        "indoor": "yes",
        "level": "1;2",
        "osm_id": 10959821784,
        "osm_type": "node"
      }
    },
    {
      "type": "Feature",
      "geometry": {
        "type": "Point",
        "coordinates": [
          -0.4873614,
          51.4699146
        ]
      },
      "properties": {
        "highway": "elevator",
        "indoor": "yes",
        "level": "1;2",
        "osm_id": 10959821786,
        "osm_type": "node"
      }
    },
    {
      "type": "Feature",
      "geometry": {
        "type": "Point",
        "coordinates": [
          -0.4869309,
          51.4699167
        ]
      },
      "properties": {
        "highway": "elevator",
        "indoor": "yes",
        "level": "1;2",
        "osm_id": 10959821788,
        "osm_type": "node"
      }
    },
    {
      "type": "Feature",
      "geometry": {
        "type": "Point",
        "coordinates": [
          -0.4881815,
          51.4699114
        ]
      },
      "properties": {
        "highway": "elevator",
        "indoor": "yes",
        "level": "1;2",
        "osm_id": 10959821790,
        "osm_type": "node"
      }
    },
    {
      "type": "Feature",
      "geometry": {
        "type": "Point",
        "coordinates": [
          -0.4890123,
          51.4699103
        ]
      },
      "properties": {
        "highway": "elevator",
        "indoor": "yes",
        "level": "1;2",
        "osm_id": 10959821792,
        "osm_type": "node"
      }
    },
    {
      "type": "Feature",
      "geometry": {
        "type": "Point",
        "coordinates": [
          -0.4878087,
          51.4699125
        ]
      },
      "properties": {
        "highway": "elevator",
        "indoor": "yes",
        "level": "1;2",
        "osm_id": 10959821799,
        "osm_type": "node"
      }
    },
    {
      "type": "Feature",
      "geometry": {
        "type": "Point",
        "coordinates": [
          -0.4506557,
          51.4685592
        ]
      },
      "properties": {
        "highway": "elevator",
        "indoor": "yes",
        "level": "1;4",
        "osm_id": 10960142949,
        "osm_type": "node"
      }
    },
    {
      "type": "Feature",
      "geometry": {
        "type": "Point",
        "coordinates": [
          -0.4513414,
          51.4685573
        ]
      },
      "properties": {
        "highway": "elevator",
        "indoor": "yes",
        "level": "1;4",
        "osm_id": 10960142951,
        "osm_type": "node"
      }
    },
    {
      "type": "Feature",
      "geometry": {
        "type": "Point",
        "coordinates": [
          -0.4514171,
          51.4684818
        ]
      },
      "properties": {
        "highway": "elevator",
        "indoor": "yes",
        "level": "1;4",
        "osm_id": 10960142956,
        "osm_type": "node"
      }
    },
    {
      "type": "Feature",
      "geometry": {
        "type": "Point",
        "coordinates": [
          -0.4507358,
          51.468474
        ]
      },
      "properties": {
        "highway": "elevator",
        "indoor": "yes",
        "level": "1;4",
        "osm_id": 10960142959,
        "osm_type": "node"
      }
    },
    {
      "type": "Feature",
      "geometry": {
        "type": "Point",
        "coordinates": [
          -0.4492968,
          51.4686911
        ]
      },
      "properties": {
        "highway": "elevator",
        "indoor": "yes",
        "level": "1;4",
        "osm_id": 10960142998,
        "osm_type": "node"
      }
    },
    {
      "type": "Feature",
      "geometry": {
        "type": "Point",
        "coordinates": [
          -0.4489803,
          51.4703803
        ]
      },
      "properties": {
        "highway": "elevator",
        "indoor": "yes",
        "level": "1;4",
        "osm_id": 10960145307,
        "osm_type": "node"
      }
    },
    {
      "type": "Feature",
      "geometry": {
        "type": "Point",
        "coordinates": [
          -0.4490541,
          51.4703795
        ]
      },
      "properties": {
        "highway": "elevator",
        "indoor": "yes",
        "level": "1;4",
        "osm_id": 10960145308,
        "osm_type": "node"
      }
    },
    {
      "type": "Feature",
      "geometry": {
        "type": "Point",
        "coordinates": [
          -0.4485991,
          51.470043
        ]
      },
      "properties": {
        "highway": "elevator",
        "indoor": "yes",
        "level": "4;5",
        "osm_id": 10960145311,
        "osm_type": "node"
      }
    },
    {
      "type": "Feature",
      "geometry": {
        "type": "Point",
        "coordinates": [
          -0.4485528,
          51.4693345
        ]
      },
      "properties": {
        "highway": "elevator",
        "indoor": "yes",
        "level": "4;5",
        "osm_id": 10960145322,
        "osm_type": "node"
      }
    },
    {
      "type": "Feature",
      "geometry": {
        "type": "Point",
        "coordinates": [
          -0.4498608,
          51.4689727
        ]
      },
      "properties": {
        "highway": "elevator",
        "indoor": "yes",
        "level": "4;1",
        "osm_id": 10960145345,
        "osm_type": "node"
      }
    },
    {
      "type": "Feature",
      "geometry": {
        "type": "Point",
        "coordinates": [
          -0.4499208,
          51.4689376
        ]
      },
      "properties": {
        "highway": "elevator",
        "indoor": "yes",
        "level": "0;1;4",
        "osm_id": 10960145346,
        "osm_type": "node"
      }
    },
    {
      "type": "Feature",
      "geometry": {
        "type": "Point",
        "coordinates": [
          -0.4498601,
          51.4690111
        ]
      },
      "properties": {
        "highway": "elevator",
        "indoor": "yes",
        "level": "4;1",
        "osm_id": 10960145347,
        "osm_type": "node"
      }
    },
    {
      "type": "Feature",
      "geometry": {
        "type": "Point",
        "coordinates": [
          -0.4498608,
          51.4689388
        ]
      },
      "properties": {
        "highway": "elevator",
        "indoor": "yes",
        "level": "0;1;4",
        "osm_id": 10960145348,
        "osm_type": "node"
      }
    },
    {
      "type": "Feature",
      "geometry": {
        "type": "Point",
        "coordinates": [
          -0.4484399,
          51.4689704
        ]
      },
      "properties": {
        "highway": "elevator",
        "indoor": "yes",
        "level": "0;1;4",
        "osm_id": 10960145361,
        "osm_type": "node"
      }
    },
    {
      "type": "Feature",
      "geometry": {
        "type": "Point",
        "coordinates": [
          -0.4485401,
          51.469022
        ]
      },
      "properties": {
        "highway": "elevator",
        "indoor": "yes",
        "level": "0;1;4",
        "osm_id": 10960145363,
        "osm_type": "node"
      }
    },
    {
      "type": "Feature",
      "geometry": {
        "type": "Point",
        "coordinates": [
          -0.4476332,
          51.4690308
        ]
      },
      "properties": {
        "highway": "elevator",
        "indoor": "yes",
        "level": "1;4",
        "osm_id": 10960145375,
        "osm_type": "node"
      }
    },
    {
      "type": "Feature",
      "geometry": {
        "type": "Point",
        "coordinates": [
          -0.4475423,
          51.4690701
        ]
      },
      "properties": {
        "highway": "elevator",
        "indoor": "yes",
        "level": "1;4",
        "osm_id": 10960145376,
        "osm_type": "node"
      }
    },
    {
      "type": "Feature",
      "geometry": {
        "type": "Point",
        "coordinates": [
          -0.4480594,
          51.4694514
        ]
      },
      "properties": {
        "highway": "elevator",
        "indoor": "yes",
        "level": "0;4",
        "osm_id": 10960145380,
        "osm_type": "node"
      }
    },
    {
      "type": "Feature",
      "geometry": {
        "type": "Point",
        "coordinates": [
          -0.4480582,
          51.4694848
        ]
      },
      "properties": {
        "highway": "elevator",
        "indoor": "yes",
        "level": "0;4",
        "osm_id": 10960145383,
        "osm_type": "node"
      }
    },
    {
      "type": "Feature",
      "geometry": {
        "type": "Point",
        "coordinates": [
          -0.4476951,
          51.4698769
        ]
      },
      "properties": {
        "highway": "elevator",
        "indoor": "yes",
        "level": "1;4",
        "osm_id": 10960145388,
        "osm_type": "node"
      }
    },
    {
      "type": "Feature",
      "geometry": {
        "type": "Point",
        "coordinates": [
          -0.4475563,
          51.4698389
        ]
      },
      "properties": {
        "highway": "elevator",
        "indoor": "yes",
        "level": "1;4",
        "osm_id": 10960145391,
        "osm_type": "node"
      }
    },
    {
      "type": "Feature",
      "geometry": {
        "type": "Point",
        "coordinates": [
          -0.4479004,
          51.4700436
        ]
      },
      "properties": {
        "highway": "elevator",
        "indoor": "yes",
        "level": "0;1",
        "osm_id": 10960145416,
        "osm_type": "node"
      }
    },
    {
      "type": "Feature",
      "geometry": {
        "type": "Point",
        "coordinates": [
          -0.4478994,
          51.4700796
        ]
      },
      "properties": {
        "highway": "elevator",
        "indoor": "yes",
        "level": "0;1",
        "osm_id": 10960145421,
        "osm_type": "node"
      }
    },
    {
      "type": "Feature",
      "geometry": {
        "type": "Point",
        "coordinates": [
          -0.4472078,
          51.4705781
        ]
      },
      "properties": {
        "highway": "elevator",
        "indoor": "yes",
        "level": "-2;-1;0;4",
        "osm_id": 10960145460,
        "osm_type": "node"
      }
    },
    {
      "type": "Feature",
      "geometry": {
        "type": "Point",
        "coordinates": [
          -0.4473651,
          51.4703636
        ]
      },
      "properties": {
        "highway": "elevator",
        "indoor": "yes",
        "level": "-1;0;1",
        "osm_id": 10960145469,
        "osm_type": "node"
      }
    },
    {
      "type": "Feature",
      "geometry": {
        "type": "Point",
        "coordinates": [
          -0.4471349,
          51.4704864
        ]
      },
      "properties": {
        "highway": "elevator",
        "indoor": "yes",
        "level": "-2;-1;0;4",
        "osm_id": 10960145471,
        "osm_type": "node"
      }
    },
    {
      "type": "Feature",
      "geometry": {
        "type": "Point",
        "coordinates": [
          -0.4471346,
          51.470464
        ]
      },
      "properties": {
        "highway": "elevator",
        "indoor": "yes",
        "level": "-2;-1;0;4",
        "osm_id": 10960145472,
        "osm_type": "node"
      }
    },
    {
      "type": "Feature",
      "geometry": {
        "type": "Point",
        "coordinates": [
          -0.4562612,
          51.470306
        ]
      },
      "properties": {
        "highway": "elevator",
        "indoor": "yes",
        "level": "-1;0;1",
        "osm_id": 10960173462,
        "osm_type": "node"
      }
    },
    {
      "type": "Feature",
      "geometry": {
        "type": "Point",
        "coordinates": [
          -0.4562894,
          51.4703302
        ]
      },
      "properties": {
        "highway": "elevator",
        "indoor": "yes",
        "level": "-1;0",
        "osm_id": 10960173463,
        "osm_type": "node"
      }
    },
    {
      "type": "Feature",
      "geometry": {
        "type": "Point",
        "coordinates": [
          -0.4563269,
          51.470362
        ]
      },
      "properties": {
        "highway": "elevator",
        "indoor": "yes",
        "level": "-1;0",
        "osm_id": 10960173464,
        "osm_type": "node"
      }
    },
    {
      "type": "Feature",
      "geometry": {
        "type": "Point",
        "coordinates": [
          -0.4563645,
          51.4703929
        ]
      },
      "properties": {
        "highway": "elevator",
        "indoor": "yes",
        "level": "-1;0",
        "osm_id": 10960173465,
        "osm_type": "node"
      }
    },
    {
      "type": "Feature",
      "geometry": {
        "type": "Point",
        "coordinates": [
          -0.4572868,
          51.4700629
        ]
      },
      "properties": {
        "highway": "elevator",
        "indoor": "yes",
        "level": "0;1",
        "osm_id": 10960173478,
        "osm_type": "node"
      }
    },
    {
      "type": "Feature",
      "geometry": {
        "type": "Point",
        "coordinates": [
          -0.457327,
          51.4700967
        ]
      },
      "properties": {
        "highway": "elevator",
        "indoor": "yes",
        "level": "0;1",
        "osm_id": 10960173479,
        "osm_type": "node"
      }
    },
    {
      "type": "Feature",
      "geometry": {
        "type": "Point",
        "coordinates": [
          -0.4570169,
          51.4698106
        ]
      },
      "properties": {
        "highway": "elevator",
        "indoor": "yes",
        "level": "0;1",
        "osm_id": 10960203686,
        "osm_type": "node"
      }
    },
    {
      "type": "Feature",
      "geometry": {
        "type": "Point",
        "coordinates": [
          -0.4429185,
          51.4690738
        ]
      },
      "properties": {
        "highway": "elevator",
        "indoor": "yes",
        "level": "1;2",
        "osm_id": 10961328587,
        "osm_type": "node"
      }
    },
    {
      "type": "Feature",
      "geometry": {
        "type": "Point",
        "coordinates": [
          -0.4432216,
          51.4690779
        ]
      },
      "properties": {
        "highway": "elevator",
        "indoor": "yes",
        "level": "1;2",
        "osm_id": 10961328588,
        "osm_type": "node"
      }
    },
    {
      "type": "Feature",
      "geometry": {
        "type": "Point",
        "coordinates": [
          -0.4429682,
          51.4735489
        ]
      },
      "properties": {
        "highway": "elevator",
        "indoor": "yes",
        "level": "1;2",
        "osm_id": 10961347105,
        "osm_type": "node"
      }
    },
    {
      "type": "Feature",
      "geometry": {
        "type": "Point",
        "coordinates": [
          -0.4425283,
          51.473188
        ]
      },
      "properties": {
        "highway": "elevator",
        "indoor": "yes",
        "level": "1;2",
        "osm_id": 10961347114,
        "osm_type": "node"
      }
    },
    {
      "type": "Feature",
      "geometry": {
        "type": "Point",
        "coordinates": [
          -0.4436736,
          51.4729775
        ]
      },
      "properties": {
        "highway": "elevator",
        "indoor": "yes",
        "level": "1;2",
        "osm_id": 10961347124,
        "osm_type": "node"
      }
    },
    {
      "type": "Feature",
      "geometry": {
        "type": "Point",
        "coordinates": [
          -0.4425216,
          51.4723919
        ]
      },
      "properties": {
        "highway": "elevator",
        "indoor": "yes",
        "level": "1;2",
        "osm_id": 10961347134,
        "osm_type": "node"
      }
    },
    {
      "type": "Feature",
      "geometry": {
        "type": "Point",
        "coordinates": [
          -0.4425162,
          51.4715875
        ]
      },
      "properties": {
        "highway": "elevator",
        "indoor": "yes",
        "level": "1;2",
        "osm_id": 10961347144,
        "osm_type": "node"
      }
    },
    {
      "type": "Feature",
      "geometry": {
        "type": "Point",
        "coordinates": [
          -0.4436561,
          51.4713786
        ]
      },
      "properties": {
        "highway": "elevator",
        "indoor": "yes",
        "level": "1;2",
        "osm_id": 10961347154,
        "osm_type": "node"
      }
    },
    {
      "type": "Feature",
      "geometry": {
        "type": "Point",
        "coordinates": [
          -0.4425417,
          51.4706995
        ]
      },
      "properties": {
        "highway": "elevator",
        "indoor": "yes",
        "level": "1;2",
        "osm_id": 10961347167,
        "osm_type": "node"
      }
    },
    {
      "type": "Feature",
      "geometry": {
        "type": "Point",
        "coordinates": [
          -0.4436669,
          51.4704973
        ]
      },
      "properties": {
        "highway": "elevator",
        "indoor": "yes",
        "level": "1;2",
        "osm_id": 10961347177,
        "osm_type": "node"
      }
    },
    {
      "type": "Feature",
      "geometry": {
        "type": "Point",
        "coordinates": [
          -0.4425377,
          51.469905
        ]
      },
      "properties": {
        "highway": "elevator",
        "indoor": "yes",
        "level": "1;2",
        "osm_id": 10961347187,
        "osm_type": "node"
      }
    },
    {
      "type": "Feature",
      "geometry": {
        "type": "Point",
        "coordinates": [
          -0.4436427,
          51.4696878
        ]
      },
      "properties": {
        "highway": "elevator",
        "indoor": "yes",
        "level": "1;2",
        "osm_id": 10961347197,
        "osm_type": "node"
      }
    },
    {
      "type": "Feature",
      "geometry": {
        "type": "Point",
        "coordinates": [
          -0.4432528,
          51.4735529
        ]
      },
      "properties": {
        "highway": "elevator",
        "indoor": "yes",
        "level": "1;2",
        "osm_id": 10961347206,
        "osm_type": "node"
      }
    },
    {
      "type": "Feature",
      "geometry": {
        "type": "Point",
        "coordinates": [
          -0.4429873,
          51.471207
        ]
      },
      "properties": {
        "highway": "elevator",
        "indoor": "yes",
        "level": "1;-1",
        "osm_id": 10961347211,
        "osm_type": "node"
      }
    },
    {
      "type": "Feature",
      "geometry": {
        "type": "Point",
        "coordinates": [
          -0.4429843,
          51.4711844
        ]
      },
      "properties": {
        "highway": "elevator",
        "indoor": "yes",
        "level": "-1;1;2",
        "osm_id": 10961347213,
        "osm_type": "node"
      }
    },
    {
      "type": "Feature",
      "geometry": {
        "type": "Point",
        "coordinates": [
          -0.4429816,
          51.4711552
        ]
      },
      "properties": {
        "highway": "elevator",
        "indoor": "yes",
        "level": "-1",
        "osm_id": 10961347217,
        "osm_type": "node"
      }
    },
    {
      "type": "Feature",
      "geometry": {
        "type": "Point",
        "coordinates": [
          -0.4429802,
          51.4711117
        ]
      },
      "properties": {
        "highway": "elevator",
        "indoor": "yes",
        "level": "-1",
        "osm_id": 10961347218,
        "osm_type": "node"
      }
    },
    {
      "type": "Feature",
      "geometry": {
        "type": "Point",
        "coordinates": [
          -0.4430626,
          51.4707674
        ]
      },
      "properties": {
        "highway": "elevator",
        "indoor": "yes",
        "level": "-1;1;2",
        "osm_id": 10961347229,
        "osm_type": "node"
      }
    },
    {
      "type": "Feature",
      "geometry": {
        "type": "Point",
        "coordinates": [
          -0.443198,
          51.4709002
        ]
      },
      "properties": {
        "highway": "elevator",
        "indoor": "yes",
        "level": "2;-1",
        "osm_id": 10961347230,
        "osm_type": "node"
      }
    },
    {
      "type": "Feature",
      "geometry": {
        "type": "Point",
        "coordinates": [
          -0.4431757,
          51.4706551
        ]
      },
      "properties": {
        "highway": "elevator",
        "indoor": "yes",
        "level": "-1;-2",
        "osm_id": 10961347257,
        "osm_type": "node"
      }
    },
    {
      "type": "Feature",
      "geometry": {
        "type": "Point",
        "coordinates": [
          -0.4430607,
          51.4707229
        ]
      },
      "properties": {
        "highway": "elevator",
        "indoor": "yes",
        "level": "-1;-2;1;2",
        "osm_id": 10961347269,
        "osm_type": "node"
      }
    },
    {
      "type": "Feature",
      "geometry": {
        "type": "Point",
        "coordinates": [
          -0.4474645,
          51.4684788
        ]
      },
      "properties": {
        "highway": "elevator",
        "indoor": "yes",
        "level": "1;4",
        "osm_id": 10961347278,
        "osm_type": "node"
      }
    },
    {
      "type": "Feature",
      "geometry": {
        "type": "Point",
        "coordinates": [
          -0.4472282,
          51.4684777
        ]
      },
      "properties": {
        "highway": "elevator",
        "indoor": "yes",
        "level": "1;4",
        "osm_id": 10961347281,
        "osm_type": "node"
      }
    },
    {
      "type": "Feature",
      "geometry": {
        "type": "Point",
        "coordinates": [
          -0.4482696,
          51.4686817
        ]
      },
      "properties": {
        "highway": "elevator",
        "indoor": "yes",
        "level": "1;4",
        "osm_id": 10961347296,
        "osm_type": "node"
      }
    },
    {
      "type": "Feature",
      "geometry": {
        "type": "Point",
        "coordinates": [
          -0.4482703,
          51.4686577
        ]
      },
      "properties": {
        "highway": "elevator",
        "indoor": "yes",
        "level": "1;4",
        "osm_id": 10961347299,
        "osm_type": "node"
      }
    },
    {
      "type": "Feature",
      "geometry": {
        "type": "Point",
        "coordinates": [
          -0.4460996,
          51.4604581
        ]
      },
      "properties": {
        "highway": "elevator",
        "indoor": "yes",
        "level": "1;2",
        "osm_id": 10961355800,
        "osm_type": "node"
      }
    },
    {
      "type": "Feature",
      "geometry": {
        "type": "Point",
        "coordinates": [
          -0.4458158,
          51.4609374
        ]
      },
      "properties": {
        "highway": "elevator",
        "indoor": "yes",
        "level": "1;2",
        "osm_id": 10961355803,
        "osm_type": "node"
      }
    },
    {
      "type": "Feature",
      "geometry": {
        "type": "Point",
        "coordinates": [
          -0.4457966,
          51.4609644
        ]
      },
      "properties": {
        "highway": "elevator",
        "indoor": "yes",
        "level": "1;2",
        "osm_id": 10961355907,
        "osm_type": "node"
      }
    },
    {
      "type": "Feature",
      "geometry": {
        "type": "Point",
        "coordinates": [
          -0.4563859,
          51.471666
        ]
      },
      "properties": {
        "highway": "elevator",
        "indoor": "yes",
        "level": "2;3;4;5;6",
        "osm_id": 10961414960,
        "osm_type": "node"
      }
    },
    {
      "type": "Feature",
      "geometry": {
        "type": "Point",
        "coordinates": [
          -0.4563725,
          51.4716524
        ]
      },
      "properties": {
        "highway": "elevator",
        "indoor": "yes",
        "level": "2;3;4;5;6",
        "osm_id": 10961414961,
        "osm_type": "node"
      }
    },
    {
      "type": "Feature",
      "geometry": {
        "type": "Point",
        "coordinates": [
          -0.4563608,
          51.4716405
        ]
      },
      "properties": {
        "highway": "elevator",
        "indoor": "yes",
        "level": "0;1;2;3;4;5;6",
        "osm_id": 10961414962,
        "osm_type": "node"
      }
    },
    {
      "type": "Feature",
      "geometry": {
        "type": "Point",
        "coordinates": [
          -0.4563504,
          51.4716305
        ]
      },
      "properties": {
        "highway": "elevator",
        "indoor": "yes",
        "level": "0;1;2;3;4;5;6",
        "osm_id": 10961414963,
        "osm_type": "node"
      }
    },
    {
      "type": "Feature",
      "geometry": {
        "type": "Point",
        "coordinates": [
          -0.4563354,
          51.4716161
        ]
      },
      "properties": {
        "highway": "elevator",
        "indoor": "yes",
        "level": "0;2;3;4;5;6",
        "osm_id": 10961414964,
        "osm_type": "node"
      }
    },
    {
      "type": "Feature",
      "geometry": {
        "type": "Point",
        "coordinates": [
          -0.4556688,
          51.4713494
        ]
      },
      "properties": {
        "highway": "elevator",
        "indoor": "yes",
        "level": "-2;-1",
        "osm_id": 10961414986,
        "osm_type": "node"
      }
    },
    {
      "type": "Feature",
      "geometry": {
        "type": "Point",
        "coordinates": [
          -0.4556987,
          51.4713348
        ]
      },
      "properties": {
        "highway": "elevator",
        "indoor": "yes",
        "level": "-2;-1",
        "osm_id": 10961414987,
        "osm_type": "node"
      }
    },
    {
      "type": "Feature",
      "geometry": {
        "type": "Point",
        "coordinates": [
          -0.4557318,
          51.4713224
        ]
      },
      "properties": {
        "highway": "elevator",
        "indoor": "yes",
        "level": "-2;-1",
        "osm_id": 10961414988,
        "osm_type": "node"
      }
    },
    {
      "type": "Feature",
      "geometry": {
        "type": "Point",
        "coordinates": [
          -0.4557935,
          51.4712956
        ]
      },
      "properties": {
        "highway": "elevator",
        "indoor": "yes",
        "level": "-2;-1",
        "osm_id": 10961414989,
        "osm_type": "node"
      }
    },
    {
      "type": "Feature",
      "geometry": {
        "type": "Point",
        "coordinates": [
          -0.4555209,
          51.4707621
        ]
      },
      "properties": {
        "highway": "elevator",
        "indoor": "yes",
        "level": "-1;0;2;3;4;5;6",
        "osm_id": 10961414992,
        "osm_type": "node"
      }
    },
    {
      "type": "Feature",
      "geometry": {
        "type": "Point",
        "coordinates": [
          -0.4555494,
          51.4707869
        ]
      },
      "properties": {
        "highway": "elevator",
        "indoor": "yes",
        "level": "-1;0;2;3;4;5;6",
        "osm_id": 10961414995,
        "osm_type": "node"
      }
    },
    {
      "type": "Feature",
      "geometry": {
        "type": "Point",
        "coordinates": [
          -0.4573696,
          51.4718669
        ]
      },
      "properties": {
        "highway": "elevator",
        "indoor": "yes",
        "level": "0;1",
        "osm_id": 10961425030,
        "osm_type": "node"
      }
    },
    {
      "type": "Feature",
      "geometry": {
        "type": "Point",
        "coordinates": [
          -0.4573468,
          51.4718439
        ]
      },
      "properties": {
        "highway": "elevator",
        "indoor": "yes",
        "level": "0;1",
        "osm_id": 10961425031,
        "osm_type": "node"
      }
    },
    {
      "type": "Feature",
      "geometry": {
        "type": "Point",
        "coordinates": [
          -0.457324,
          51.4718205
        ]
      },
      "properties": {
        "highway": "elevator",
        "indoor": "yes",
        "level": "0;1",
        "osm_id": 10961425032,
        "osm_type": "node"
      }
    },
    {
      "type": "Feature",
      "geometry": {
        "type": "Point",
        "coordinates": [
          -0.4573032,
          51.4717992
        ]
      },
      "properties": {
        "highway": "elevator",
        "indoor": "yes",
        "level": "0;1",
        "osm_id": 10961425034,
        "osm_type": "node"
      }
    },
    {
      "type": "Feature",
      "geometry": {
        "type": "Point",
        "coordinates": [
          -0.4585397,
          51.4712943
        ]
      },
      "properties": {
        "highway": "elevator",
        "indoor": "yes",
        "level": "0;1;2",
        "osm_id": 10961425050,
        "osm_type": "node"
      }
    },
    {
      "type": "Feature",
      "geometry": {
        "type": "Point",
        "coordinates": [
          -0.4585759,
          51.4712784
        ]
      },
      "properties": {
        "highway": "elevator",
        "indoor": "yes",
        "level": "0;1;2",
        "osm_id": 10961425053,
        "osm_type": "node"
      }
    },
    {
      "type": "Feature",
      "geometry": {
        "type": "Point",
        "coordinates": [
          -0.4579939,
          51.470529
        ]
      },
      "properties": {
        "highway": "elevator",
        "indoor": "yes",
        "level": "0;1",
        "osm_id": 10961425060,
        "osm_type": "node"
      }
    },
    {
      "type": "Feature",
      "geometry": {
        "type": "Point",
        "coordinates": [
          -0.4579657,
          51.4705023
        ]
      },
      "properties": {
        "highway": "elevator",
        "indoor": "yes",
        "level": "0;1",
        "osm_id": 10961425061,
        "osm_type": "node"
      }
    },
    {
      "type": "Feature",
      "geometry": {
        "type": "Point",
        "coordinates": [
          -0.4574866,
          51.4701709
        ]
      },
      "properties": {
        "highway": "elevator",
        "indoor": "yes",
        "level": "0;1",
        "osm_id": 10961425095,
        "osm_type": "node"
      }
    },
    {
      "type": "Feature",
      "geometry": {
        "type": "Point",
        "coordinates": [
          -0.4574675,
          51.4701537
        ]
      },
      "properties": {
        "highway": "elevator",
        "indoor": "yes",
        "level": "0;1",
        "osm_id": 10961425096,
        "osm_type": "node"
      }
    },
    {
      "type": "Feature",
      "geometry": {
        "type": "Point",
        "coordinates": [
          -0.4516594,
          51.4693248
        ]
      },
      "properties": {
        "highway": "elevator",
        "indoor": "yes",
        "level": "0;1;2;4;5",
        "osm_id": 10962964807,
        "osm_type": "node"
      }
    },
    {
      "type": "Feature",
      "geometry": {
        "type": "Point",
        "coordinates": [
          -0.4516597,
          51.4693107
        ]
      },
      "properties": {
        "highway": "elevator",
        "indoor": "yes",
        "level": "0;1;2;4;5",
        "osm_id": 10962964808,
        "osm_type": "node"
      }
    },
    {
      "type": "Feature",
      "geometry": {
        "type": "Point",
        "coordinates": [
          -0.4516599,
          51.4693178
        ]
      },
      "properties": {
        "highway": "elevator",
        "indoor": "yes",
        "level": "0;1;2;4;5",
        "osm_id": 10962964809,
        "osm_type": "node"
      }
    },
    {
      "type": "Feature",
      "geometry": {
        "type": "Point",
        "coordinates": [
          -0.4516594,
          51.469299
        ]
      },
      "properties": {
        "highway": "elevator",
        "indoor": "yes",
        "level": "0;1;2;4;5",
        "osm_id": 10962964811,
        "osm_type": "node"
      }
    },
    {
      "type": "Feature",
      "geometry": {
        "type": "Point",
        "coordinates": [
          -0.451659,
          51.4692916
        ]
      },
      "properties": {
        "highway": "elevator",
        "indoor": "yes",
        "level": "0;1;2;4;5",
        "osm_id": 10962964812,
        "osm_type": "node"
      }
    },
    {
      "type": "Feature",
      "geometry": {
        "type": "Point",
        "coordinates": [
          -0.4516587,
          51.4692841
        ]
      },
      "properties": {
        "highway": "elevator",
        "indoor": "yes",
        "level": "0;1;2;4;5",
        "osm_id": 10962964813,
        "osm_type": "node"
      }
    },
    {
      "type": "Feature",
      "geometry": {
        "type": "Point",
        "coordinates": [
          -0.4516594,
          51.4693037
        ]
      },
      "properties": {
        "highway": "elevator",
        "indoor": "yes",
        "level": "0;1;2;4;5",
        "osm_id": 10962964814,
        "osm_type": "node"
      }
    },
    {
      "type": "Feature",
      "geometry": {
        "type": "Point",
        "coordinates": [
          -0.4516802,
          51.4698146
        ]
      },
      "properties": {
        "highway": "elevator",
        "indoor": "yes",
        "level": "-1;0;1;5",
        "osm_id": 10962964880,
        "osm_type": "node"
      }
    },
    {
      "type": "Feature",
      "geometry": {
        "type": "Point",
        "coordinates": [
          -0.4516809,
          51.4698417
        ]
      },
      "properties": {
        "highway": "elevator",
        "indoor": "yes",
        "level": "-1;0;1;5",
        "osm_id": 10962964881,
        "osm_type": "node"
      }
    },
    {
      "type": "Feature",
      "geometry": {
        "type": "Point",
        "coordinates": [
          -0.4516802,
          51.4698668
        ]
      },
      "properties": {
        "highway": "elevator",
        "indoor": "yes",
        "level": "-1;0;1;5",
        "osm_id": 10962964882,
        "osm_type": "node"
      }
    },
    {
      "type": "Feature",
      "geometry": {
        "type": "Point",
        "coordinates": [
          -0.4516789,
          51.4698977
        ]
      },
      "properties": {
        "highway": "elevator",
        "indoor": "yes",
        "level": "-1;0;1;5",
        "osm_id": 10962964883,
        "osm_type": "node"
      }
    },
    {
      "type": "Feature",
      "geometry": {
        "type": "Point",
        "coordinates": [
          -0.4514875,
          51.4702951
        ]
      },
      "properties": {
        "highway": "elevator",
        "indoor": "yes",
        "level": "0;1;5",
        "osm_id": 10963006223,
        "osm_type": "node"
      }
    },
    {
      "type": "Feature",
      "geometry": {
        "type": "Point",
        "coordinates": [
          -0.4514886,
          51.4703227
        ]
      },
      "properties": {
        "highway": "elevator",
        "indoor": "yes",
        "level": "0;1;5",
        "osm_id": 10963006226,
        "osm_type": "node"
      }
    },
    {
      "type": "Feature",
      "geometry": {
        "type": "Point",
        "coordinates": [
          -0.451451,
          51.4693898
        ]
      },
      "properties": {
        "highway": "elevator",
        "indoor": "yes",
        "level": "0;1;5",
        "osm_id": 10963006231,
        "osm_type": "node"
      }
    },
    {
      "type": "Feature",
      "geometry": {
        "type": "Point",
        "coordinates": [
          -0.451452,
          51.4694171
        ]
      },
      "properties": {
        "highway": "elevator",
        "indoor": "yes",
        "level": "0;1;5",
        "osm_id": 10963006232,
        "osm_type": "node"
      }
    },
    {
      "type": "Feature",
      "geometry": {
        "type": "Point",
        "coordinates": [
          -0.451451,
          51.469367
        ]
      },
      "properties": {
        "highway": "elevator",
        "indoor": "yes",
        "level": "0;1;5",
        "osm_id": 10963006233,
        "osm_type": "node"
      }
    },
    {
      "type": "Feature",
      "geometry": {
        "type": "Point",
        "coordinates": [
          -0.4600253,
          51.4697351
        ]
      },
      "properties": {
        "highway": "elevator",
        "indoor": "yes",
        "level": "1;2",
        "osm_id": 10963024237,
        "osm_type": "node"
      }
    },
    {
      "type": "Feature",
      "geometry": {
        "type": "Point",
        "coordinates": [
          -0.4599905,
          51.4697046
        ]
      },
      "properties": {
        "highway": "elevator",
        "indoor": "yes",
        "level": "1;2",
        "osm_id": 10963024238,
        "osm_type": "node"
      }
    },
    {
      "type": "Feature",
      "geometry": {
        "type": "Point",
        "coordinates": [
          -0.4604666,
          51.4700049
        ]
      },
      "properties": {
        "highway": "elevator",
        "indoor": "yes",
        "level": "1;2",
        "osm_id": 10963024255,
        "osm_type": "node"
      }
    },
    {
      "type": "Feature",
      "geometry": {
        "type": "Point",
        "coordinates": [
          -0.4604317,
          51.4699744
        ]
      },
      "properties": {
        "highway": "elevator",
        "indoor": "yes",
        "level": "1;2",
        "osm_id": 10963024256,
        "osm_type": "node"
      }
    },
    {
      "type": "Feature",
      "geometry": {
        "type": "Point",
        "coordinates": [
          -0.459909,
          51.4702145
        ]
      },
      "properties": {
        "highway": "elevator",
        "indoor": "yes",
        "level": "1;2",
        "osm_id": 10963024263,
        "osm_type": "node"
      }
    },
    {
      "type": "Feature",
      "geometry": {
        "type": "Point",
        "coordinates": [
          -0.4598741,
          51.470184
        ]
      },
      "properties": {
        "highway": "elevator",
        "indoor": "yes",
        "level": "1;2",
        "osm_id": 10963024265,
        "osm_type": "node"
      }
    },
    {
      "type": "Feature",
      "geometry": {
        "type": "Point",
        "coordinates": [
          -0.4549921,
          51.4687997
        ]
      },
      "properties": {
        "highway": "elevator",
        "indoor": "yes",
        "level": "2;1",
        "osm_id": 10963024278,
        "osm_type": "node"
      }
    },
    {
      "type": "Feature",
      "geometry": {
        "type": "Point",
        "coordinates": [
          -0.4562769,
          51.4688064
        ]
      },
      "properties": {
        "highway": "elevator",
        "indoor": "yes",
        "level": "2;1",
        "osm_id": 10963024286,
        "osm_type": "node"
      }
    },
    {
      "type": "Feature",
      "geometry": {
        "type": "Point",
        "coordinates": [
          -0.4575657,
          51.4687855
        ]
      },
      "properties": {
        "highway": "elevator",
        "indoor": "yes",
        "level": "2;1",
        "osm_id": 10963024295,
        "osm_type": "node"
      }
    },
    {
      "type": "Feature",
      "geometry": {
        "type": "Point",
        "coordinates": [
          -0.4588515,
          51.4688106
        ]
      },
      "properties": {
        "highway": "elevator",
        "indoor": "yes",
        "level": "2;1",
        "osm_id": 10963024303,
        "osm_type": "node"
      }
    },
    {
      "type": "Feature",
      "geometry": {
        "type": "Point",
        "coordinates": [
          -0.4645865,
          51.4737275
        ]
      },
      "properties": {
        "highway": "elevator",
        "indoor": "yes",
        "level": "2;1",
        "osm_id": 10963030215,
        "osm_type": "node"
      }
    },
    {
      "type": "Feature",
      "geometry": {
        "type": "Point",
        "coordinates": [
          -0.4644929,
          51.4737262
        ]
      },
      "properties": {
        "highway": "elevator",
        "indoor": "yes",
        "level": "2;1",
        "osm_id": 10963030217,
        "osm_type": "node"
      }
    },
    {
      "type": "Feature",
      "geometry": {
        "type": "Point",
        "coordinates": [
          -0.4645794,
          51.4736097
        ]
      },
      "properties": {
        "highway": "elevator",
        "indoor": "yes",
        "level": "1;2",
        "osm_id": 10963030218,
        "osm_type": "node"
      }
    },
    {
      "type": "Feature",
      "geometry": {
        "type": "Point",
        "coordinates": [
          -0.4645653,
          51.4733292
        ]
      },
      "properties": {
        "highway": "elevator",
        "indoor": "yes",
        "level": "2;1",
        "osm_id": 10963030227,
        "osm_type": "node"
      }
    },
    {
      "type": "Feature",
      "geometry": {
        "type": "Point",
        "coordinates": [
          -0.4644718,
          51.473328
        ]
      },
      "properties": {
        "highway": "elevator",
        "indoor": "yes",
        "level": "2;1",
        "osm_id": 10963030229,
        "osm_type": "node"
      }
    },
    {
      "type": "Feature",
      "geometry": {
        "type": "Point",
        "coordinates": [
          -0.4626244,
          51.4734048
        ]
      },
      "properties": {
        "highway": "elevator",
        "indoor": "yes",
        "level": "2;1",
        "osm_id": 10963030238,
        "osm_type": "node"
      }
    },
    {
      "type": "Feature",
      "geometry": {
        "type": "Point",
        "coordinates": [
          -0.4621882,
          51.4730076
        ]
      },
      "properties": {
        "highway": "elevator",
        "indoor": "yes",
        "level": "2;1",
        "osm_id": 10963030246,
        "osm_type": "node"
      }
    },
    {
      "type": "Feature",
      "geometry": {
        "type": "Point",
        "coordinates": [
          -0.4619719,
          51.4728006
        ]
      },
      "properties": {
        "highway": "elevator",
        "indoor": "yes",
        "level": "2;1",
        "osm_id": 10963030249,
        "osm_type": "node"
      }
    },
    {
      "type": "Feature",
      "geometry": {
        "type": "Point",
        "coordinates": [
          -0.4622009,
          51.4725637
        ]
      },
      "properties": {
        "highway": "elevator",
        "indoor": "yes",
        "level": "1;2",
        "osm_id": 10963030261,
        "osm_type": "node"
      }
    },
    {
      "type": "Feature",
      "geometry": {
        "type": "Point",
        "coordinates": [
          -0.4611629,
          51.4716033
        ]
      },
      "properties": {
        "highway": "elevator",
        "indoor": "yes",
        "level": "1;2",
        "osm_id": 10963030264,
        "osm_type": "node"
      }
    },
    {
      "type": "Feature",
      "geometry": {
        "type": "Point",
        "coordinates": [
          -0.4609665,
          51.4714931
        ]
      },
      "properties": {
        "highway": "elevator",
        "indoor": "yes",
        "level": "1;2",
        "osm_id": 10963030274,
        "osm_type": "node"
      }
    },
    {
      "type": "Feature",
      "geometry": {
        "type": "Point",
        "coordinates": [
          -0.4604059,
          51.4710328
        ]
      },
      "properties": {
        "highway": "elevator",
        "indoor": "yes",
        "level": "1;2",
        "osm_id": 10963030278,
        "osm_type": "node"
      }
    },
    {
      "type": "Feature",
      "geometry": {
        "type": "Point",
        "coordinates": [
          -0.4615993,
          51.4724883
        ]
      },
      "properties": {
        "highway": "elevator",
        "indoor": "yes",
        "level": "1;2",
        "osm_id": 10963030305,
        "osm_type": "node"
      }
    },
    {
      "type": "Feature",
      "geometry": {
        "type": "Point",
        "coordinates": [
          -0.4611817,
          51.4722265
        ]
      },
      "properties": {
        "highway": "elevator",
        "indoor": "yes",
        "level": "0;1",
        "osm_id": 10963030317,
        "osm_type": "node"
      }
    },
    {
      "type": "Feature",
      "geometry": {
        "type": "Point",
        "coordinates": [
          -0.4610489,
          51.4720971
        ]
      },
      "properties": {
        "highway": "elevator",
        "indoor": "yes",
        "level": "0;1",
        "osm_id": 10963030318,
        "osm_type": "node"
      }
    },
    {
      "type": "Feature",
      "geometry": {
        "type": "Point",
        "coordinates": [
          -0.4604615,
          51.4714388
        ]
      },
      "properties": {
        "highway": "elevator",
        "indoor": "yes",
        "level": "1;2",
        "osm_id": 10963030328,
        "osm_type": "node"
      }
    },
    {
      "type": "Feature",
      "geometry": {
        "type": "Point",
        "coordinates": [
          -0.4604186,
          51.4714563
        ]
      },
      "properties": {
        "highway": "elevator",
        "indoor": "yes",
        "level": "1;2",
        "osm_id": 10963030329,
        "osm_type": "node"
      }
    },
    {
      "type": "Feature",
      "geometry": {
        "type": "Point",
        "coordinates": [
          -0.4596502,
          51.4709835
        ]
      },
      "properties": {
        "highway": "elevator",
        "indoor": "yes",
        "level": "1;2",
        "osm_id": 10963030354,
        "osm_type": "node"
      }
    },
    {
      "type": "Feature",
      "geometry": {
        "type": "Point",
        "coordinates": [
          -0.4602014,
          51.4715098
        ]
      },
      "properties": {
        "highway": "elevator",
        "indoor": "yes",
        "level": "0;1",
        "osm_id": 10963030357,
        "osm_type": "node"
      }
    },
    {
      "type": "Feature",
      "geometry": {
        "type": "Point",
        "coordinates": [
          -0.4597544,
          51.4709177
        ]
      },
      "properties": {
        "highway": "elevator",
        "indoor": "yes",
        "level": "0;2",
        "osm_id": 10963030361,
        "osm_type": "node"
      }
    },
    {
      "type": "Feature",
      "geometry": {
        "type": "Point",
        "coordinates": [
          -0.4598212,
          51.4708903
        ]
      },
      "properties": {
        "highway": "elevator",
        "indoor": "yes",
        "level": "0;2",
        "osm_id": 10963030362,
        "osm_type": "node"
      }
    },
    {
      "type": "Feature",
      "geometry": {
        "type": "Point",
        "coordinates": [
          -0.4471348,
          51.4705068
        ]
      },
      "properties": {
        "highway": "elevator",
        "indoor": "yes",
        "level": "-2;-1;0;4",
        "osm_id": 11517538098,
        "osm_type": "node"
      }
    },
    {
      "type": "Feature",
      "geometry": {
        "type": "Point",
        "coordinates": [
          -0.4472073,
          51.4705469
        ]
      },
      "properties": {
        "highway": "elevator",
        "indoor": "yes",
        "level": "-2;-1;0;4",
        "osm_id": 11517538099,
        "osm_type": "node"
      }
    },
    {
      "type": "Feature",
      "geometry": {
        "type": "Point",
        "coordinates": [
          -0.447207,
          51.4705247
        ]
      },
      "properties": {
        "highway": "elevator",
        "indoor": "yes",
        "level": "-2;-1;0;4",
        "osm_id": 11517538100,
        "osm_type": "node"
      }
    },
    {
      "type": "Feature",
      "geometry": {
        "type": "Point",
        "coordinates": [
          -0.4472066,
          51.4705015
        ]
      },
      "properties": {
        "highway": "elevator",
        "indoor": "yes",
        "level": "-2;-1;0;4",
        "osm_id": 11517538101,
        "osm_type": "node"
      }
    },
    {
      "type": "Feature",
      "geometry": {
        "type": "Point",
        "coordinates": [
          -0.4574284,
          51.4705385
        ]
      },
      "properties": {
        "highway": "elevator",
        "level": "0;-1",
        "osm_id": 12843511595,
        "osm_type": "node"
      }
    },
    {
      "type": "Feature",
      "geometry": {
        "type": "Point",
        "coordinates": [
          -0.4557648,
          51.4713078
        ]
      },
      "properties": {
        "highway": "elevator",
        "osm_id": 12843511599,
        "osm_type": "node"
      }
    },
    {
      "type": "Feature",
      "geometry": {
        "type": "Point",
        "coordinates": [
          -0.4574655,
          51.4705681
        ]
      },
      "properties": {
        "highway": "elevator",
        "level": "0;-1",
        "osm_id": 12843514621,
        "osm_type": "node"
      }
    },
    {
      "type": "Feature",
      "geometry": {
        "type": "Point",
        "coordinates": [
          -0.4574112,
          51.4705261
        ]
      },
      "properties": {
        "highway": "elevator",
        "level": "0;-1",
        "osm_id": 12843514626,
        "osm_type": "node"
      }
    },
    {
      "type": "Feature",
      "geometry": {
        "type": "Point",
        "coordinates": [
          -0.4868343,
          51.4727366
        ]
      },
      "properties": {
        "highway": "elevator",
        "indoor": "yes",
        "level": "1;2",
        "osm_id": 13400797595,
        "osm_type": "node"
      }
    },
    {
      "type": "Feature",
      "geometry": {
        "type": "Point",
        "coordinates": [
          -0.4889446,
          51.4704831
        ]
      },
      "properties": {
        "highway": "elevator",
        "indoor": "yes",
        "level": "0;1;2;3",
        "level_ref": "0",
        "osm_id": 13400852705,
        "osm_type": "node"
      }
    },
    {
      "type": "Feature",
      "geometry": {
        "type": "Point",
        "coordinates": [
          -0.4890476,
          51.4704826
        ]
      },
      "properties": {
        "highway": "elevator",
        "indoor": "yes",
        "level": "0;1;2;3",
        "level_ref": "0",
        "osm_id": 13400852706,
        "osm_type": "node"
      }
    },
    {
      "type": "Feature",
      "geometry": {
        "type": "Point",
        "coordinates": [
          -0.489502,
          51.4710706
        ]
      },
      "properties": {
        "highway": "elevator",
        "indoor": "yes",
        "level": "0;1;1.5;2;2.5;3",
        "level_ref": "0",
        "osm_id": 13400852792,
        "osm_type": "node"
      }
    },
    {
      "type": "Feature",
      "geometry": {
        "type": "Point",
        "coordinates": [
          -0.4893871,
          51.472212
        ]
      },
      "properties": {
        "highway": "elevator",
        "indoor": "yes",
        "level": "-3;-1;0;3",
        "osm_id": 13400852991,
        "osm_type": "node"
      }
    },
    {
      "type": "Feature",
      "geometry": {
        "type": "Point",
        "coordinates": [
          -0.4894264,
          51.4722119
        ]
      },
      "properties": {
        "highway": "elevator",
        "indoor": "yes",
        "level": "-3;-1;0;3",
        "osm_id": 13400853004,
        "osm_type": "node"
      }
    },
    {
      "type": "Feature",
      "geometry": {
        "type": "Point",
        "coordinates": [
          -0.4893478,
          51.4722122
        ]
      },
      "properties": {
        "highway": "elevator",
        "indoor": "yes",
        "level": "-3;-1;0;3",
        "osm_id": 13400853015,
        "osm_type": "node"
      }
    },
    {
      "type": "Feature",
      "geometry": {
        "type": "Point",
        "coordinates": [
          -0.4892692,
          51.4722125
        ]
      },
      "properties": {
        "highway": "elevator",
        "indoor": "yes",
        "level": "-3;-1;0;3",
        "osm_id": 13400853016,
        "osm_type": "node"
      }
    },
    {
      "type": "Feature",
      "geometry": {
        "type": "Point",
        "coordinates": [
          -0.4893085,
          51.4722124
        ]
      },
      "properties": {
        "highway": "elevator",
        "indoor": "yes",
        "level": "-3;-1;0;3",
        "osm_id": 13400853017,
        "osm_type": "node"
      }
    },
    {
      "type": "Feature",
      "geometry": {
        "type": "Point",
        "coordinates": [
          -0.489272,
          51.4724926
        ]
      },
      "properties": {
        "highway": "elevator",
        "indoor": "yes",
        "level": "-3;-1;0;3",
        "osm_id": 13400853030,
        "osm_type": "node"
      }
    },
    {
      "type": "Feature",
      "geometry": {
        "type": "Point",
        "coordinates": [
          -0.4893113,
          51.4724924
        ]
      },
      "properties": {
        "highway": "elevator",
        "indoor": "yes",
        "level": "-3;-1;0;3",
        "osm_id": 13400853031,
        "osm_type": "node"
      }
    },
    {
      "type": "Feature",
      "geometry": {
        "type": "Point",
        "coordinates": [
          -0.4880641,
          51.4716465
        ]
      },
      "properties": {
        "highway": "elevator",
        "indoor": "yes",
        "level": "2;3",
        "osm_id": 13400853103,
        "osm_type": "node"
      }
    },
    {
      "type": "Feature",
      "geometry": {
        "type": "Point",
        "coordinates": [
          -0.4880641,
          51.4716699
        ]
      },
      "properties": {
        "highway": "elevator",
        "indoor": "yes",
        "level": "2;3",
        "osm_id": 13400853104,
        "osm_type": "node"
      }
    },
    {
      "type": "Feature",
      "geometry": {
        "type": "Point",
        "coordinates": [
          -0.4880641,
          51.4716961
        ]
      },
      "properties": {
        "highway": "elevator",
        "indoor": "yes",
        "level": "2;3",
        "osm_id": 13400853107,
        "osm_type": "node"
      }
    },
    {
      "type": "Feature",
      "geometry": {
        "type": "LineString",
        "coordinates": [
          [
            -0.4862836,
            51.470852
          ],
          [
            -0.4859947,
            51.4708494
          ],
          [
            -0.4852371,
            51.4708469
          ],
          [
            -0.4838432,
            51.4708422
          ],
          [
            -0.4813366,
            51.4708546
          ],
          [
            -0.4812484,
            51.4708544
          ],
          [
            -0.4807654,
            51.470853
          ]
        ]
      },
      "properties": {
        "electrified": "yes",
        "indoor": "yes",
        "level": "-2",
        "monorail": "rubber_tyres",
        "name": "Track Transit System",
        "operator": "Heathrow Airport",
        "railway": "monorail",
        "start_date": "2007",
        "tunnel": "yes",
        "osm_id": 42433440,
        "osm_type": "way"
      }
    },
    {
      "type": "Feature",
      "geometry": {
        "type": "LineString",
        "coordinates": [
          [
            -0.4893503,
            51.4724628
          ],
          [
            -0.4893506,
            51.4724923
          ]
        ]
      },
      "properties": {
        "highway": "footway",
        "indoor": "yes",
        "level": "-3",
        "osm_id": 136853379,
        "osm_type": "way"
      }
    },
    {
      "type": "Feature",
      "geometry": {
        "type": "LineString",
        "coordinates": [
          [
            -0.4893896,
            51.4724626
          ],
          [
            -0.4893899,
            51.4724921
          ]
        ]
      },
      "properties": {
        "highway": "footway",
        "indoor": "yes",
        "level": "-3",
        "osm_id": 136853390,
        "osm_type": "way"
      }
    },
    {
      "type": "Feature",
      "geometry": {
        "type": "LineString",
        "coordinates": [
          [
            -0.4893899,
            51.4724921
          ],
          [
            -0.4893902,
            51.4725216
          ]
        ]
      },
      "properties": {
        "highway": "footway",
        "indoor": "yes",
        "level": "-3",
        "osm_id": 136853396,
        "osm_type": "way"
      }
    },
    {
      "type": "Feature",
      "geometry": {
        "type": "LineString",
        "coordinates": [
          [
            -0.4893506,
            51.4724923
          ],
          [
            -0.4893509,
            51.4725218
          ]
        ]
      },
      "properties": {
        "highway": "footway",
        "indoor": "yes",
        "level": "-3",
        "osm_id": 136853397,
        "osm_type": "way"
      }
    },
    {
      "type": "Feature",
      "geometry": {
        "type": "LineString",
        "coordinates": [
          [
            -0.4892297,
            51.4722127
          ],
          [
            -0.4887688,
            51.4722144
          ]
        ]
      },
      "properties": {
        "highway": "footway",
        "indoor": "yes",
        "level": "-3",
        "level_ref": "-3",
        "tunnel": "yes",
        "osm_id": 136853413,
        "osm_type": "way"
      }
    },
    {
      "type": "Feature",
      "geometry": {
        "type": "LineString",
        "coordinates": [
          [
            -0.4892328,
            51.4724928
          ],
          [
            -0.4887678,
            51.4724969
          ]
        ]
      },
      "properties": {
        "highway": "footway",
        "indoor": "yes",
        "level": "-3",
        "level_ref": "-3",
        "tunnel": "yes",
        "osm_id": 136853421,
        "osm_type": "way"
      }
    },
    {
      "type": "Feature",
      "geometry": {
        "type": "LineString",
        "coordinates": [
          [
            -0.4894292,
            51.4724919
          ],
          [
            -0.4894295,
            51.4725214
          ],
          [
            -0.4893902,
            51.4725216
          ],
          [
            -0.4893509,
            51.4725218
          ],
          [
            -0.4893116,
            51.4725219
          ],
          [
            -0.4892724,
            51.4725221
          ],
          [
            -0.4892331,
            51.4725223
          ]
        ]
      },
      "properties": {
        "highway": "footway",
        "indoor": "yes",
        "level": "-3",
        "osm_id": 136853432,
        "osm_type": "way"
      }
    },
    {
      "type": "Feature",
      "geometry": {
        "type": "LineString",
        "coordinates": [
          [
            -0.4892324,
            51.4724632
          ],
          [
            -0.4892717,
            51.4724631
          ],
          [
            -0.489311,
            51.4724629
          ],
          [
            -0.4893503,
            51.4724628
          ],
          [
            -0.4893896,
            51.4724626
          ],
          [
            -0.4894289,
            51.4724624
          ],
          [
            -0.4894292,
            51.4724919
          ]
        ]
      },
      "properties": {
        "highway": "footway",
        "indoor": "yes",
        "level": "-3",
        "osm_id": 136853433,
        "osm_type": "way"
      }
    },
    {
      "type": "Feature",
      "geometry": {
        "type": "LineString",
        "coordinates": [
          [
            -0.4866396,
            51.4709458
          ],
          [
            -0.4873143,
            51.4709453
          ]
        ]
      },
      "properties": {
        "airside": "yes",
        "conveying": "forward",
        "highway": "steps",
        "incline": "up",
        "indoor": "yes",
        "level": "-2;2",
        "osm_id": 137514841,
        "osm_type": "way"
      }
    },
    {
      "type": "Feature",
      "geometry": {
        "type": "LineString",
        "coordinates": [
          [
            -0.4887678,
            51.4724969
          ],
          [
            -0.4881076,
            51.4724977
          ]
        ]
      },
      "properties": {
        "highway": "footway",
        "indoor": "yes",
        "level": "-3",
        "level_ref": "-3",
        "tunnel": "yes",
        "osm_id": 137572013,
        "osm_type": "way"
      }
    },
    {
      "type": "Feature",
      "geometry": {
        "type": "LineString",
        "coordinates": [
          [
            -0.4887688,
            51.4722144
          ],
          [
            -0.4880999,
            51.4722117
          ]
        ]
      },
      "properties": {
        "highway": "footway",
        "indoor": "yes",
        "level": "-3",
        "level_ref": "-3",
        "tunnel": "yes",
        "osm_id": 137572014,
        "osm_type": "way"
      }
    },
    {
      "type": "Feature",
      "geometry": {
        "type": "LineString",
        "coordinates": [
          [
            -0.4881004,
            51.4722473
          ],
          [
            -0.4880999,
            51.4722117
          ],
          [
            -0.4880994,
            51.4721818
          ]
        ]
      },
      "properties": {
        "highway": "footway",
        "indoor": "yes",
        "level": "-3",
        "level_ref": "-3",
        "tunnel": "yes",
        "osm_id": 137572016,
        "osm_type": "way"
      }
    },
    {
      "type": "Feature",
      "geometry": {
        "type": "LineString",
        "coordinates": [
          [
            -0.4881079,
            51.4725451
          ],
          [
            -0.4881076,
            51.4724977
          ],
          [
            -0.488107,
            51.4724599
          ]
        ]
      },
      "properties": {
        "highway": "footway",
        "indoor": "yes",
        "level": "-3",
        "level_ref": "-3",
        "tunnel": "yes",
        "osm_id": 137572018,
        "osm_type": "way"
      }
    },
    {
      "type": "Feature",
      "geometry": {
        "type": "Polygon",
        "coordinates": [
          [
            [
              -0.4867577,
              51.4721516
            ],
            [
              -0.4891791,
              51.4721445
            ],
            [
              -0.4891793,
              51.4721787
            ],
            [
              -0.4880994,
              51.4721818
            ],
            [
              -0.4867555,
              51.4721694
            ],
            [
              -0.4867577,
              51.4721516
            ]
          ]
        ]
      },
      "properties": {
        "area": "yes",
        "bench": "yes",
        "bin": "yes",
        "gtfs:stop_id:GB-Aubin": "9100HTRWTM53",
        "indoor": "yes",
        "level": "-3",
        "level_ref": "-3",
        "name": "Platform 3",
        "public_transport": "platform",
        "railway": "platform",
        "ref": "3",
        "tactile_paving": "no",
        "train": "yes",
        "tunnel": "yes",
        "osm_id": 137572023,
        "osm_type": "way"
      }
    },
    {
      "type": "Feature",
      "geometry": {
        "type": "Polygon",
        "coordinates": [
          [
            [
              -0.4891771,
              51.4722773
            ],
            [
              -0.4867585,
              51.4722859
            ],
            [
              -0.4867582,
              51.4722522
            ],
            [
              -0.4881004,
              51.4722473
            ],
            [
              -0.4883717,
              51.4722481
            ],
            [
              -0.4891768,
              51.4722435
            ],
            [
              -0.4891771,
              51.4722773
            ]
          ]
        ]
      },
      "properties": {
        "area": "yes",
        "bench": "yes",
        "bin": "yes",
        "gtfs:stop_id:GB-Aubin": "9100HTRWTM54",
        "indoor": "yes",
        "level": "-3",
        "level_ref": "-3",
        "name": "Platform 4",
        "public_transport": "platform",
        "railway": "platform",
        "ref": "4",
        "train": "yes",
        "tunnel": "yes",
        "osm_id": 137572024,
        "osm_type": "way"
      }
    },
    {
      "type": "Feature",
      "geometry": {
        "type": "Polygon",
        "coordinates": [
          [
            [
              -0.4867632,
              51.4724362
            ],
            [
              -0.4887009,
              51.4724348
            ],
            [
              -0.488701,
              51.4724595
            ],
            [
              -0.488107,
              51.4724599
            ],
            [
              -0.4867632,
              51.4724608
            ],
            [
              -0.4867632,
              51.4724362
            ]
          ]
        ]
      },
      "properties": {
        "area": "yes",
        "bench": "yes",
        "bin": "yes",
        "indoor": "yes",
        "level": "-3",
        "level_ref": "-3",
        "lit": "yes",
        "name": "Platform 5",
        "naptan:AtcoCode": "9400ZZLUHR51",
        "platform": "subway",
        "public_transport": "platform",
        "railway": "platform",
        "ref": "5",
        "subway": "yes",
        "tactile_paving": "yes",
        "tunnel": "yes",
        "osm_id": 137572025,
        "osm_type": "way"
      }
    },
    {
      "type": "Feature",
      "geometry": {
        "type": "Polygon",
        "coordinates": [
          [
            [
              -0.4887047,
              51.4725676
            ],
            [
              -0.486768,
              51.4725708
            ],
            [
              -0.4867679,
              51.4725474
            ],
            [
              -0.4881079,
              51.4725451
            ],
            [
              -0.4887046,
              51.4725441
            ],
            [
              -0.4887047,
              51.4725676
            ]
          ]
        ]
      },
      "properties": {
        "area": "yes",
        "bench": "yes",
        "bin": "yes",
        "indoor": "yes",
        "level": "-3",
        "level_ref": "-3",
        "lit": "yes",
        "name": "Platform 6",
        "naptan:AtcoCode": "9400ZZLUHR51",
        "platform": "subway",
        "public_transport": "platform",
        "railway": "platform",
        "ref": "6",
        "subway": "yes",
        "tactile_paving": "yes",
        "tunnel": "yes",
        "osm_id": 137572026,
        "osm_type": "way"
      }
    },
    {
      "type": "Feature",
      "geometry": {
        "type": "LineString",
        "coordinates": [
          [
            -0.486918,
            51.4711631
          ],
          [
            -0.4815066,
            51.4711642
          ],
          [
            -0.4810473,
            51.4711648
          ],
          [
            -0.4763994,
            51.4711011
          ],
          [
            -0.4761827,
            51.471033
          ]
        ]
      },
      "properties": {
        "airside": "yes",
        "description": "Underground concourse to gates",
        "highway": "footway",
        "indoor": "yes",
        "layer": "-1",
        "level": "-4",
        "level_ref": "-4",
        "surface": "concrete",
        "tunnel": "yes",
        "osm_id": 369948558,
        "osm_type": "way"
      }
    },
    {
      "type": "Feature",
      "geometry": {
        "type": "LineString",
        "coordinates": [
          [
            -0.4862842,
            51.4708222
          ],
          [
            -0.485673,
            51.4708249
          ]
        ]
      },
      "properties": {
        "airside": "yes",
        "bench": "no",
        "bin": "no",
        "indoor": "yes",
        "layer": "-1",
        "level": "-2",
        "level_ref": "-2",
        "note": "Flight Arrivals",
        "public_transport": "platform",
        "railway": "platform",
        "start_date": "2007",
        "osm_id": 377300375,
        "osm_type": "way"
      }
    },
    {
      "type": "Feature",
      "geometry": {
        "type": "LineString",
        "coordinates": [
          [
            -0.4856805,
            51.4711451
          ],
          [
            -0.4862864,
            51.4711419
          ]
        ]
      },
      "properties": {
        "airside": "yes",
        "bench": "no",
        "bin": "no",
        "indoor": "yes",
        "layer": "-1",
        "level": "-2",
        "level_ref": "-2",
        "note": "Flight Arrivals",
        "public_transport": "platform",
        "railway": "platform",
        "start_date": "2007",
        "osm_id": 377300377,
        "osm_type": "way"
      }
    },
    {
      "type": "Feature",
      "geometry": {
        "type": "LineString",
        "coordinates": [
          [
            -0.4533591,
            51.4717406
          ],
          [
            -0.4531761,
            51.4716582
          ]
        ]
      },
      "properties": {
        "conveying": "yes",
        "highway": "steps",
        "incline": "up",
        "indoor": "yes",
        "layer": "-4",
        "level": "-4;-2",
        "ref": "esc 1",
        "tunnel": "yes",
        "osm_id": 446320647,
        "osm_type": "way"
      }
    },
    {
      "type": "Feature",
      "geometry": {
        "type": "LineString",
        "coordinates": [
          [
            -0.4533566,
            51.4717792
          ],
          [
            -0.4533867,
            51.4717531
          ],
          [
            -0.4534035,
            51.4717387
          ],
          [
            -0.4534333,
            51.471713
          ],
          [
            -0.4534196,
            51.4717068
          ]
        ]
      },
      "properties": {
        "highway": "footway",
        "indoor": "yes",
        "layer": "-4",
        "level": "-4",
        "tunnel": "yes",
        "wheelchair": "yes",
        "osm_id": 446320651,
        "osm_type": "way"
      }
    },
    {
      "type": "Feature",
      "geometry": {
        "type": "LineString",
        "coordinates": [
          [
            -0.4524645,
            51.4714102
          ],
          [
            -0.4524195,
            51.4714038
          ]
        ]
      },
      "properties": {
        "highway": "footway",
        "indoor": "yes",
        "layer": "-2",
        "level": "-1",
        "tunnel": "yes",
        "osm_id": 570155531,
        "osm_type": "way"
      }
    },
    {
      "type": "Feature",
      "geometry": {
        "type": "LineString",
        "coordinates": [
          [
            -0.4524419,
            51.4713834
          ],
          [
            -0.4524645,
            51.4714102
          ],
          [
            -0.4524313,
            51.4713938
          ]
        ]
      },
      "properties": {
        "highway": "footway",
        "indoor": "yes",
        "layer": "-2",
        "level": "-1",
        "tunnel": "yes",
        "osm_id": 570155539,
        "osm_type": "way"
      }
    },
    {
      "type": "Feature",
      "geometry": {
        "type": "LineString",
        "coordinates": [
          [
            -0.4529043,
            51.4711861
          ],
          [
            -0.4528676,
            51.4712144
          ],
          [
            -0.4527927,
            51.471285
          ],
          [
            -0.4527815,
            51.4712934
          ],
          [
            -0.4527186,
            51.4713498
          ],
          [
            -0.4526833,
            51.4713792
          ],
          [
            -0.452646,
            51.4714106
          ],
          [
            -0.452589,
            51.4714662
          ],
          [
            -0.4524645,
            51.4714102
          ]
        ]
      },
      "properties": {
        "highway": "footway",
        "indoor": "yes",
        "level": "-1",
        "tunnel": "yes",
        "osm_id": 570155546,
        "osm_type": "way"
      }
    },
    {
      "type": "Feature",
      "geometry": {
        "type": "LineString",
        "coordinates": [
          [
            -0.4524195,
            51.4714038
          ],
          [
            -0.4523135,
            51.4713574
          ]
        ]
      },
      "properties": {
        "conveying": "no",
        "highway": "steps",
        "incline": "up",
        "indoor": "yes",
        "layer": "-4",
        "level": "-1;0",
        "ref": "esc 7",
        "tunnel": "yes",
        "osm_id": 570155566,
        "osm_type": "way"
      }
    },
    {
      "type": "Feature",
      "geometry": {
        "type": "LineString",
        "coordinates": [
          [
            -0.4524313,
            51.4713938
          ],
          [
            -0.4523266,
            51.4713472
          ]
        ]
      },
      "properties": {
        "conveying": "yes",
        "highway": "steps",
        "incline": "up",
        "indoor": "yes",
        "layer": "-4",
        "level": "-1;0",
        "ref": "esc 5",
        "tunnel": "yes",
        "osm_id": 570155588,
        "osm_type": "way"
      }
    },
    {
      "type": "Feature",
      "geometry": {
        "type": "LineString",
        "coordinates": [
          [
            -0.4524419,
            51.4713834
          ],
          [
            -0.4523372,
            51.4713371
          ]
        ]
      },
      "properties": {
        "conveying": "yes",
        "highway": "steps",
        "incline": "up",
        "indoor": "yes",
        "layer": "-4",
        "level": "-1;0",
        "ref": "esc 6",
        "tunnel": "yes",
        "osm_id": 570155589,
        "osm_type": "way"
      }
    },
    {
      "type": "Feature",
      "geometry": {
        "type": "LineString",
        "coordinates": [
          [
            -0.4527943,
            51.4714781
          ],
          [
            -0.4527233,
            51.4714462
          ],
          [
            -0.452646,
            51.4714106
          ]
        ]
      },
      "properties": {
        "highway": "footway",
        "indoor": "yes",
        "layer": "-2",
        "level": "-1",
        "tunnel": "yes",
        "osm_id": 570155592,
        "osm_type": "way"
      }
    },
    {
      "type": "Feature",
      "geometry": {
        "type": "LineString",
        "coordinates": [
          [
            -0.4528282,
            51.4714814
          ],
          [
            -0.4527943,
            51.4714781
          ]
        ]
      },
      "properties": {
        "highway": "footway",
        "indoor": "yes",
        "layer": "-2",
        "level": "-1",
        "tunnel": "yes",
        "osm_id": 570155593,
        "osm_type": "way"
      }
    },
    {
      "type": "Feature",
      "geometry": {
        "type": "LineString",
        "coordinates": [
          [
            -0.4528118,
            51.4714959
          ],
          [
            -0.4527943,
            51.4714781
          ]
        ]
      },
      "properties": {
        "highway": "footway",
        "indoor": "yes",
        "layer": "-2",
        "level": "-1",
        "tunnel": "yes",
        "osm_id": 570155594,
        "osm_type": "way"
      }
    },
    {
      "type": "Feature",
      "geometry": {
        "type": "LineString",
        "coordinates": [
          [
            -0.4526671,
            51.4714965
          ],
          [
            -0.4527233,
            51.4714462
          ],
          [
            -0.4527448,
            51.471427
          ],
          [
            -0.4528422,
            51.4714689
          ],
          [
            -0.4529264,
            51.4715056
          ],
          [
            -0.4528798,
            51.4715471
          ],
          [
            -0.452868,
            51.4715419
          ],
          [
            -0.4527956,
            51.4715103
          ]
        ]
      },
      "properties": {
        "barrier": "wall",
        "indoor": "yes",
        "layer": "-2",
        "level": "-1",
        "osm_id": 570155685,
        "osm_type": "way"
      }
    },
    {
      "type": "Feature",
      "geometry": {
        "type": "LineString",
        "coordinates": [
          [
            -0.4526833,
            51.4713792
          ],
          [
            -0.4530739,
            51.47155
          ]
        ]
      },
      "properties": {
        "highway": "footway",
        "indoor": "yes",
        "level": "-1",
        "tunnel": "yes",
        "osm_id": 570155756,
        "osm_type": "way"
      }
    },
    {
      "type": "Feature",
      "geometry": {
        "type": "LineString",
        "coordinates": [
          [
            -0.4531664,
            51.4716431
          ],
          [
            -0.4531924,
            51.4716436
          ]
        ]
      },
      "properties": {
        "highway": "footway",
        "indoor": "yes",
        "layer": "-2",
        "level": "-1",
        "tunnel": "yes",
        "osm_id": 570155758,
        "osm_type": "way"
      }
    },
    {
      "type": "Feature",
      "geometry": {
        "type": "LineString",
        "coordinates": [
          [
            -0.4531664,
            51.4716431
          ],
          [
            -0.4531761,
            51.4716582
          ]
        ]
      },
      "properties": {
        "highway": "footway",
        "indoor": "yes",
        "layer": "-2",
        "level": "-1",
        "tunnel": "yes",
        "osm_id": 570155760,
        "osm_type": "way"
      }
    },
    {
      "type": "Feature",
      "geometry": {
        "type": "Polygon",
        "coordinates": [
          [
            [
              -0.4524286,
              51.4712497
            ],
            [
              -0.4525408,
              51.4712936
            ],
            [
              -0.4526794,
              51.4713479
            ],
            [
              -0.4528625,
              51.4714301
            ],
            [
              -0.4531679,
              51.4715667
            ],
            [
              -0.4534533,
              51.4716962
            ],
            [
              -0.4536546,
              51.4717854
            ],
            [
              -0.4536281,
              51.4718086
            ],
            [
              -0.4535731,
              51.4717834
            ],
            [
              -0.4535395,
              51.4718124
            ],
            [
              -0.4525619,
              51.4713694
            ],
            [
              -0.4524899,
              51.4713368
            ],
            [
              -0.4524789,
              51.4713318
            ],
            [
              -0.452509,
              51.4713058
            ],
            [
              -0.4524131,
              51.4712636
            ],
            [
              -0.4524286,
              51.4712497
            ]
          ]
        ]
      },
      "properties": {
        "area": "yes",
        "bench": "yes",
        "bin": "yes",
        "description": "Heathrow Terminal 1-3 - Piccadilly Line - Eastbound - Platform 1",
        "indoor": "yes",
        "layer": "-4",
        "level": "-4",
        "naptan:AtcoCode": "9400ZZLUHRC2",
        "public_transport": "platform",
        "railway": "platform",
        "ref": "1",
        "subway": "yes",
        "tactile_paving": "yes",
        "tunnel": "yes",
        "wheelchair": "yes",
        "osm_id": 570155763,
        "osm_type": "way"
      }
    },
    {
      "type": "Feature",
      "geometry": {
        "type": "Polygon",
        "coordinates": [
          [
            [
              -0.4535396,
              51.4718857
            ],
            [
              -0.4533375,
              51.4717951
            ],
            [
              -0.4530506,
              51.4716663
            ],
            [
              -0.4527474,
              51.4715308
            ],
            [
              -0.4525625,
              51.4714463
            ],
            [
              -0.452438,
              51.4713845
            ],
            [
              -0.4523357,
              51.4713338
            ],
            [
              -0.4523526,
              51.4713184
            ],
            [
              -0.4524461,
              51.4713602
            ],
            [
              -0.4524789,
              51.4713318
            ],
            [
              -0.4535395,
              51.4718124
            ],
            [
              -0.4535102,
              51.4718377
            ],
            [
              -0.4535656,
              51.4718625
            ],
            [
              -0.4535396,
              51.4718857
            ]
          ]
        ]
      },
      "properties": {
        "area": "yes",
        "bench": "yes",
        "bin": "yes",
        "description": "Heathrow Terminal 1-3 - Piccadilly Line - Eastbound - Platform 2",
        "indoor": "yes",
        "layer": "-4",
        "level": "-4",
        "naptan:AtcoCode": "9400ZZLUHRC1",
        "public_transport": "platform",
        "railway": "platform",
        "ref": "2",
        "subway": "yes",
        "tactile_paving": "yes",
        "tunnel": "yes",
        "wheelchair": "yes",
        "osm_id": 570155766,
        "osm_type": "way"
      }
    },
    {
      "type": "Feature",
      "geometry": {
        "type": "LineString",
        "coordinates": [
          [
            -0.4528625,
            51.4714301
          ],
          [
            -0.4528452,
            51.4714453
          ],
          [
            -0.4527683,
            51.4715126
          ],
          [
            -0.4527474,
            51.4715308
          ]
        ]
      },
      "properties": {
        "highway": "footway",
        "indoor": "yes",
        "layer": "-4",
        "level": "-4",
        "tunnel": "yes",
        "osm_id": 570155769,
        "osm_type": "way"
      }
    },
    {
      "type": "Feature",
      "geometry": {
        "type": "LineString",
        "coordinates": [
          [
            -0.4526794,
            51.4713479
          ],
          [
            -0.4526613,
            51.4713631
          ]
        ]
      },
      "properties": {
        "highway": "footway",
        "indoor": "yes",
        "layer": "-4",
        "level": "-4",
        "tunnel": "yes",
        "osm_id": 570155770,
        "osm_type": "way"
      }
    },
    {
      "type": "Feature",
      "geometry": {
        "type": "LineString",
        "coordinates": [
          [
            -0.452583,
            51.4714291
          ],
          [
            -0.4525625,
            51.4714463
          ]
        ]
      },
      "properties": {
        "highway": "footway",
        "indoor": "yes",
        "layer": "-4",
        "level": "-4",
        "tunnel": "yes",
        "osm_id": 570155776,
        "osm_type": "way"
      }
    },
    {
      "type": "Feature",
      "geometry": {
        "type": "LineString",
        "coordinates": [
          [
            -0.4532487,
            51.4716291
          ],
          [
            -0.453148,
            51.4715836
          ]
        ]
      },
      "properties": {
        "highway": "footway",
        "indoor": "yes",
        "layer": "-4",
        "level": "-4",
        "tunnel": "yes",
        "osm_id": 570155785,
        "osm_type": "way"
      }
    },
    {
      "type": "Feature",
      "geometry": {
        "type": "LineString",
        "coordinates": [
          [
            -0.4532018,
            51.4717088
          ],
          [
            -0.4530695,
            51.4716502
          ]
        ]
      },
      "properties": {
        "highway": "footway",
        "indoor": "yes",
        "layer": "-4",
        "level": "-4",
        "tunnel": "yes",
        "osm_id": 570155791,
        "osm_type": "way"
      }
    },
    {
      "type": "Feature",
      "geometry": {
        "type": "Polygon",
        "coordinates": [
          [
            [
              -0.4525087,
              51.4713855
            ],
            [
              -0.4524742,
              51.4713702
            ],
            [
              -0.4524862,
              51.4713597
            ],
            [
              -0.4525018,
              51.471346
            ],
            [
              -0.4525363,
              51.4713612
            ],
            [
              -0.4525218,
              51.471374
            ],
            [
              -0.4525087,
              51.4713855
            ]
          ]
        ]
      },
      "properties": {
        "building:part": "elevator",
        "indoor": "yes",
        "level": "-4;-2",
        "ref": "1",
        "osm_id": 570155792,
        "osm_type": "way"
      }
    },
    {
      "type": "Feature",
      "geometry": {
        "type": "Polygon",
        "coordinates": [
          [
            [
              -0.4525363,
              51.4713612
            ],
            [
              -0.4525018,
              51.471346
            ],
            [
              -0.4525149,
              51.4713345
            ],
            [
              -0.4525294,
              51.4713217
            ],
            [
              -0.4525639,
              51.471337
            ],
            [
              -0.4525499,
              51.4713493
            ],
            [
              -0.4525363,
              51.4713612
            ]
          ]
        ]
      },
      "properties": {
        "building:part": "elevator",
        "indoor": "yes",
        "level": "-4;-2",
        "ref": "2",
        "osm_id": 570155793,
        "osm_type": "way"
      }
    },
    {
      "type": "Feature",
      "geometry": {
        "type": "LineString",
        "coordinates": [
          [
            -0.4525433,
            51.471411
          ],
          [
            -0.452583,
            51.4714291
          ]
        ]
      },
      "properties": {
        "highway": "footway",
        "incline": "up",
        "indoor": "yes",
        "level": "-4",
        "ramp": "yes",
        "tunnel": "yes",
        "wheelchair": "yes",
        "osm_id": 570155794,
        "osm_type": "way"
      }
    },
    {
      "type": "Feature",
      "geometry": {
        "type": "LineString",
        "coordinates": [
          [
            -0.4526187,
            51.4713453
          ],
          [
            -0.4526613,
            51.4713631
          ]
        ]
      },
      "properties": {
        "highway": "footway",
        "incline": "up",
        "indoor": "yes",
        "level": "-4",
        "ramp": "yes",
        "tunnel": "yes",
        "wheelchair": "yes",
        "osm_id": 570155795,
        "osm_type": "way"
      }
    },
    {
      "type": "Feature",
      "geometry": {
        "type": "LineString",
        "coordinates": [
          [
            -0.452552,
            51.4713783
          ],
          [
            -0.4525619,
            51.4713694
          ],
          [
            -0.4525786,
            51.4713544
          ]
        ]
      },
      "properties": {
        "highway": "footway",
        "indoor": "yes",
        "layer": "-4",
        "level": "-4",
        "tunnel": "yes",
        "wheelchair": "yes",
        "osm_id": 570155796,
        "osm_type": "way"
      }
    },
    {
      "type": "Feature",
      "geometry": {
        "type": "LineString",
        "coordinates": [
          [
            -0.4526187,
            51.4713453
          ],
          [
            -0.4525786,
            51.4713544
          ]
        ]
      },
      "properties": {
        "highway": "footway",
        "indoor": "yes",
        "layer": "-4",
        "level": "-4",
        "tunnel": "yes",
        "wheelchair": "yes",
        "osm_id": 570155797,
        "osm_type": "way"
      }
    },
    {
      "type": "Feature",
      "geometry": {
        "type": "LineString",
        "coordinates": [
          [
            -0.4525433,
            51.471411
          ],
          [
            -0.452552,
            51.4713783
          ]
        ]
      },
      "properties": {
        "highway": "footway",
        "indoor": "yes",
        "layer": "-4",
        "level": "-4",
        "tunnel": "yes",
        "wheelchair": "yes",
        "osm_id": 570155798,
        "osm_type": "way"
      }
    },
    {
      "type": "Feature",
      "geometry": {
        "type": "LineString",
        "coordinates": [
          [
            -0.4525004,
            51.4713279
          ],
          [
            -0.4525328,
            51.4713415
          ],
          [
            -0.4525786,
            51.4713544
          ]
        ]
      },
      "properties": {
        "highway": "footway",
        "indoor": "yes",
        "layer": "-4",
        "level": "-4",
        "oneway": "yes",
        "tunnel": "yes",
        "wheelchair": "yes",
        "osm_id": 570155799,
        "osm_type": "way"
      }
    },
    {
      "type": "Feature",
      "geometry": {
        "type": "LineString",
        "coordinates": [
          [
            -0.4524725,
            51.4713528
          ],
          [
            -0.4525052,
            51.4713657
          ],
          [
            -0.452552,
            51.4713783
          ]
        ]
      },
      "properties": {
        "highway": "footway",
        "indoor": "yes",
        "layer": "-4",
        "level": "-4",
        "oneway": "yes",
        "tunnel": "yes",
        "wheelchair": "yes",
        "osm_id": 570155800,
        "osm_type": "way"
      }
    },
    {
      "type": "Feature",
      "geometry": {
        "type": "LineString",
        "coordinates": [
          [
            -0.4527262,
            51.4714934
          ],
          [
            -0.452583,
            51.4714291
          ]
        ]
      },
      "properties": {
        "highway": "footway",
        "indoor": "yes",
        "layer": "-4",
        "level": "-4",
        "tunnel": "yes",
        "wheelchair": "yes",
        "osm_id": 570155801,
        "osm_type": "way"
      }
    },
    {
      "type": "Feature",
      "geometry": {
        "type": "LineString",
        "coordinates": [
          [
            -0.452804,
            51.4714264
          ],
          [
            -0.4526613,
            51.4713631
          ]
        ]
      },
      "properties": {
        "highway": "footway",
        "indoor": "yes",
        "layer": "-4",
        "level": "-4",
        "tunnel": "yes",
        "wheelchair": "yes",
        "osm_id": 570155802,
        "osm_type": "way"
      }
    },
    {
      "type": "Feature",
      "geometry": {
        "type": "LineString",
        "coordinates": [
          [
            -0.4529064,
            51.4715757
          ],
          [
            -0.4527683,
            51.4715126
          ]
        ]
      },
      "properties": {
        "highway": "footway",
        "indoor": "yes",
        "layer": "-4",
        "level": "-4",
        "tunnel": "yes",
        "wheelchair": "yes",
        "osm_id": 570155804,
        "osm_type": "way"
      }
    },
    {
      "type": "Feature",
      "geometry": {
        "type": "LineString",
        "coordinates": [
          [
            -0.4527683,
            51.4715126
          ],
          [
            -0.4527262,
            51.4714934
          ]
        ]
      },
      "properties": {
        "highway": "footway",
        "incline": "up",
        "indoor": "yes",
        "level": "-4",
        "ramp": "yes",
        "tunnel": "yes",
        "wheelchair": "yes",
        "osm_id": 570155813,
        "osm_type": "way"
      }
    },
    {
      "type": "Feature",
      "geometry": {
        "type": "LineString",
        "coordinates": [
          [
            -0.452983,
            51.4715082
          ],
          [
            -0.4528452,
            51.4714453
          ]
        ]
      },
      "properties": {
        "highway": "footway",
        "indoor": "yes",
        "layer": "-4",
        "level": "-4",
        "tunnel": "yes",
        "wheelchair": "yes",
        "osm_id": 570155822,
        "osm_type": "way"
      }
    },
    {
      "type": "Feature",
      "geometry": {
        "type": "LineString",
        "coordinates": [
          [
            -0.4529064,
            51.4715757
          ],
          [
            -0.4529633,
            51.4716017
          ]
        ]
      },
      "properties": {
        "highway": "footway",
        "incline": "up",
        "indoor": "yes",
        "level": "-4",
        "ramp": "yes",
        "tunnel": "yes",
        "wheelchair": "yes",
        "osm_id": 570155830,
        "osm_type": "way"
      }
    },
    {
      "type": "Feature",
      "geometry": {
        "type": "LineString",
        "coordinates": [
          [
            -0.4528452,
            51.4714453
          ],
          [
            -0.452804,
            51.4714264
          ]
        ]
      },
      "properties": {
        "highway": "footway",
        "incline": "up",
        "indoor": "yes",
        "level": "-4",
        "ramp": "yes",
        "tunnel": "yes",
        "wheelchair": "yes",
        "osm_id": 570155839,
        "osm_type": "way"
      }
    },
    {
      "type": "Feature",
      "geometry": {
        "type": "LineString",
        "coordinates": [
          [
            -0.4529633,
            51.4716017
          ],
          [
            -0.4530695,
            51.4716502
          ]
        ]
      },
      "properties": {
        "highway": "footway",
        "indoor": "yes",
        "layer": "-4",
        "level": "-4",
        "tunnel": "yes",
        "wheelchair": "yes",
        "osm_id": 570155848,
        "osm_type": "way"
      }
    },
    {
      "type": "Feature",
      "geometry": {
        "type": "LineString",
        "coordinates": [
          [
            -0.452983,
            51.4715082
          ],
          [
            -0.4530404,
            51.4715344
          ]
        ]
      },
      "properties": {
        "highway": "footway",
        "incline": "up",
        "indoor": "yes",
        "level": "-4",
        "ramp": "yes",
        "tunnel": "yes",
        "wheelchair": "yes",
        "osm_id": 570155857,
        "osm_type": "way"
      }
    },
    {
      "type": "Feature",
      "geometry": {
        "type": "LineString",
        "coordinates": [
          [
            -0.4529925,
            51.4715766
          ],
          [
            -0.4528118,
            51.4714959
          ]
        ]
      },
      "properties": {
        "conveying": "yes",
        "highway": "steps",
        "incline": "up",
        "indoor": "yes",
        "layer": "-4",
        "level": "-4;-2",
        "ref": "esc 3",
        "tunnel": "yes",
        "osm_id": 570155866,
        "osm_type": "way"
      }
    },
    {
      "type": "Feature",
      "geometry": {
        "type": "LineString",
        "coordinates": [
          [
            -0.4531158,
            51.4716109
          ],
          [
            -0.4530088,
            51.471562
          ]
        ]
      },
      "properties": {
        "highway": "footway",
        "indoor": "yes",
        "layer": "-4",
        "level": "-4",
        "tunnel": "yes",
        "osm_id": 570155876,
        "osm_type": "way"
      }
    },
    {
      "type": "Feature",
      "geometry": {
        "type": "LineString",
        "coordinates": [
          [
            -0.4530088,
            51.471562
          ],
          [
            -0.4528282,
            51.4714814
          ]
        ]
      },
      "properties": {
        "conveying": "yes",
        "highway": "steps",
        "incline": "up",
        "indoor": "yes",
        "layer": "-4",
        "level": "-4;-2",
        "ref": "esc 4",
        "tunnel": "yes",
        "osm_id": 570155883,
        "osm_type": "way"
      }
    },
    {
      "type": "Feature",
      "geometry": {
        "type": "LineString",
        "coordinates": [
          [
            -0.4530989,
            51.4716253
          ],
          [
            -0.4529925,
            51.4715766
          ]
        ]
      },
      "properties": {
        "highway": "footway",
        "indoor": "yes",
        "layer": "-4",
        "level": "-4",
        "tunnel": "yes",
        "osm_id": 570155891,
        "osm_type": "way"
      }
    },
    {
      "type": "Feature",
      "geometry": {
        "type": "LineString",
        "coordinates": [
          [
            -0.4530506,
            51.4716663
          ],
          [
            -0.4530695,
            51.4716502
          ],
          [
            -0.4530989,
            51.4716253
          ],
          [
            -0.4531158,
            51.4716109
          ],
          [
            -0.453148,
            51.4715836
          ],
          [
            -0.4530404,
            51.4715344
          ]
        ]
      },
      "properties": {
        "highway": "footway",
        "indoor": "yes",
        "layer": "-4",
        "level": "-4",
        "tunnel": "yes",
        "wheelchair": "yes",
        "osm_id": 570155899,
        "osm_type": "way"
      }
    },
    {
      "type": "Feature",
      "geometry": {
        "type": "LineString",
        "coordinates": [
          [
            -0.4531679,
            51.4715667
          ],
          [
            -0.453148,
            51.4715836
          ]
        ]
      },
      "properties": {
        "highway": "footway",
        "indoor": "yes",
        "layer": "-4",
        "level": "-4",
        "tunnel": "yes",
        "osm_id": 570155910,
        "osm_type": "way"
      }
    },
    {
      "type": "Feature",
      "geometry": {
        "type": "LineString",
        "coordinates": [
          [
            -0.4534035,
            51.4717387
          ],
          [
            -0.4533755,
            51.471726
          ]
        ]
      },
      "properties": {
        "highway": "footway",
        "indoor": "yes",
        "layer": "-4",
        "level": "-4",
        "tunnel": "yes",
        "osm_id": 570155919,
        "osm_type": "way"
      }
    },
    {
      "type": "Feature",
      "geometry": {
        "type": "LineString",
        "coordinates": [
          [
            -0.4533867,
            51.4717531
          ],
          [
            -0.4533591,
            51.4717406
          ]
        ]
      },
      "properties": {
        "highway": "footway",
        "indoor": "yes",
        "layer": "-4",
        "level": "-4",
        "tunnel": "yes",
        "osm_id": 570155927,
        "osm_type": "way"
      }
    },
    {
      "type": "Feature",
      "geometry": {
        "type": "LineString",
        "coordinates": [
          [
            -0.4533375,
            51.4717951
          ],
          [
            -0.4533566,
            51.4717792
          ]
        ]
      },
      "properties": {
        "highway": "footway",
        "indoor": "yes",
        "layer": "-4",
        "level": "-4",
        "tunnel": "yes",
        "osm_id": 570155939,
        "osm_type": "way"
      }
    },
    {
      "type": "Feature",
      "geometry": {
        "type": "LineString",
        "coordinates": [
          [
            -0.4534533,
            51.4716962
          ],
          [
            -0.4534333,
            51.471713
          ]
        ]
      },
      "properties": {
        "highway": "footway",
        "indoor": "yes",
        "layer": "-4",
        "level": "-4",
        "tunnel": "yes",
        "osm_id": 570155949,
        "osm_type": "way"
      }
    },
    {
      "type": "Feature",
      "geometry": {
        "type": "LineString",
        "coordinates": [
          [
            -0.453389,
            51.4716928
          ],
          [
            -0.4532794,
            51.471643
          ]
        ]
      },
      "properties": {
        "highway": "footway",
        "indoor": "yes",
        "layer": "-4",
        "level": "-4",
        "tunnel": "yes",
        "wheelchair": "yes",
        "osm_id": 570155950,
        "osm_type": "way"
      }
    },
    {
      "type": "Feature",
      "geometry": {
        "type": "LineString",
        "coordinates": [
          [
            -0.4532326,
            51.4717228
          ],
          [
            -0.4533259,
            51.4717652
          ]
        ]
      },
      "properties": {
        "highway": "footway",
        "indoor": "yes",
        "layer": "-4",
        "level": "-4",
        "tunnel": "yes",
        "wheelchair": "yes",
        "osm_id": 570155951,
        "osm_type": "way"
      }
    },
    {
      "type": "Feature",
      "geometry": {
        "type": "LineString",
        "coordinates": [
          [
            -0.4533755,
            51.471726
          ],
          [
            -0.4531924,
            51.4716436
          ]
        ]
      },
      "properties": {
        "conveying": "yes",
        "highway": "steps",
        "incline": "up",
        "indoor": "yes",
        "layer": "-4",
        "level": "-4;-2",
        "ref": "esc 2",
        "tunnel": "yes",
        "osm_id": 570155952,
        "osm_type": "way"
      }
    },
    {
      "type": "Feature",
      "geometry": {
        "type": "LineString",
        "coordinates": [
          [
            -0.4532018,
            51.4717088
          ],
          [
            -0.4532326,
            51.4717228
          ]
        ]
      },
      "properties": {
        "highway": "footway",
        "incline": "up",
        "indoor": "yes",
        "level": "-4",
        "ramp": "yes",
        "tunnel": "yes",
        "wheelchair": "yes",
        "osm_id": 570155953,
        "osm_type": "way"
      }
    },
    {
      "type": "Feature",
      "geometry": {
        "type": "LineString",
        "coordinates": [
          [
            -0.4532487,
            51.4716291
          ],
          [
            -0.4532794,
            51.471643
          ]
        ]
      },
      "properties": {
        "highway": "footway",
        "incline": "up",
        "indoor": "yes",
        "level": "-4",
        "ramp": "yes",
        "tunnel": "yes",
        "wheelchair": "yes",
        "osm_id": 570155954,
        "osm_type": "way"
      }
    },
    {
      "type": "Feature",
      "geometry": {
        "type": "LineString",
        "coordinates": [
          [
            -0.4534196,
            51.4717068
          ],
          [
            -0.453389,
            51.4716928
          ]
        ]
      },
      "properties": {
        "highway": "footway",
        "incline": "up",
        "indoor": "yes",
        "level": "-4",
        "ramp": "yes",
        "tunnel": "yes",
        "wheelchair": "yes",
        "osm_id": 570155955,
        "osm_type": "way"
      }
    },
    {
      "type": "Feature",
      "geometry": {
        "type": "LineString",
        "coordinates": [
          [
            -0.4533566,
            51.4717792
          ],
          [
            -0.4533259,
            51.4717652
          ]
        ]
      },
      "properties": {
        "highway": "footway",
        "incline": "up",
        "indoor": "yes",
        "level": "-4",
        "ramp": "yes",
        "tunnel": "yes",
        "wheelchair": "yes",
        "osm_id": 570155956,
        "osm_type": "way"
      }
    },
    {
      "type": "Feature",
      "geometry": {
        "type": "LineString",
        "coordinates": [
          [
            -0.4761815,
            51.4709994
          ],
          [
            -0.4761802,
            51.4709605
          ],
          [
            -0.4759603,
            51.4709634
          ]
        ]
      },
      "properties": {
        "highway": "footway",
        "indoor": "yes",
        "level": "-4",
        "osm_id": 1178360760,
        "osm_type": "way"
      }
    },
    {
      "type": "Feature",
      "geometry": {
        "type": "LineString",
        "coordinates": [
          [
            -0.4761357,
            51.4710337
          ],
          [
            -0.4762292,
            51.4710331
          ],
          [
            -0.4762288,
            51.471021
          ],
          [
            -0.4762284,
            51.47101
          ],
          [
            -0.4761349,
            51.4710113
          ]
        ]
      },
      "properties": {
        "highway": "footway",
        "indoor": "yes",
        "level": "-2",
        "osm_id": 1178360761,
        "osm_type": "way"
      }
    },
    {
      "type": "Feature",
      "geometry": {
        "type": "LineString",
        "coordinates": [
          [
            -0.4761823,
            51.4710216
          ],
          [
            -0.4762288,
            51.471021
          ]
        ]
      },
      "properties": {
        "highway": "steps",
        "incline": "up",
        "indoor": "yes",
        "level": "-4;-2",
        "osm_id": 1178360762,
        "osm_type": "way"
      }
    },
    {
      "type": "Feature",
      "geometry": {
        "type": "LineString",
        "coordinates": [
          [
            -0.47596,
            51.471036
          ],
          [
            -0.4761357,
            51.4710337
          ],
          [
            -0.4761827,
            51.471033
          ],
          [
            -0.4761823,
            51.4710216
          ],
          [
            -0.4761815,
            51.4709994
          ],
          [
            -0.4759617,
            51.4710024
          ]
        ]
      },
      "properties": {
        "highway": "footway",
        "indoor": "yes",
        "level": "-4",
        "osm_id": 1178360763,
        "osm_type": "way"
      }
    },
    {
      "type": "Feature",
      "geometry": {
        "type": "LineString",
        "coordinates": [
          [
            -0.4760807,
            51.4711409
          ],
          [
            -0.4760797,
            51.4711113
          ]
        ]
      },
      "properties": {
        "conveying": "forward",
        "highway": "steps",
        "incline": "up",
        "indoor": "yes",
        "level": "-2;0",
        "osm_id": 1178360766,
        "osm_type": "way"
      }
    },
    {
      "type": "Feature",
      "geometry": {
        "type": "LineString",
        "coordinates": [
          [
            -0.4759625,
            51.4711425
          ],
          [
            -0.4760807,
            51.4711409
          ],
          [
            -0.4761004,
            51.4711406
          ]
        ]
      },
      "properties": {
        "highway": "footway",
        "indoor": "yes",
        "level": "-2",
        "osm_id": 1178360768,
        "osm_type": "way"
      }
    },
    {
      "type": "Feature",
      "geometry": {
        "type": "LineString",
        "coordinates": [
          [
            -0.4760963,
            51.4710244
          ],
          [
            -0.4761353,
            51.4710239
          ]
        ]
      },
      "properties": {
        "conveying": "forward",
        "highway": "steps",
        "incline": "up",
        "indoor": "yes",
        "level": "-2;0",
        "osm_id": 1178360771,
        "osm_type": "way"
      }
    },
    {
      "type": "Feature",
      "geometry": {
        "type": "LineString",
        "coordinates": [
          [
            -0.4761332,
            51.4709611
          ],
          [
            -0.4759603,
            51.4709634
          ]
        ]
      },
      "properties": {
        "highway": "footway",
        "indoor": "yes",
        "level": "-2",
        "osm_id": 1178360777,
        "osm_type": "way"
      }
    },
    {
      "type": "Feature",
      "geometry": {
        "type": "LineString",
        "coordinates": [
          [
            -0.4761345,
            51.4710001
          ],
          [
            -0.4759617,
            51.4710024
          ]
        ]
      },
      "properties": {
        "highway": "footway",
        "indoor": "yes",
        "level": "-2",
        "osm_id": 1178360778,
        "osm_type": "way"
      }
    },
    {
      "type": "Feature",
      "geometry": {
        "type": "LineString",
        "coordinates": [
          [
            -0.4761357,
            51.4710337
          ],
          [
            -0.47596,
            51.471036
          ]
        ]
      },
      "properties": {
        "highway": "footway",
        "indoor": "yes",
        "level": "-2",
        "osm_id": 1178360779,
        "osm_type": "way"
      }
    },
    {
      "type": "Feature",
      "geometry": {
        "type": "LineString",
        "coordinates": [
          [
            -0.4761321,
            51.4709307
          ],
          [
            -0.4761332,
            51.4709611
          ],
          [
            -0.4761345,
            51.4710001
          ],
          [
            -0.4761349,
            51.4710113
          ],
          [
            -0.4761351,
            51.4710186
          ],
          [
            -0.4761353,
            51.4710239
          ],
          [
            -0.4761357,
            51.4710337
          ],
          [
            -0.4761367,
            51.4710646
          ],
          [
            -0.4759599,
            51.471067
          ]
        ]
      },
      "properties": {
        "highway": "footway",
        "indoor": "yes",
        "level": "-2",
        "osm_id": 1178360780,
        "osm_type": "way"
      }
    },
    {
      "type": "Feature",
      "geometry": {
        "type": "LineString",
        "coordinates": [
          [
            -0.4761597,
            51.4707729
          ],
          [
            -0.4761586,
            51.4707434
          ]
        ]
      },
      "properties": {
        "conveying": "forward",
        "highway": "steps",
        "incline": "up",
        "indoor": "yes",
        "level": "-2;0",
        "osm_id": 1178360781,
        "osm_type": "way"
      }
    },
    {
      "type": "Feature",
      "geometry": {
        "type": "LineString",
        "coordinates": [
          [
            -0.4761382,
            51.4707732
          ],
          [
            -0.4761597,
            51.4707729
          ],
          [
            -0.4761881,
            51.4707725
          ],
          [
            -0.476187,
            51.470743
          ],
          [
            -0.4761856,
            51.4707008
          ],
          [
            -0.4761839,
            51.4706523
          ]
        ]
      },
      "properties": {
        "highway": "footway",
        "indoor": "yes",
        "level": "-2",
        "osm_id": 1178360795,
        "osm_type": "way"
      }
    },
    {
      "type": "Feature",
      "geometry": {
        "type": "LineString",
        "coordinates": [
          [
            -0.4866405,
            51.4709687
          ],
          [
            -0.4866396,
            51.4709458
          ]
        ]
      },
      "properties": {
        "highway": "footway",
        "indoor": "yes",
        "level": "-2",
        "level_ref": "-2",
        "osm_id": 1179822441,
        "osm_type": "way"
      }
    },
    {
      "type": "Feature",
      "geometry": {
        "type": "LineString",
        "coordinates": [
          [
            -0.4869416,
            51.4709683
          ],
          [
            -0.4866405,
            51.4709687
          ]
        ]
      },
      "properties": {
        "highway": "footway",
        "indoor": "yes",
        "level": "-2",
        "level_ref": "-2",
        "osm_id": 1179822443,
        "osm_type": "way"
      }
    },
    {
      "type": "Feature",
      "geometry": {
        "type": "LineString",
        "coordinates": [
          [
            -0.486918,
            51.4711631
          ],
          [
            -0.4869181,
            51.4711418
          ],
          [
            -0.4869444,
            51.4711414
          ]
        ]
      },
      "properties": {
        "highway": "footway",
        "indoor": "yes",
        "level": "-4",
        "osm_id": 1179822446,
        "osm_type": "way"
      }
    },
    {
      "type": "Feature",
      "geometry": {
        "type": "LineString",
        "coordinates": [
          [
            -0.4814935,
            51.4708657
          ],
          [
            -0.4826931,
            51.4708556
          ],
          [
            -0.485675,
            51.4708136
          ],
          [
            -0.4868909,
            51.4708063
          ]
        ]
      },
      "properties": {
        "fixme": "approximate route",
        "highway": "footway",
        "indoor": "yes",
        "level": "-4",
        "level_ref": "-4",
        "tunnel": "yes",
        "osm_id": 1179822447,
        "osm_type": "way"
      }
    },
    {
      "type": "Feature",
      "geometry": {
        "type": "LineString",
        "coordinates": [
          [
            -0.4868456,
            51.4711105
          ],
          [
            -0.4868916,
            51.4711105
          ]
        ]
      },
      "properties": {
        "conveying": "forward",
        "highway": "steps",
        "incline": "up",
        "indoor": "yes",
        "level": "-2;0",
        "osm_id": 1179822448,
        "osm_type": "way"
      }
    },
    {
      "type": "Feature",
      "geometry": {
        "type": "LineString",
        "coordinates": [
          [
            -0.4869247,
            51.4711069
          ],
          [
            -0.4868949,
            51.4711067
          ]
        ]
      },
      "properties": {
        "highway": "steps",
        "indoor": "yes",
        "level": "-4;-2",
        "osm_id": 1179822450,
        "osm_type": "way"
      }
    },
    {
      "type": "Feature",
      "geometry": {
        "type": "LineString",
        "coordinates": [
          [
            -0.4868947,
            51.4711139
          ],
          [
            -0.4868949,
            51.4711067
          ]
        ]
      },
      "properties": {
        "highway": "footway",
        "indoor": "yes",
        "level": "-2",
        "level_ref": "-2",
        "osm_id": 1179822451,
        "osm_type": "way"
      }
    },
    {
      "type": "Feature",
      "geometry": {
        "type": "LineString",
        "coordinates": [
          [
            -0.4869438,
            51.4711074
          ],
          [
            -0.4869247,
            51.4711069
          ]
        ]
      },
      "properties": {
        "highway": "footway",
        "indoor": "yes",
        "level": "-4",
        "osm_id": 1179822452,
        "osm_type": "way"
      }
    },
    {
      "type": "Feature",
      "geometry": {
        "type": "LineString",
        "coordinates": [
          [
            -0.4869835,
            51.4709685
          ],
          [
            -0.4869416,
            51.4709683
          ],
          [
            -0.4869419,
            51.4709897
          ],
          [
            -0.4869838,
            51.4709898
          ]
        ]
      },
      "properties": {
        "highway": "footway",
        "indoor": "yes",
        "level": "-2",
        "level_ref": "-2",
        "osm_id": 1179822455,
        "osm_type": "way"
      }
    },
    {
      "type": "Feature",
      "geometry": {
        "type": "LineString",
        "coordinates": [
          [
            -0.4869838,
            51.4709898
          ],
          [
            -0.4869419,
            51.4709897
          ],
          [
            -0.4869416,
            51.4709683
          ],
          [
            -0.4869835,
            51.4709685
          ]
        ]
      },
      "properties": {
        "highway": "footway",
        "indoor": "yes",
        "level": "-4",
        "osm_id": 1179822456,
        "osm_type": "way"
      }
    },
    {
      "type": "Feature",
      "geometry": {
        "type": "LineString",
        "coordinates": [
          [
            -0.4869441,
            51.4711192
          ],
          [
            -0.4869444,
            51.4711414
          ],
          [
            -0.4869872,
            51.4711417
          ]
        ]
      },
      "properties": {
        "highway": "footway",
        "indoor": "yes",
        "level": "-2",
        "level_ref": "-2",
        "osm_id": 1179822460,
        "osm_type": "way"
      }
    },
    {
      "type": "Feature",
      "geometry": {
        "type": "LineString",
        "coordinates": [
          [
            -0.4869437,
            51.4710962
          ],
          [
            -0.486944,
            51.4711142
          ],
          [
            -0.4869441,
            51.4711192
          ],
          [
            -0.4869869,
            51.4711194
          ]
        ]
      },
      "properties": {
        "highway": "footway",
        "indoor": "yes",
        "level": "-2",
        "level_ref": "-2",
        "osm_id": 1179822461,
        "osm_type": "way"
      }
    },
    {
      "type": "Feature",
      "geometry": {
        "type": "LineString",
        "coordinates": [
          [
            -0.4869437,
            51.4710962
          ],
          [
            -0.4869866,
            51.4710964
          ]
        ]
      },
      "properties": {
        "highway": "footway",
        "indoor": "yes",
        "level": "-2",
        "level_ref": "-2",
        "osm_id": 1179822462,
        "osm_type": "way"
      }
    },
    {
      "type": "Feature",
      "geometry": {
        "type": "LineString",
        "coordinates": [
          [
            -0.4869419,
            51.4709897
          ],
          [
            -0.4869422,
            51.4710087
          ],
          [
            -0.4869841,
            51.4710089
          ]
        ]
      },
      "properties": {
        "highway": "footway",
        "indoor": "yes",
        "level": "-2",
        "level_ref": "-2",
        "osm_id": 1179822463,
        "osm_type": "way"
      }
    },
    {
      "type": "Feature",
      "geometry": {
        "type": "LineString",
        "coordinates": [
          [
            -0.4869441,
            51.4711192
          ],
          [
            -0.4869444,
            51.4711414
          ],
          [
            -0.4869872,
            51.4711417
          ]
        ]
      },
      "properties": {
        "highway": "footway",
        "indoor": "yes",
        "level": "-4",
        "osm_id": 1179822465,
        "osm_type": "way"
      }
    },
    {
      "type": "Feature",
      "geometry": {
        "type": "LineString",
        "coordinates": [
          [
            -0.4869437,
            51.4710962
          ],
          [
            -0.4869438,
            51.4711074
          ],
          [
            -0.4869441,
            51.4711192
          ],
          [
            -0.4869869,
            51.4711194
          ]
        ]
      },
      "properties": {
        "highway": "footway",
        "indoor": "yes",
        "level": "-4",
        "osm_id": 1179822466,
        "osm_type": "way"
      }
    },
    {
      "type": "Feature",
      "geometry": {
        "type": "LineString",
        "coordinates": [
          [
            -0.4869422,
            51.4710087
          ],
          [
            -0.4869437,
            51.4710962
          ],
          [
            -0.4869866,
            51.4710964
          ]
        ]
      },
      "properties": {
        "highway": "footway",
        "indoor": "yes",
        "level": "-4",
        "osm_id": 1179822467,
        "osm_type": "way"
      }
    },
    {
      "type": "Feature",
      "geometry": {
        "type": "LineString",
        "coordinates": [
          [
            -0.4869419,
            51.4709897
          ],
          [
            -0.4869422,
            51.4710087
          ],
          [
            -0.4869841,
            51.4710089
          ]
        ]
      },
      "properties": {
        "highway": "footway",
        "indoor": "yes",
        "level": "-4",
        "osm_id": 1179822468,
        "osm_type": "way"
      }
    },
    {
      "type": "Feature",
      "geometry": {
        "type": "LineString",
        "coordinates": [
          [
            -0.4868399,
            51.470766
          ],
          [
            -0.4867724,
            51.4707665
          ]
        ]
      },
      "properties": {
        "conveying": "backward",
        "highway": "steps",
        "incline": "up",
        "indoor": "yes",
        "level": "-2;0",
        "osm_id": 1179822471,
        "osm_type": "way"
      }
    },
    {
      "type": "Feature",
      "geometry": {
        "type": "LineString",
        "coordinates": [
          [
            -0.4862842,
            51.4708222
          ],
          [
            -0.4867719,
            51.4708063
          ],
          [
            -0.4868909,
            51.4708063
          ]
        ]
      },
      "properties": {
        "highway": "footway",
        "indoor": "yes",
        "level": "-2",
        "level_ref": "-2",
        "osm_id": 1179822473,
        "osm_type": "way"
      }
    },
    {
      "type": "Feature",
      "geometry": {
        "type": "LineString",
        "coordinates": [
          [
            -0.4868904,
            51.4707655
          ],
          [
            -0.4868909,
            51.4708063
          ],
          [
            -0.4869476,
            51.4708059
          ]
        ]
      },
      "properties": {
        "highway": "footway",
        "indoor": "yes",
        "level": "-2",
        "level_ref": "-2",
        "osm_id": 1179822483,
        "osm_type": "way"
      }
    },
    {
      "type": "Feature",
      "geometry": {
        "type": "LineString",
        "coordinates": [
          [
            -0.4869508,
            51.4707291
          ],
          [
            -0.486889,
            51.4707293
          ],
          [
            -0.4868904,
            51.4707655
          ],
          [
            -0.4869488,
            51.4707653
          ]
        ]
      },
      "properties": {
        "highway": "footway",
        "indoor": "yes",
        "level": "-2",
        "level_ref": "-2",
        "osm_id": 1179822484,
        "osm_type": "way"
      }
    },
    {
      "type": "Feature",
      "geometry": {
        "type": "LineString",
        "coordinates": [
          [
            -0.4868904,
            51.4707655
          ],
          [
            -0.4868909,
            51.4708063
          ],
          [
            -0.4869476,
            51.4708059
          ]
        ]
      },
      "properties": {
        "highway": "footway",
        "indoor": "yes",
        "level": "-4",
        "osm_id": 1179822486,
        "osm_type": "way"
      }
    },
    {
      "type": "Feature",
      "geometry": {
        "type": "LineString",
        "coordinates": [
          [
            -0.4869508,
            51.4707291
          ],
          [
            -0.486889,
            51.4707293
          ],
          [
            -0.4868904,
            51.4707655
          ],
          [
            -0.4869488,
            51.4707653
          ]
        ]
      },
      "properties": {
        "highway": "footway",
        "indoor": "yes",
        "level": "-4",
        "osm_id": 1179822487,
        "osm_type": "way"
      }
    },
    {
      "type": "Feature",
      "geometry": {
        "type": "LineString",
        "coordinates": [
          [
            -0.4810199,
            51.4710248
          ],
          [
            -0.4810206,
            51.4709979
          ]
        ]
      },
      "properties": {
        "highway": "footway",
        "indoor": "yes",
        "level": "-4",
        "osm_id": 1179971601,
        "osm_type": "way"
      }
    },
    {
      "type": "Feature",
      "geometry": {
        "type": "LineString",
        "coordinates": [
          [
            -0.4810194,
            51.4710583
          ],
          [
            -0.4810199,
            51.4710248
          ]
        ]
      },
      "properties": {
        "highway": "footway",
        "indoor": "yes",
        "level": "-4",
        "osm_id": 1179971602,
        "osm_type": "way"
      }
    },
    {
      "type": "Feature",
      "geometry": {
        "type": "LineString",
        "coordinates": [
          [
            -0.4810424,
            51.4710581
          ],
          [
            -0.4810194,
            51.4710583
          ]
        ]
      },
      "properties": {
        "highway": "footway",
        "indoor": "yes",
        "level": "-4",
        "osm_id": 1179971604,
        "osm_type": "way"
      }
    },
    {
      "type": "Feature",
      "geometry": {
        "type": "LineString",
        "coordinates": [
          [
            -0.4815063,
            51.47106
          ],
          [
            -0.4812274,
            51.4710721
          ],
          [
            -0.4810424,
            51.4710581
          ]
        ]
      },
      "properties": {
        "highway": "footway",
        "indoor": "yes",
        "level": "-4",
        "osm_id": 1179971605,
        "osm_type": "way"
      }
    },
    {
      "type": "Feature",
      "geometry": {
        "type": "LineString",
        "coordinates": [
          [
            -0.4811092,
            51.4715248
          ],
          [
            -0.4811105,
            51.4715461
          ]
        ]
      },
      "properties": {
        "highway": "footway",
        "indoor": "yes",
        "level": "-2",
        "osm_id": 1179971664,
        "osm_type": "way"
      }
    },
    {
      "type": "Feature",
      "geometry": {
        "type": "LineString",
        "coordinates": [
          [
            -0.4813881,
            51.4716494
          ],
          [
            -0.4813787,
            51.4715223
          ]
        ]
      },
      "properties": {
        "conveying": "forward",
        "highway": "steps",
        "incline": "up",
        "indoor": "yes",
        "level": "-2;0",
        "osm_id": 1179971666,
        "osm_type": "way"
      }
    },
    {
      "type": "Feature",
      "geometry": {
        "type": "LineString",
        "coordinates": [
          [
            -0.4810441,
            51.4712007
          ],
          [
            -0.4810998,
            51.4711999
          ],
          [
            -0.4811092,
            51.4715248
          ],
          [
            -0.4813787,
            51.4715223
          ],
          [
            -0.4814471,
            51.4715223
          ]
        ]
      },
      "properties": {
        "highway": "footway",
        "indoor": "yes",
        "level": "-2",
        "osm_id": 1179971671,
        "osm_type": "way"
      }
    },
    {
      "type": "Feature",
      "geometry": {
        "type": "LineString",
        "coordinates": [
          [
            -0.4815027,
            51.4705648
          ],
          [
            -0.4815028,
            51.4705842
          ]
        ]
      },
      "properties": {
        "conveying": "forward",
        "highway": "steps",
        "incline": "up",
        "indoor": "yes",
        "level": "-2;0",
        "osm_id": 1179971677,
        "osm_type": "way"
      }
    },
    {
      "type": "Feature",
      "geometry": {
        "type": "LineString",
        "coordinates": [
          [
            -0.4815483,
            51.4706506
          ],
          [
            -0.4814928,
            51.4706507
          ]
        ]
      },
      "properties": {
        "highway": "footway",
        "indoor": "yes",
        "level": "-2",
        "osm_id": 1179971686,
        "osm_type": "way"
      }
    },
    {
      "type": "Feature",
      "geometry": {
        "type": "LineString",
        "coordinates": [
          [
            -0.4815482,
            51.4706419
          ],
          [
            -0.4814928,
            51.4706424
          ]
        ]
      },
      "properties": {
        "highway": "footway",
        "indoor": "yes",
        "level": "-2",
        "osm_id": 1179971687,
        "osm_type": "way"
      }
    },
    {
      "type": "Feature",
      "geometry": {
        "type": "LineString",
        "coordinates": [
          [
            -0.4815479,
            51.4706289
          ],
          [
            -0.4814927,
            51.4706294
          ]
        ]
      },
      "properties": {
        "highway": "footway",
        "indoor": "yes",
        "level": "-2",
        "osm_id": 1179971688,
        "osm_type": "way"
      }
    },
    {
      "type": "Feature",
      "geometry": {
        "type": "LineString",
        "coordinates": [
          [
            -0.481518,
            51.4707852
          ],
          [
            -0.481517,
            51.4707349
          ]
        ]
      },
      "properties": {
        "conveying": "backward",
        "highway": "steps",
        "incline": "down",
        "indoor": "yes",
        "level": "-2;-4",
        "osm_id": 1179971689,
        "osm_type": "way"
      }
    },
    {
      "type": "Feature",
      "geometry": {
        "type": "LineString",
        "coordinates": [
          [
            -0.48155,
            51.4707346
          ],
          [
            -0.481551,
            51.470785
          ]
        ]
      },
      "properties": {
        "conveying": "forward",
        "highway": "steps",
        "incline": "up",
        "indoor": "yes",
        "level": "-4;-2",
        "osm_id": 1179971690,
        "osm_type": "way"
      }
    },
    {
      "type": "Feature",
      "geometry": {
        "type": "LineString",
        "coordinates": [
          [
            -0.4810942,
            51.4708651
          ],
          [
            -0.4810911,
            51.4707809
          ],
          [
            -0.4810159,
            51.4707801
          ]
        ]
      },
      "properties": {
        "highway": "footway",
        "indoor": "yes",
        "level": "-4",
        "osm_id": 1179971691,
        "osm_type": "way"
      }
    },
    {
      "type": "Feature",
      "geometry": {
        "type": "LineString",
        "coordinates": [
          [
            -0.4815175,
            51.470524
          ],
          [
            -0.4815187,
            51.4705647
          ]
        ]
      },
      "properties": {
        "highway": "steps",
        "indoor": "yes",
        "level": "-2;-4",
        "osm_id": 1179971692,
        "osm_type": "way"
      }
    },
    {
      "type": "Feature",
      "geometry": {
        "type": "LineString",
        "coordinates": [
          [
            -0.4815466,
            51.4705645
          ],
          [
            -0.4815458,
            51.470524
          ]
        ]
      },
      "properties": {
        "highway": "steps",
        "indoor": "yes",
        "level": "-4;-2",
        "osm_id": 1179971693,
        "osm_type": "way"
      }
    },
    {
      "type": "Feature",
      "geometry": {
        "type": "LineString",
        "coordinates": [
          [
            -0.4814931,
            51.4707854
          ],
          [
            -0.481518,
            51.4707852
          ],
          [
            -0.481551,
            51.470785
          ]
        ]
      },
      "properties": {
        "highway": "footway",
        "indoor": "yes",
        "level": "-4",
        "osm_id": 1179971694,
        "osm_type": "way"
      }
    },
    {
      "type": "Feature",
      "geometry": {
        "type": "LineString",
        "coordinates": [
          [
            -0.4810424,
            51.4710581
          ],
          [
            -0.4810473,
            51.4711648
          ],
          [
            -0.4810441,
            51.4712007
          ]
        ]
      },
      "properties": {
        "highway": "footway",
        "indoor": "yes",
        "level": "-4",
        "osm_id": 1179971695,
        "osm_type": "way"
      }
    },
    {
      "type": "Feature",
      "geometry": {
        "type": "LineString",
        "coordinates": [
          [
            -0.4810159,
            51.4707801
          ],
          [
            -0.4810148,
            51.4707262
          ],
          [
            -0.4810118,
            51.4705685
          ],
          [
            -0.4815027,
            51.4705648
          ],
          [
            -0.4815187,
            51.4705647
          ],
          [
            -0.4815466,
            51.4705645
          ],
          [
            -0.4815479,
            51.4706289
          ],
          [
            -0.4815482,
            51.4706419
          ],
          [
            -0.4815483,
            51.4706506
          ],
          [
            -0.48155,
            51.4707346
          ],
          [
            -0.481517,
            51.4707349
          ]
        ]
      },
      "properties": {
        "highway": "footway",
        "indoor": "yes",
        "level": "-2",
        "osm_id": 1179971696,
        "osm_type": "way"
      }
    },
    {
      "type": "Feature",
      "geometry": {
        "type": "LineString",
        "coordinates": [
          [
            -0.4811019,
            51.4709928
          ],
          [
            -0.4810594,
            51.4709923
          ]
        ]
      },
      "properties": {
        "conveying": "forward",
        "highway": "steps",
        "incline": "down",
        "indoor": "yes",
        "level": "-1;-2",
        "osm_id": 1179971699,
        "osm_type": "way"
      }
    },
    {
      "type": "Feature",
      "geometry": {
        "type": "LineString",
        "coordinates": [
          [
            -0.4811017,
            51.4709995
          ],
          [
            -0.4811509,
            51.4709997
          ]
        ]
      },
      "properties": {
        "conveying": "forward",
        "highway": "steps",
        "incline": "up",
        "indoor": "yes",
        "level": "-1;0",
        "osm_id": 1179971701,
        "osm_type": "way"
      }
    },
    {
      "type": "Feature",
      "geometry": {
        "type": "LineString",
        "coordinates": [
          [
            -0.4810593,
            51.4709984
          ],
          [
            -0.4811017,
            51.4709995
          ]
        ]
      },
      "properties": {
        "conveying": "forward",
        "highway": "steps",
        "incline": "up",
        "indoor": "yes",
        "level": "-2;-1",
        "osm_id": 1179971702,
        "osm_type": "way"
      }
    },
    {
      "type": "Feature",
      "geometry": {
        "type": "LineString",
        "coordinates": [
          [
            -0.4810206,
            51.4709979
          ],
          [
            -0.4810593,
            51.4709984
          ]
        ]
      },
      "properties": {
        "conveying": "forward",
        "highway": "steps",
        "incline": "up",
        "indoor": "yes",
        "level": "-4;-2",
        "osm_id": 1179971703,
        "osm_type": "way"
      }
    },
    {
      "type": "Feature",
      "geometry": {
        "type": "LineString",
        "coordinates": [
          [
            -0.4810594,
            51.4709923
          ],
          [
            -0.4810206,
            51.470992
          ]
        ]
      },
      "properties": {
        "conveying": "forward",
        "highway": "steps",
        "incline": "down",
        "indoor": "yes",
        "level": "-2;-4",
        "osm_id": 1179971704,
        "osm_type": "way"
      }
    },
    {
      "type": "Feature",
      "geometry": {
        "type": "LineString",
        "coordinates": [
          [
            -0.4811022,
            51.4709735
          ],
          [
            -0.4810205,
            51.4709729
          ]
        ]
      },
      "properties": {
        "highway": "footway",
        "indoor": "yes",
        "level": "-1",
        "osm_id": 1179971710,
        "osm_type": "way"
      }
    },
    {
      "type": "Feature",
      "geometry": {
        "type": "LineString",
        "coordinates": [
          [
            -0.4811012,
            51.4710252
          ],
          [
            -0.4810199,
            51.4710248
          ]
        ]
      },
      "properties": {
        "highway": "footway",
        "indoor": "yes",
        "level": "-1",
        "osm_id": 1179971711,
        "osm_type": "way"
      }
    },
    {
      "type": "Feature",
      "geometry": {
        "type": "LineString",
        "coordinates": [
          [
            -0.4810194,
            51.4710583
          ],
          [
            -0.4810582,
            51.4710584
          ],
          [
            -0.4810588,
            51.4710247
          ],
          [
            -0.4810593,
            51.4709984
          ],
          [
            -0.4810594,
            51.4709923
          ],
          [
            -0.4810597,
            51.4709728
          ],
          [
            -0.4810603,
            51.4709369
          ],
          [
            -0.4810205,
            51.4709372
          ]
        ]
      },
      "properties": {
        "highway": "footway",
        "indoor": "yes",
        "level": "-2",
        "osm_id": 1179971713,
        "osm_type": "way"
      }
    },
    {
      "type": "Feature",
      "geometry": {
        "type": "LineString",
        "coordinates": [
          [
            -0.4810597,
            51.4709728
          ],
          [
            -0.4810205,
            51.4709729
          ]
        ]
      },
      "properties": {
        "highway": "footway",
        "indoor": "yes",
        "level": "-2",
        "osm_id": 1179971714,
        "osm_type": "way"
      }
    },
    {
      "type": "Feature",
      "geometry": {
        "type": "LineString",
        "coordinates": [
          [
            -0.4810588,
            51.4710247
          ],
          [
            -0.4810199,
            51.4710248
          ]
        ]
      },
      "properties": {
        "highway": "footway",
        "indoor": "yes",
        "level": "-2",
        "osm_id": 1179971715,
        "osm_type": "way"
      }
    },
    {
      "type": "Feature",
      "geometry": {
        "type": "LineString",
        "coordinates": [
          [
            -0.4810205,
            51.4709372
          ],
          [
            -0.481103,
            51.4709369
          ],
          [
            -0.4811022,
            51.4709735
          ],
          [
            -0.4811019,
            51.4709928
          ],
          [
            -0.4811017,
            51.4709995
          ],
          [
            -0.4811012,
            51.4710252
          ],
          [
            -0.4811005,
            51.4710586
          ],
          [
            -0.4810194,
            51.4710583
          ]
        ]
      },
      "properties": {
        "highway": "footway",
        "indoor": "yes",
        "level": "-1",
        "osm_id": 1179971716,
        "osm_type": "way"
      }
    },
    {
      "type": "Feature",
      "geometry": {
        "type": "LineString",
        "coordinates": [
          [
            -0.4810206,
            51.4709979
          ],
          [
            -0.4810206,
            51.470992
          ],
          [
            -0.4810205,
            51.4709729
          ],
          [
            -0.4810205,
            51.4709372
          ],
          [
            -0.4810961,
            51.4709365
          ],
          [
            -0.4810942,
            51.4708651
          ],
          [
            -0.4814935,
            51.4708657
          ],
          [
            -0.4814931,
            51.4707854
          ],
          [
            -0.4814928,
            51.4706507
          ],
          [
            -0.4814928,
            51.4706424
          ],
          [
            -0.4814927,
            51.4706294
          ],
          [
            -0.4814925,
            51.470524
          ],
          [
            -0.4815175,
            51.470524
          ],
          [
            -0.4815458,
            51.470524
          ]
        ]
      },
      "properties": {
        "highway": "footway",
        "indoor": "yes",
        "level": "-4",
        "osm_id": 1179971717,
        "osm_type": "way"
      }
    },
    {
      "type": "Feature",
      "geometry": {
        "type": "LineString",
        "coordinates": [
          [
            -0.4473627,
            51.4702626
          ],
          [
            -0.4475761,
            51.4702622
          ]
        ]
      },
      "properties": {
        "conveying": "forward",
        "highway": "steps",
        "incline": "up",
        "indoor": "yes",
        "level": "-1;1",
        "osm_id": 1180056190,
        "osm_type": "way"
      }
    },
    {
      "type": "Feature",
      "geometry": {
        "type": "LineString",
        "coordinates": [
          [
            -0.447363,
            51.4702739
          ],
          [
            -0.4475763,
            51.4702739
          ]
        ]
      },
      "properties": {
        "conveying": "forward",
        "highway": "steps",
        "incline": "up",
        "indoor": "yes",
        "level": "-1;1",
        "osm_id": 1180056192,
        "osm_type": "way"
      }
    },
    {
      "type": "Feature",
      "geometry": {
        "type": "LineString",
        "coordinates": [
          [
            -0.4471433,
            51.4703229
          ],
          [
            -0.4473707,
            51.4703219
          ]
        ]
      },
      "properties": {
        "conveying": "forward",
        "highway": "steps",
        "incline": "up",
        "indoor": "yes",
        "level": "-2;-1",
        "osm_id": 1180056195,
        "osm_type": "way"
      }
    },
    {
      "type": "Feature",
      "geometry": {
        "type": "LineString",
        "coordinates": [
          [
            -0.4471434,
            51.4703114
          ],
          [
            -0.4473708,
            51.4703093
          ]
        ]
      },
      "properties": {
        "conveying": "backward",
        "highway": "steps",
        "incline": "down",
        "indoor": "yes",
        "level": "-1;-2",
        "osm_id": 1180056196,
        "osm_type": "way"
      }
    },
    {
      "type": "Feature",
      "geometry": {
        "type": "LineString",
        "coordinates": [
          [
            -0.4473708,
            51.4703093
          ],
          [
            -0.4475774,
            51.4703089
          ]
        ]
      },
      "properties": {
        "conveying": "forward",
        "highway": "steps",
        "incline": "up",
        "indoor": "yes",
        "level": "-1;1",
        "osm_id": 1180056197,
        "osm_type": "way"
      }
    },
    {
      "type": "Feature",
      "geometry": {
        "type": "LineString",
        "coordinates": [
          [
            -0.447135,
            51.4704928
          ],
          [
            -0.4472065,
            51.4704921
          ]
        ]
      },
      "properties": {
        "highway": "footway",
        "indoor": "yes",
        "level": "-2",
        "osm_id": 1180056201,
        "osm_type": "way"
      }
    },
    {
      "type": "Feature",
      "geometry": {
        "type": "LineString",
        "coordinates": [
          [
            -0.4472078,
            51.4705781
          ],
          [
            -0.4471335,
            51.4705778
          ],
          [
            -0.4471348,
            51.4705068
          ],
          [
            -0.447135,
            51.4704928
          ],
          [
            -0.4471349,
            51.4704864
          ],
          [
            -0.4471346,
            51.470464
          ],
          [
            -0.4471341,
            51.4704321
          ],
          [
            -0.4472045,
            51.4704313
          ]
        ]
      },
      "properties": {
        "highway": "footway",
        "indoor": "yes",
        "level": "-2",
        "osm_id": 1180056207,
        "osm_type": "way"
      }
    },
    {
      "type": "Feature",
      "geometry": {
        "type": "LineString",
        "coordinates": [
          [
            -0.4430674,
            51.4711836
          ],
          [
            -0.4430677,
            51.4712065
          ],
          [
            -0.4429873,
            51.471207
          ]
        ]
      },
      "properties": {
        "highway": "footway",
        "indoor": "yes",
        "level": "-1",
        "osm_id": 1180187055,
        "osm_type": "way"
      }
    },
    {
      "type": "Feature",
      "geometry": {
        "type": "LineString",
        "coordinates": [
          [
            -0.4430674,
            51.4711539
          ],
          [
            -0.4430674,
            51.4711836
          ],
          [
            -0.4429843,
            51.4711844
          ]
        ]
      },
      "properties": {
        "highway": "footway",
        "indoor": "yes",
        "level": "-1",
        "osm_id": 1180187057,
        "osm_type": "way"
      }
    },
    {
      "type": "Feature",
      "geometry": {
        "type": "LineString",
        "coordinates": [
          [
            -0.4430661,
            51.4711088
          ],
          [
            -0.4430674,
            51.4711539
          ],
          [
            -0.4429816,
            51.4711552
          ]
        ]
      },
      "properties": {
        "highway": "footway",
        "indoor": "yes",
        "level": "-1",
        "osm_id": 1180187058,
        "osm_type": "way"
      }
    },
    {
      "type": "Feature",
      "geometry": {
        "type": "LineString",
        "coordinates": [
          [
            -0.4430667,
            51.4709927
          ],
          [
            -0.4430661,
            51.4711088
          ],
          [
            -0.4429802,
            51.4711117
          ]
        ]
      },
      "properties": {
        "highway": "footway",
        "indoor": "yes",
        "level": "-1",
        "osm_id": 1180187059,
        "osm_type": "way"
      }
    },
    {
      "type": "Feature",
      "geometry": {
        "type": "LineString",
        "coordinates": [
          [
            -0.4430674,
            51.4709365
          ],
          [
            -0.4430667,
            51.4709927
          ]
        ]
      },
      "properties": {
        "conveying": "forward",
        "highway": "steps",
        "incline": "up",
        "indoor": "yes",
        "level": "-1;1",
        "osm_id": 1180187064,
        "osm_type": "way"
      }
    },
    {
      "type": "Feature",
      "geometry": {
        "type": "LineString",
        "coordinates": [
          [
            -0.4431485,
            51.4709918
          ],
          [
            -0.4431157,
            51.4709898
          ],
          [
            -0.4430667,
            51.4709927
          ]
        ]
      },
      "properties": {
        "highway": "footway",
        "indoor": "yes",
        "level": "-1",
        "osm_id": 1180187065,
        "osm_type": "way"
      }
    },
    {
      "type": "Feature",
      "geometry": {
        "type": "LineString",
        "coordinates": [
          [
            -0.4430626,
            51.4707674
          ],
          [
            -0.4430855,
            51.4707675
          ]
        ]
      },
      "properties": {
        "highway": "footway",
        "indoor": "yes",
        "level": "-1",
        "osm_id": 1180187067,
        "osm_type": "way"
      }
    },
    {
      "type": "Feature",
      "geometry": {
        "type": "LineString",
        "coordinates": [
          [
            -0.4431485,
            51.4708998
          ],
          [
            -0.4431485,
            51.4709918
          ]
        ]
      },
      "properties": {
        "conveying": "forward",
        "highway": "steps",
        "incline": "up",
        "indoor": "yes",
        "level": "-1;2",
        "osm_id": 1180187070,
        "osm_type": "way"
      }
    },
    {
      "type": "Feature",
      "geometry": {
        "type": "LineString",
        "coordinates": [
          [
            -0.4431988,
            51.4707675
          ],
          [
            -0.443198,
            51.4709002
          ],
          [
            -0.4431975,
            51.4709927
          ],
          [
            -0.4431739,
            51.4709923
          ],
          [
            -0.4431485,
            51.4709918
          ]
        ]
      },
      "properties": {
        "highway": "footway",
        "indoor": "yes",
        "level": "-1",
        "osm_id": 1180187074,
        "osm_type": "way"
      }
    },
    {
      "type": "Feature",
      "geometry": {
        "type": "LineString",
        "coordinates": [
          [
            -0.4430855,
            51.4707675
          ],
          [
            -0.4430895,
            51.470851
          ]
        ]
      },
      "properties": {
        "conveying": "forward",
        "highway": "steps",
        "incline": "up",
        "indoor": "yes",
        "level": "-1;1",
        "osm_id": 1180187075,
        "osm_type": "way"
      }
    },
    {
      "type": "Feature",
      "geometry": {
        "type": "LineString",
        "coordinates": [
          [
            -0.4431968,
            51.470683
          ],
          [
            -0.4431988,
            51.4707675
          ],
          [
            -0.4431217,
            51.4707675
          ],
          [
            -0.4430855,
            51.4707675
          ]
        ]
      },
      "properties": {
        "highway": "footway",
        "indoor": "yes",
        "level": "-1",
        "osm_id": 1180187079,
        "osm_type": "way"
      }
    },
    {
      "type": "Feature",
      "geometry": {
        "type": "LineString",
        "coordinates": [
          [
            -0.4431593,
            51.4707513
          ],
          [
            -0.4431573,
            51.4707235
          ]
        ]
      },
      "properties": {
        "conveying": "forward",
        "highway": "steps",
        "incline": "up",
        "indoor": "yes",
        "level": "-1;2",
        "osm_id": 1180187080,
        "osm_type": "way"
      }
    },
    {
      "type": "Feature",
      "geometry": {
        "type": "LineString",
        "coordinates": [
          [
            -0.443113,
            51.4706556
          ],
          [
            -0.443115,
            51.4707232
          ]
        ]
      },
      "properties": {
        "highway": "steps",
        "indoor": "yes",
        "level": "-2;-1",
        "osm_id": 1180187083,
        "osm_type": "way"
      }
    },
    {
      "type": "Feature",
      "geometry": {
        "type": "LineString",
        "coordinates": [
          [
            -0.443113,
            51.4706556
          ],
          [
            -0.4431009,
            51.470666
          ],
          [
            -0.4431023,
            51.4707128
          ],
          [
            -0.443115,
            51.4707232
          ]
        ]
      },
      "properties": {
        "conveying": "forward",
        "highway": "steps",
        "incline": "up",
        "indoor": "yes",
        "level": "-2;-1",
        "osm_id": 1180187084,
        "osm_type": "way"
      }
    },
    {
      "type": "Feature",
      "geometry": {
        "type": "LineString",
        "coordinates": [
          [
            -0.443115,
            51.4707232
          ],
          [
            -0.4431257,
            51.4707122
          ],
          [
            -0.4431241,
            51.4706652
          ],
          [
            -0.443113,
            51.4706556
          ]
        ]
      },
      "properties": {
        "conveying": "backward",
        "highway": "steps",
        "incline": "down",
        "indoor": "yes",
        "level": "-1;-2",
        "osm_id": 1180187085,
        "osm_type": "way"
      }
    },
    {
      "type": "Feature",
      "geometry": {
        "type": "LineString",
        "coordinates": [
          [
            -0.4431774,
            51.4706836
          ],
          [
            -0.4431757,
            51.4706551
          ]
        ]
      },
      "properties": {
        "highway": "footway",
        "indoor": "yes",
        "level": "-2",
        "osm_id": 1180187086,
        "osm_type": "way"
      }
    },
    {
      "type": "Feature",
      "geometry": {
        "type": "LineString",
        "coordinates": [
          [
            -0.4471432,
            51.4703289
          ],
          [
            -0.4468613,
            51.4704081
          ],
          [
            -0.4461026,
            51.4706131
          ],
          [
            -0.4450911,
            51.4706243
          ],
          [
            -0.4431968,
            51.470683
          ],
          [
            -0.4431774,
            51.4706836
          ],
          [
            -0.4431774,
            51.4707237
          ],
          [
            -0.4431573,
            51.4707235
          ],
          [
            -0.443115,
            51.4707232
          ],
          [
            -0.4430607,
            51.4707229
          ]
        ]
      },
      "properties": {
        "highway": "footway",
        "indoor": "yes",
        "layer": "-1",
        "level": "-1",
        "tunnel": "yes",
        "osm_id": 1180187087,
        "osm_type": "way"
      }
    },
    {
      "type": "Feature",
      "geometry": {
        "type": "LineString",
        "coordinates": [
          [
            -0.4471653,
            51.4704923
          ],
          [
            -0.4472065,
            51.4704921
          ]
        ]
      },
      "properties": {
        "highway": "footway",
        "indoor": "yes",
        "level": "-1",
        "osm_id": 1180187088,
        "osm_type": "way"
      }
    },
    {
      "type": "Feature",
      "geometry": {
        "type": "LineString",
        "coordinates": [
          [
            -0.4472045,
            51.4704313
          ],
          [
            -0.4471658,
            51.4704315
          ],
          [
            -0.4471653,
            51.4704923
          ],
          [
            -0.447166,
            51.4705771
          ],
          [
            -0.4472078,
            51.4705781
          ]
        ]
      },
      "properties": {
        "highway": "footway",
        "indoor": "yes",
        "level": "-1",
        "osm_id": 1180187089,
        "osm_type": "way"
      }
    },
    {
      "type": "Feature",
      "geometry": {
        "type": "LineString",
        "coordinates": [
          [
            -0.4471434,
            51.4703142
          ],
          [
            -0.4465219,
            51.4704819
          ],
          [
            -0.4460977,
            51.4705855
          ],
          [
            -0.4450911,
            51.4705942
          ],
          [
            -0.4431775,
            51.4706551
          ],
          [
            -0.4431757,
            51.4706551
          ],
          [
            -0.443113,
            51.4706556
          ],
          [
            -0.4430527,
            51.470656
          ],
          [
            -0.4430607,
            51.4707229
          ]
        ]
      },
      "properties": {
        "highway": "footway",
        "indoor": "yes",
        "layer": "-1",
        "level": "-2",
        "tunnel": "yes",
        "osm_id": 1180187090,
        "osm_type": "way"
      }
    },
    {
      "type": "Feature",
      "geometry": {
        "type": "LineString",
        "coordinates": [
          [
            -0.4557043,
            51.4712961
          ],
          [
            -0.4557318,
            51.4713224
          ]
        ]
      },
      "properties": {
        "highway": "footway",
        "indoor": "yes",
        "level": "-1",
        "oneway": "yes",
        "oneway:foot": "yes",
        "osm_id": 1180196744,
        "osm_type": "way"
      }
    },
    {
      "type": "Feature",
      "geometry": {
        "type": "LineString",
        "coordinates": [
          [
            -0.4556695,
            51.4713102
          ],
          [
            -0.4556987,
            51.4713348
          ]
        ]
      },
      "properties": {
        "highway": "footway",
        "indoor": "yes",
        "level": "-1",
        "oneway": "yes",
        "oneway:foot": "yes",
        "tunnel": "yes",
        "osm_id": 1180196746,
        "osm_type": "way"
      }
    },
    {
      "type": "Feature",
      "geometry": {
        "type": "LineString",
        "coordinates": [
          [
            -0.4572999,
            51.4717495
          ],
          [
            -0.4573005,
            51.4717571
          ],
          [
            -0.4573254,
            51.4717767
          ],
          [
            -0.4573451,
            51.4717822
          ]
        ]
      },
      "properties": {
        "highway": "steps",
        "indoor": "yes",
        "level": "-1;0",
        "osm_id": 1180196753,
        "osm_type": "way"
      }
    },
    {
      "type": "Feature",
      "geometry": {
        "type": "LineString",
        "coordinates": [
          [
            -0.4516753,
            51.4692764
          ],
          [
            -0.4516585,
            51.4692768
          ]
        ]
      },
      "properties": {
        "highway": "steps",
        "indoor": "yes",
        "level": "-1;0",
        "osm_id": 1180376234,
        "osm_type": "way"
      }
    },
    {
      "type": "Feature",
      "geometry": {
        "type": "LineString",
        "coordinates": [
          [
            -0.452945,
            51.4694529
          ],
          [
            -0.4529524,
            51.4694531
          ]
        ]
      },
      "properties": {
        "highway": "steps",
        "indoor": "yes",
        "level": "-1;0",
        "osm_id": 1180376246,
        "osm_type": "way"
      }
    },
    {
      "type": "Feature",
      "geometry": {
        "type": "LineString",
        "coordinates": [
          [
            -0.4528353,
            51.4695725
          ],
          [
            -0.4528327,
            51.4694568
          ],
          [
            -0.4529521,
            51.4694576
          ],
          [
            -0.4529524,
            51.4694531
          ]
        ]
      },
      "properties": {
        "highway": "footway",
        "indoor": "yes",
        "level": "-1",
        "tunnel": "yes",
        "osm_id": 1180376252,
        "osm_type": "way"
      }
    },
    {
      "type": "Feature",
      "geometry": {
        "type": "LineString",
        "coordinates": [
          [
            -0.4529393,
            51.4698181
          ],
          [
            -0.4529557,
            51.4698183
          ]
        ]
      },
      "properties": {
        "highway": "steps",
        "indoor": "yes",
        "level": "-1;0",
        "osm_id": 1180376257,
        "osm_type": "way"
      }
    },
    {
      "type": "Feature",
      "geometry": {
        "type": "LineString",
        "coordinates": [
          [
            -0.4516764,
            51.4695618
          ],
          [
            -0.4528353,
            51.4695725
          ],
          [
            -0.452833,
            51.4698116
          ],
          [
            -0.452956,
            51.4698125
          ],
          [
            -0.4529557,
            51.4698183
          ]
        ]
      },
      "properties": {
        "highway": "footway",
        "indoor": "yes",
        "level": "-1",
        "tunnel": "yes",
        "osm_id": 1180376258,
        "osm_type": "way"
      }
    },
    {
      "type": "Feature",
      "geometry": {
        "type": "LineString",
        "coordinates": [
          [
            -0.4516789,
            51.4697939
          ],
          [
            -0.4516764,
            51.4695618
          ],
          [
            -0.4516639,
            51.4693649
          ],
          [
            -0.4516594,
            51.4693248
          ],
          [
            -0.4516599,
            51.4693178
          ],
          [
            -0.4516597,
            51.4693107
          ],
          [
            -0.4516594,
            51.4693037
          ],
          [
            -0.4516594,
            51.469299
          ],
          [
            -0.451659,
            51.4692916
          ],
          [
            -0.4516587,
            51.4692841
          ],
          [
            -0.4516585,
            51.4692768
          ]
        ]
      },
      "properties": {
        "highway": "footway",
        "indoor": "yes",
        "level": "-1",
        "tunnel": "yes",
        "osm_id": 1180376264,
        "osm_type": "way"
      }
    },
    {
      "type": "Feature",
      "geometry": {
        "type": "LineString",
        "coordinates": [
          [
            -0.4516789,
            51.4697939
          ],
          [
            -0.4517048,
            51.4697939
          ]
        ]
      },
      "properties": {
        "highway": "steps",
        "indoor": "yes",
        "level": "-1;0",
        "osm_id": 1180376265,
        "osm_type": "way"
      }
    },
    {
      "type": "Feature",
      "geometry": {
        "type": "LineString",
        "coordinates": [
          [
            -0.4516961,
            51.4703277
          ],
          [
            -0.4516853,
            51.47004
          ],
          [
            -0.4516817,
            51.4699434
          ],
          [
            -0.4516789,
            51.4698977
          ],
          [
            -0.4516802,
            51.4698668
          ],
          [
            -0.4516809,
            51.4698417
          ],
          [
            -0.4516802,
            51.4698146
          ],
          [
            -0.4516789,
            51.4697939
          ]
        ]
      },
      "properties": {
        "highway": "footway",
        "indoor": "yes",
        "layer": "-1",
        "level": "-1",
        "tunnel": "yes",
        "osm_id": 1180376272,
        "osm_type": "way"
      }
    },
    {
      "type": "Feature",
      "geometry": {
        "type": "LineString",
        "coordinates": [
          [
            -0.4531875,
            51.4714677
          ],
          [
            -0.4531594,
            51.4714692
          ],
          [
            -0.4527815,
            51.4712934
          ],
          [
            -0.4523689,
            51.4711035
          ],
          [
            -0.4517216,
            51.4706393
          ],
          [
            -0.451679,
            51.4706021
          ],
          [
            -0.4516815,
            51.4705476
          ]
        ]
      },
      "properties": {
        "highway": "footway",
        "indoor": "yes",
        "level": "-1",
        "tunnel": "yes",
        "osm_id": 1180376273,
        "osm_type": "way"
      }
    },
    {
      "type": "Feature",
      "geometry": {
        "type": "LineString",
        "coordinates": [
          [
            -0.4529409,
            51.4703434
          ],
          [
            -0.4529512,
            51.4703435
          ]
        ]
      },
      "properties": {
        "highway": "steps",
        "indoor": "yes",
        "level": "-1;0",
        "osm_id": 1180376283,
        "osm_type": "way"
      }
    },
    {
      "type": "Feature",
      "geometry": {
        "type": "LineString",
        "coordinates": [
          [
            -0.451684,
            51.4704006
          ],
          [
            -0.4516961,
            51.4703277
          ]
        ]
      },
      "properties": {
        "highway": "footway",
        "indoor": "yes",
        "level": "-1",
        "tunnel": "yes",
        "osm_id": 1180376284,
        "osm_type": "way"
      }
    },
    {
      "type": "Feature",
      "geometry": {
        "type": "LineString",
        "coordinates": [
          [
            -0.4516815,
            51.4705476
          ],
          [
            -0.451684,
            51.4705044
          ],
          [
            -0.4516853,
            51.4704735
          ],
          [
            -0.451686,
            51.4704484
          ],
          [
            -0.4516853,
            51.4704213
          ],
          [
            -0.451684,
            51.4704006
          ]
        ]
      },
      "properties": {
        "highway": "footway",
        "indoor": "yes",
        "level": "-1",
        "tunnel": "yes",
        "osm_id": 1180376291,
        "osm_type": "way"
      }
    },
    {
      "type": "Feature",
      "geometry": {
        "type": "LineString",
        "coordinates": [
          [
            -0.4557318,
            51.4713224
          ],
          [
            -0.4557681,
            51.4713595
          ]
        ]
      },
      "properties": {
        "highway": "footway",
        "indoor": "yes",
        "level": "-1",
        "oneway": "yes",
        "oneway:foot": "yes",
        "osm_id": 1387434860,
        "osm_type": "way"
      }
    },
    {
      "type": "Feature",
      "geometry": {
        "type": "LineString",
        "coordinates": [
          [
            -0.455665,
            51.4713825
          ],
          [
            -0.455692,
            51.4713705
          ],
          [
            -0.4557198,
            51.4713577
          ],
          [
            -0.4557563,
            51.4713419
          ],
          [
            -0.4557862,
            51.4713295
          ],
          [
            -0.4558139,
            51.4713169
          ],
          [
            -0.4558257,
            51.4713121
          ],
          [
            -0.4558764,
            51.471359
          ]
        ]
      },
      "properties": {
        "highway": "footway",
        "indoor": "yes",
        "level": "-4",
        "osm_id": 1387434863,
        "osm_type": "way"
      }
    },
    {
      "type": "Feature",
      "geometry": {
        "type": "LineString",
        "coordinates": [
          [
            -0.4559223,
            51.4713122
          ],
          [
            -0.4558032,
            51.4713602
          ]
        ]
      },
      "properties": {
        "conveying": "forward",
        "highway": "steps",
        "incline": "up",
        "indoor": "yes",
        "level": "-2;-1",
        "osm_id": 1387434864,
        "osm_type": "way"
      }
    },
    {
      "type": "Feature",
      "geometry": {
        "type": "LineString",
        "coordinates": [
          [
            -0.4557192,
            51.4712773
          ],
          [
            -0.4558411,
            51.4712267
          ]
        ]
      },
      "properties": {
        "conveying": "forward",
        "highway": "steps",
        "incline": "down",
        "indoor": "yes",
        "level": "-1;-2",
        "osm_id": 1387434865,
        "osm_type": "way"
      }
    },
    {
      "type": "Feature",
      "geometry": {
        "type": "LineString",
        "coordinates": [
          [
            -0.4558411,
            51.4712267
          ],
          [
            -0.4558717,
            51.4712147
          ],
          [
            -0.4558823,
            51.4712107
          ],
          [
            -0.4559708,
            51.4712919
          ],
          [
            -0.4559529,
            51.4712993
          ],
          [
            -0.4559223,
            51.4713122
          ]
        ]
      },
      "properties": {
        "highway": "footway",
        "indoor": "yes",
        "level": "-2",
        "osm_id": 1387434866,
        "osm_type": "way"
      }
    },
    {
      "type": "Feature",
      "geometry": {
        "type": "LineString",
        "coordinates": [
          [
            -0.4544351,
            51.4718078
          ],
          [
            -0.4544992,
            51.4718701
          ],
          [
            -0.4545669,
            51.4719342
          ]
        ]
      },
      "properties": {
        "highway": "footway",
        "indoor": "yes",
        "level": "-4",
        "osm_id": 1387434867,
        "osm_type": "way"
      }
    },
    {
      "type": "Feature",
      "geometry": {
        "type": "LineString",
        "coordinates": [
          [
            -0.4557772,
            51.4712787
          ],
          [
            -0.4557935,
            51.4712956
          ]
        ]
      },
      "properties": {
        "highway": "footway",
        "indoor": "yes",
        "level": "-4",
        "oneway": "yes",
        "oneway:foot": "yes",
        "osm_id": 1387434868,
        "osm_type": "way"
      }
    },
    {
      "type": "Feature",
      "geometry": {
        "type": "LineString",
        "coordinates": [
          [
            -0.4555806,
            51.4713028
          ],
          [
            -0.4556043,
            51.4713238
          ],
          [
            -0.4556241,
            51.4713423
          ],
          [
            -0.4556418,
            51.4713598
          ],
          [
            -0.455665,
            51.4713825
          ],
          [
            -0.4556869,
            51.4714059
          ],
          [
            -0.4557081,
            51.4714286
          ]
        ]
      },
      "properties": {
        "highway": "footway",
        "indoor": "yes",
        "level": "-4",
        "osm_id": 1387434870,
        "osm_type": "way"
      }
    },
    {
      "type": "Feature",
      "geometry": {
        "type": "LineString",
        "coordinates": [
          [
            -0.4556987,
            51.4713348
          ],
          [
            -0.4557349,
            51.471374
          ]
        ]
      },
      "properties": {
        "highway": "footway",
        "indoor": "yes",
        "level": "-1",
        "oneway": "yes",
        "oneway:foot": "yes",
        "osm_id": 1387434872,
        "osm_type": "way"
      }
    },
    {
      "type": "Feature",
      "geometry": {
        "type": "LineString",
        "coordinates": [
          [
            -0.4556507,
            51.471332
          ],
          [
            -0.4556688,
            51.4713494
          ]
        ]
      },
      "properties": {
        "highway": "footway",
        "indoor": "yes",
        "level": "-4",
        "oneway": "yes",
        "oneway:foot": "yes",
        "osm_id": 1387434873,
        "osm_type": "way"
      }
    },
    {
      "type": "Feature",
      "geometry": {
        "type": "LineString",
        "coordinates": [
          [
            -0.4557147,
            51.4713055
          ],
          [
            -0.4557318,
            51.4713224
          ]
        ]
      },
      "properties": {
        "highway": "footway",
        "indoor": "yes",
        "level": "-4",
        "oneway": "yes",
        "oneway:foot": "yes",
        "osm_id": 1387434874,
        "osm_type": "way"
      }
    },
    {
      "type": "Feature",
      "geometry": {
        "type": "LineString",
        "coordinates": [
          [
            -0.45564,
            51.4713215
          ],
          [
            -0.4556688,
            51.4713494
          ]
        ]
      },
      "properties": {
        "highway": "footway",
        "indoor": "yes",
        "level": "-1",
        "oneway": "yes",
        "oneway:foot": "yes",
        "tunnel": "yes",
        "osm_id": 1387434875,
        "osm_type": "way"
      }
    },
    {
      "type": "Feature",
      "geometry": {
        "type": "LineString",
        "coordinates": [
          [
            -0.4557935,
            51.4712956
          ],
          [
            -0.4558139,
            51.4713169
          ]
        ]
      },
      "properties": {
        "highway": "footway",
        "indoor": "yes",
        "level": "-4",
        "oneway": "yes",
        "oneway:foot": "yes",
        "osm_id": 1387434876,
        "osm_type": "way"
      }
    },
    {
      "type": "Feature",
      "geometry": {
        "type": "LineString",
        "coordinates": [
          [
            -0.4558032,
            51.4713602
          ],
          [
            -0.4557681,
            51.4713595
          ]
        ]
      },
      "properties": {
        "highway": "footway",
        "indoor": "yes",
        "level": "-1",
        "osm_id": 1387434878,
        "osm_type": "way"
      }
    },
    {
      "type": "Feature",
      "geometry": {
        "type": "LineString",
        "coordinates": [
          [
            -0.4558717,
            51.4712147
          ],
          [
            -0.4559615,
            51.4712956
          ]
        ]
      },
      "properties": {
        "conveying": "forward",
        "highway": "steps",
        "incline": "down",
        "indoor": "yes",
        "level": "-2;-3",
        "osm_id": 1387434879,
        "osm_type": "way"
      }
    },
    {
      "type": "Feature",
      "geometry": {
        "type": "LineString",
        "coordinates": [
          [
            -0.4557318,
            51.4713224
          ],
          [
            -0.4557563,
            51.4713419
          ]
        ]
      },
      "properties": {
        "highway": "footway",
        "indoor": "yes",
        "level": "-4",
        "oneway": "yes",
        "oneway:foot": "yes",
        "osm_id": 1387434881,
        "osm_type": "way"
      }
    },
    {
      "type": "Feature",
      "geometry": {
        "type": "LineString",
        "coordinates": [
          [
            -0.4556688,
            51.4713494
          ],
          [
            -0.455692,
            51.4713705
          ]
        ]
      },
      "properties": {
        "highway": "footway",
        "indoor": "yes",
        "level": "-4",
        "oneway": "yes",
        "oneway:foot": "yes",
        "osm_id": 1387434882,
        "osm_type": "way"
      }
    },
    {
      "type": "Feature",
      "geometry": {
        "type": "LineString",
        "coordinates": [
          [
            -0.4549013,
            51.4715976
          ],
          [
            -0.4549714,
            51.4716609
          ],
          [
            -0.4550385,
            51.4717214
          ]
        ]
      },
      "properties": {
        "highway": "footway",
        "indoor": "yes",
        "level": "-4",
        "osm_id": 1387434883,
        "osm_type": "way"
      }
    },
    {
      "type": "Feature",
      "geometry": {
        "type": "LineString",
        "coordinates": [
          [
            -0.4557705,
            51.4712715
          ],
          [
            -0.4557935,
            51.4712956
          ]
        ]
      },
      "properties": {
        "highway": "footway",
        "indoor": "yes",
        "level": "-1",
        "oneway": "yes",
        "oneway:foot": "yes",
        "osm_id": 1387434885,
        "osm_type": "way"
      }
    },
    {
      "type": "Feature",
      "geometry": {
        "type": "LineString",
        "coordinates": [
          [
            -0.4557406,
            51.471283
          ],
          [
            -0.4557648,
            51.4713078
          ]
        ]
      },
      "properties": {
        "highway": "footway",
        "indoor": "yes",
        "level": "-1",
        "oneway": "yes",
        "oneway:foot": "yes",
        "osm_id": 1387434886,
        "osm_type": "way"
      }
    },
    {
      "type": "Feature",
      "geometry": {
        "type": "LineString",
        "coordinates": [
          [
            -0.4556803,
            51.4713193
          ],
          [
            -0.4556987,
            51.4713348
          ]
        ]
      },
      "properties": {
        "highway": "footway",
        "indoor": "yes",
        "level": "-4",
        "oneway": "yes",
        "oneway:foot": "yes",
        "osm_id": 1387434887,
        "osm_type": "way"
      }
    },
    {
      "type": "Feature",
      "geometry": {
        "type": "LineString",
        "coordinates": [
          [
            -0.4557543,
            51.4712319
          ],
          [
            -0.4557934,
            51.471272
          ],
          [
            -0.4557772,
            51.4712787
          ],
          [
            -0.455748,
            51.4712908
          ],
          [
            -0.4557147,
            51.4713055
          ],
          [
            -0.4556803,
            51.4713193
          ],
          [
            -0.4556507,
            51.471332
          ],
          [
            -0.4556241,
            51.4713423
          ]
        ]
      },
      "properties": {
        "highway": "footway",
        "indoor": "yes",
        "level": "-4",
        "osm_id": 1387434888,
        "osm_type": "way"
      }
    },
    {
      "type": "Feature",
      "geometry": {
        "type": "LineString",
        "coordinates": [
          [
            -0.4557935,
            51.4712956
          ],
          [
            -0.4558287,
            51.4713309
          ]
        ]
      },
      "properties": {
        "highway": "footway",
        "indoor": "yes",
        "level": "-1",
        "oneway": "yes",
        "oneway:foot": "yes",
        "osm_id": 1387434889,
        "osm_type": "way"
      }
    },
    {
      "type": "Feature",
      "geometry": {
        "type": "LineString",
        "coordinates": [
          [
            -0.4557648,
            51.4713078
          ],
          [
            -0.4558,
            51.4713446
          ]
        ]
      },
      "properties": {
        "highway": "footway",
        "indoor": "yes",
        "level": "-1",
        "oneway": "yes",
        "oneway:foot": "yes",
        "osm_id": 1387434890,
        "osm_type": "way"
      }
    },
    {
      "type": "Feature",
      "geometry": {
        "type": "LineString",
        "coordinates": [
          [
            -0.454376,
            51.4719229
          ],
          [
            -0.4544992,
            51.4718701
          ],
          [
            -0.4549714,
            51.4716609
          ],
          [
            -0.4552349,
            51.471541
          ],
          [
            -0.4556418,
            51.4713598
          ]
        ]
      },
      "properties": {
        "highway": "footway",
        "indoor": "yes",
        "level": "-4",
        "osm_id": 1387434891,
        "osm_type": "way"
      }
    },
    {
      "type": "Feature",
      "geometry": {
        "type": "LineString",
        "coordinates": [
          [
            -0.4543095,
            51.471868
          ],
          [
            -0.454376,
            51.4719229
          ],
          [
            -0.4544511,
            51.4719866
          ]
        ]
      },
      "properties": {
        "highway": "footway",
        "indoor": "yes",
        "level": "-4",
        "osm_id": 1387434892,
        "osm_type": "way"
      }
    },
    {
      "type": "Feature",
      "geometry": {
        "type": "LineString",
        "coordinates": [
          [
            -0.4559223,
            51.4713123
          ],
          [
            -0.4556869,
            51.4714059
          ]
        ]
      },
      "properties": {
        "conveying": "forward",
        "highway": "steps",
        "incline": "down",
        "indoor": "yes",
        "level": "-3;-4",
        "osm_id": 1387434893,
        "osm_type": "way"
      }
    },
    {
      "type": "Feature",
      "geometry": {
        "type": "LineString",
        "coordinates": [
          [
            -0.4556688,
            51.4713494
          ],
          [
            -0.4557071,
            51.4713867
          ]
        ]
      },
      "properties": {
        "highway": "footway",
        "indoor": "yes",
        "level": "-1",
        "oneway": "yes",
        "oneway:foot": "yes",
        "osm_id": 1387434896,
        "osm_type": "way"
      }
    },
    {
      "type": "Feature",
      "geometry": {
        "type": "LineString",
        "coordinates": [
          [
            -0.455748,
            51.4712908
          ],
          [
            -0.4557648,
            51.4713078
          ]
        ]
      },
      "properties": {
        "highway": "footway",
        "indoor": "yes",
        "level": "-4",
        "oneway": "yes",
        "oneway:foot": "yes",
        "osm_id": 1387434897,
        "osm_type": "way"
      }
    },
    {
      "type": "Feature",
      "geometry": {
        "type": "LineString",
        "coordinates": [
          [
            -0.4557648,
            51.4713078
          ],
          [
            -0.4557862,
            51.4713295
          ]
        ]
      },
      "properties": {
        "highway": "footway",
        "indoor": "yes",
        "level": "-4",
        "oneway": "yes",
        "oneway:foot": "yes",
        "osm_id": 1387434898,
        "osm_type": "way"
      }
    },
    {
      "type": "Feature",
      "geometry": {
        "type": "LineString",
        "coordinates": [
          [
            -0.4551756,
            51.4714823
          ],
          [
            -0.4552349,
            51.471541
          ],
          [
            -0.4553068,
            51.4716049
          ]
        ]
      },
      "properties": {
        "highway": "footway",
        "indoor": "yes",
        "level": "-4",
        "osm_id": 1387434899,
        "osm_type": "way"
      }
    },
    {
      "type": "Feature",
      "geometry": {
        "type": "LineString",
        "coordinates": [
          [
            -0.4558287,
            51.4713309
          ],
          [
            -0.4558,
            51.4713446
          ],
          [
            -0.4557681,
            51.4713595
          ],
          [
            -0.4557349,
            51.471374
          ],
          [
            -0.4557071,
            51.4713867
          ],
          [
            -0.4556809,
            51.4713988
          ],
          [
            -0.4556144,
            51.4713328
          ],
          [
            -0.45564,
            51.4713215
          ],
          [
            -0.4556695,
            51.4713102
          ],
          [
            -0.4557043,
            51.4712961
          ],
          [
            -0.4557406,
            51.471283
          ],
          [
            -0.4557705,
            51.4712715
          ]
        ]
      },
      "properties": {
        "highway": "footway",
        "indoor": "yes",
        "level": "-1",
        "osm_id": 1387434900,
        "osm_type": "way"
      }
    },
    {
      "type": "Feature",
      "geometry": {
        "type": "LineString",
        "coordinates": [
          [
            -0.4556043,
            51.4713238
          ],
          [
            -0.4558412,
            51.4712269
          ]
        ]
      },
      "properties": {
        "conveying": "forward",
        "highway": "steps",
        "incline": "up",
        "indoor": "yes",
        "level": "-4;-3",
        "osm_id": 1387434902,
        "osm_type": "way"
      }
    },
    {
      "type": "Feature",
      "geometry": {
        "type": "LineString",
        "coordinates": [
          [
            -0.4557043,
            51.4712961
          ],
          [
            -0.4557192,
            51.4712773
          ]
        ]
      },
      "properties": {
        "highway": "footway",
        "indoor": "yes",
        "level": "-1",
        "osm_id": 1387434903,
        "osm_type": "way"
      }
    },
    {
      "type": "Feature",
      "geometry": {
        "type": "LineString",
        "coordinates": [
          [
            -0.4558629,
            51.4712182
          ],
          [
            -0.4559529,
            51.4712993
          ]
        ]
      },
      "properties": {
        "conveying": "forward",
        "highway": "steps",
        "incline": "up",
        "indoor": "yes",
        "level": "-3;-2",
        "osm_id": 1387434904,
        "osm_type": "way"
      }
    },
    {
      "type": "Feature",
      "geometry": {
        "type": "LineString",
        "coordinates": [
          [
            -0.4556987,
            51.4713348
          ],
          [
            -0.4557198,
            51.4713577
          ]
        ]
      },
      "properties": {
        "highway": "footway",
        "indoor": "yes",
        "level": "-4",
        "oneway": "yes",
        "oneway:foot": "yes",
        "osm_id": 1387434905,
        "osm_type": "way"
      }
    },
    {
      "type": "Feature",
      "geometry": {
        "type": "LineString",
        "coordinates": [
          [
            -0.4559615,
            51.4712956
          ],
          [
            -0.4559223,
            51.4713123
          ]
        ]
      },
      "properties": {
        "highway": "footway",
        "indoor": "yes",
        "level": "-3",
        "osm_id": 1387879143,
        "osm_type": "way"
      }
    },
    {
      "type": "Feature",
      "geometry": {
        "type": "LineString",
        "coordinates": [
          [
            -0.4558412,
            51.4712269
          ],
          [
            -0.4558629,
            51.4712182
          ]
        ]
      },
      "properties": {
        "highway": "footway",
        "indoor": "yes",
        "level": "-3",
        "osm_id": 1387879144,
        "osm_type": "way"
      }
    },
    {
      "type": "Feature",
      "geometry": {
        "type": "LineString",
        "coordinates": [
          [
            -0.4868424,
            51.4711139
          ],
          [
            -0.4862864,
            51.4711419
          ]
        ]
      },
      "properties": {
        "highway": "footway",
        "indoor": "yes",
        "level": "-2",
        "level_ref": "-2",
        "osm_id": 1461185212,
        "osm_type": "way"
      }
    },
    {
      "type": "Feature",
      "geometry": {
        "type": "LineString",
        "coordinates": [
          [
            -0.4868424,
            51.4711104
          ],
          [
            -0.4868456,
            51.4711105
          ]
        ]
      },
      "properties": {
        "highway": "footway",
        "indoor": "yes",
        "level": "-2",
        "level_ref": "-2",
        "osm_id": 1461185241,
        "osm_type": "way"
      }
    },
    {
      "type": "Feature",
      "geometry": {
        "type": "LineString",
        "coordinates": [
          [
            -0.4868947,
            51.4711139
          ],
          [
            -0.4868424,
            51.4711139
          ],
          [
            -0.4868424,
            51.4711104
          ],
          [
            -0.4868424,
            51.4711066
          ],
          [
            -0.4868456,
            51.4711066
          ]
        ]
      },
      "properties": {
        "highway": "footway",
        "indoor": "yes",
        "level": "-2",
        "level_ref": "-2",
        "osm_id": 1461185242,
        "osm_type": "way"
      }
    },
    {
      "type": "Feature",
      "geometry": {
        "type": "LineString",
        "coordinates": [
          [
            -0.486944,
            51.4711142
          ],
          [
            -0.4868947,
            51.4711139
          ]
        ]
      },
      "properties": {
        "highway": "footway",
        "indoor": "yes",
        "level": "-2",
        "level_ref": "-2",
        "osm_id": 1461185243,
        "osm_type": "way"
      }
    },
    {
      "type": "Feature",
      "geometry": {
        "type": "LineString",
        "coordinates": [
          [
            -0.4867724,
            51.4707665
          ],
          [
            -0.4867725,
            51.4707749
          ],
          [
            -0.4867719,
            51.4708063
          ]
        ]
      },
      "properties": {
        "highway": "footway",
        "indoor": "yes",
        "level": "-2",
        "level_ref": "-2",
        "osm_id": 1461185247,
        "osm_type": "way"
      }
    },
    {
      "type": "Feature",
      "geometry": {
        "type": "LineString",
        "coordinates": [
          [
            -0.4892331,
            51.4725223
          ],
          [
            -0.4892328,
            51.4724928
          ],
          [
            -0.4892324,
            51.4724632
          ]
        ]
      },
      "properties": {
        "highway": "footway",
        "indoor": "yes",
        "level": "-3",
        "osm_id": 1461185276,
        "osm_type": "way"
      }
    },
    {
      "type": "Feature",
      "geometry": {
        "type": "LineString",
        "coordinates": [
          [
            -0.4892303,
            51.4722422
          ],
          [
            -0.4892297,
            51.4722127
          ],
          [
            -0.4892296,
            51.4721832
          ]
        ]
      },
      "properties": {
        "highway": "footway",
        "indoor": "yes",
        "level": "-3",
        "osm_id": 1461185277,
        "osm_type": "way"
      }
    },
    {
      "type": "Feature",
      "geometry": {
        "type": "LineString",
        "coordinates": [
          [
            -0.4892303,
            51.4722422
          ],
          [
            -0.4892296,
            51.4721832
          ]
        ]
      },
      "properties": {
        "highway": "footway",
        "indoor": "yes",
        "level": "-1",
        "level_ref": "-1",
        "osm_id": 1461185278,
        "osm_type": "way"
      }
    },
    {
      "type": "Feature",
      "geometry": {
        "type": "LineString",
        "coordinates": [
          [
            -0.4892331,
            51.4725223
          ],
          [
            -0.4892324,
            51.4724632
          ]
        ]
      },
      "properties": {
        "highway": "footway",
        "indoor": "yes",
        "level": "-1",
        "level_ref": "-1",
        "osm_id": 1461185279,
        "osm_type": "way"
      }
    },
    {
      "type": "Feature",
      "geometry": {
        "type": "LineString",
        "coordinates": [
          [
            -0.4893868,
            51.4721825
          ],
          [
            -0.4893871,
            51.472212
          ]
        ]
      },
      "properties": {
        "highway": "footway",
        "indoor": "yes",
        "level": "-1",
        "level_ref": "-1",
        "osm_id": 1461185426,
        "osm_type": "way"
      }
    },
    {
      "type": "Feature",
      "geometry": {
        "type": "LineString",
        "coordinates": [
          [
            -0.4893868,
            51.4721825
          ],
          [
            -0.4893871,
            51.472212
          ]
        ]
      },
      "properties": {
        "highway": "footway",
        "indoor": "yes",
        "level": "-3",
        "osm_id": 1461185427,
        "osm_type": "way"
      }
    },
    {
      "type": "Feature",
      "geometry": {
        "type": "LineString",
        "coordinates": [
          [
            -0.4892692,
            51.4722125
          ],
          [
            -0.4892695,
            51.472242
          ]
        ]
      },
      "properties": {
        "highway": "footway",
        "indoor": "yes",
        "level": "-1",
        "level_ref": "-1",
        "osm_id": 1461185428,
        "osm_type": "way"
      }
    },
    {
      "type": "Feature",
      "geometry": {
        "type": "LineString",
        "coordinates": [
          [
            -0.4892692,
            51.4722125
          ],
          [
            -0.4892695,
            51.472242
          ]
        ]
      },
      "properties": {
        "highway": "footway",
        "indoor": "yes",
        "level": "-3",
        "osm_id": 1461185429,
        "osm_type": "way"
      }
    },
    {
      "type": "Feature",
      "geometry": {
        "type": "LineString",
        "coordinates": [
          [
            -0.4893085,
            51.4722124
          ],
          [
            -0.4893088,
            51.4722419
          ]
        ]
      },
      "properties": {
        "highway": "footway",
        "indoor": "yes",
        "level": "-1",
        "level_ref": "-1",
        "osm_id": 1461185430,
        "osm_type": "way"
      }
    },
    {
      "type": "Feature",
      "geometry": {
        "type": "LineString",
        "coordinates": [
          [
            -0.4893085,
            51.4722124
          ],
          [
            -0.4893088,
            51.4722419
          ]
        ]
      },
      "properties": {
        "highway": "footway",
        "indoor": "yes",
        "level": "-3",
        "osm_id": 1461185431,
        "osm_type": "way"
      }
    },
    {
      "type": "Feature",
      "geometry": {
        "type": "LineString",
        "coordinates": [
          [
            -0.4893478,
            51.4722122
          ],
          [
            -0.4893481,
            51.4722417
          ]
        ]
      },
      "properties": {
        "highway": "footway",
        "indoor": "yes",
        "level": "-1",
        "level_ref": "-1",
        "osm_id": 1461185433,
        "osm_type": "way"
      }
    },
    {
      "type": "Feature",
      "geometry": {
        "type": "LineString",
        "coordinates": [
          [
            -0.4893478,
            51.4722122
          ],
          [
            -0.4893481,
            51.4722417
          ]
        ]
      },
      "properties": {
        "highway": "footway",
        "indoor": "yes",
        "level": "-3",
        "osm_id": 1461185434,
        "osm_type": "way"
      }
    },
    {
      "type": "Feature",
      "geometry": {
        "type": "LineString",
        "coordinates": [
          [
            -0.4892689,
            51.472183
          ],
          [
            -0.4892692,
            51.4722125
          ]
        ]
      },
      "properties": {
        "highway": "footway",
        "indoor": "yes",
        "level": "-1",
        "level_ref": "-1",
        "osm_id": 1461185437,
        "osm_type": "way"
      }
    },
    {
      "type": "Feature",
      "geometry": {
        "type": "LineString",
        "coordinates": [
          [
            -0.4892689,
            51.472183
          ],
          [
            -0.4892692,
            51.4722125
          ]
        ]
      },
      "properties": {
        "highway": "footway",
        "indoor": "yes",
        "level": "-3",
        "osm_id": 1461185438,
        "osm_type": "way"
      }
    },
    {
      "type": "Feature",
      "geometry": {
        "type": "LineString",
        "coordinates": [
          [
            -0.4893082,
            51.4721829
          ],
          [
            -0.4893085,
            51.4722124
          ]
        ]
      },
      "properties": {
        "highway": "footway",
        "indoor": "yes",
        "level": "-1",
        "level_ref": "-1",
        "osm_id": 1461185440,
        "osm_type": "way"
      }
    },
    {
      "type": "Feature",
      "geometry": {
        "type": "LineString",
        "coordinates": [
          [
            -0.4893082,
            51.4721829
          ],
          [
            -0.4893085,
            51.4722124
          ]
        ]
      },
      "properties": {
        "highway": "footway",
        "indoor": "yes",
        "level": "-3",
        "osm_id": 1461185441,
        "osm_type": "way"
      }
    },
    {
      "type": "Feature",
      "geometry": {
        "type": "LineString",
        "coordinates": [
          [
            -0.4893475,
            51.4721827
          ],
          [
            -0.4893478,
            51.4722122
          ]
        ]
      },
      "properties": {
        "highway": "footway",
        "indoor": "yes",
        "level": "-1",
        "level_ref": "-1",
        "osm_id": 1461185444,
        "osm_type": "way"
      }
    },
    {
      "type": "Feature",
      "geometry": {
        "type": "LineString",
        "coordinates": [
          [
            -0.4893475,
            51.4721827
          ],
          [
            -0.4893478,
            51.4722122
          ]
        ]
      },
      "properties": {
        "highway": "footway",
        "indoor": "yes",
        "level": "-3",
        "osm_id": 1461185445,
        "osm_type": "way"
      }
    },
    {
      "type": "Feature",
      "geometry": {
        "type": "LineString",
        "coordinates": [
          [
            -0.4893871,
            51.472212
          ],
          [
            -0.4893874,
            51.4722416
          ]
        ]
      },
      "properties": {
        "highway": "footway",
        "indoor": "yes",
        "level": "-1",
        "level_ref": "-1",
        "osm_id": 1461185447,
        "osm_type": "way"
      }
    },
    {
      "type": "Feature",
      "geometry": {
        "type": "LineString",
        "coordinates": [
          [
            -0.4893871,
            51.472212
          ],
          [
            -0.4893874,
            51.4722416
          ]
        ]
      },
      "properties": {
        "highway": "footway",
        "indoor": "yes",
        "level": "-3",
        "osm_id": 1461185448,
        "osm_type": "way"
      }
    },
    {
      "type": "Feature",
      "geometry": {
        "type": "LineString",
        "coordinates": [
          [
            -0.4894264,
            51.4722119
          ],
          [
            -0.4894267,
            51.4722414
          ],
          [
            -0.4893874,
            51.4722416
          ],
          [
            -0.4893481,
            51.4722417
          ],
          [
            -0.4893088,
            51.4722419
          ],
          [
            -0.4892695,
            51.472242
          ],
          [
            -0.4892303,
            51.4722422
          ]
        ]
      },
      "properties": {
        "highway": "footway",
        "indoor": "yes",
        "level": "-1",
        "level_ref": "-1",
        "osm_id": 1461185450,
        "osm_type": "way"
      }
    },
    {
      "type": "Feature",
      "geometry": {
        "type": "LineString",
        "coordinates": [
          [
            -0.4892296,
            51.4721832
          ],
          [
            -0.4892689,
            51.472183
          ],
          [
            -0.4893082,
            51.4721829
          ],
          [
            -0.4893475,
            51.4721827
          ],
          [
            -0.4893868,
            51.4721825
          ],
          [
            -0.489426,
            51.4721824
          ],
          [
            -0.4894264,
            51.4722119
          ]
        ]
      },
      "properties": {
        "highway": "footway",
        "indoor": "yes",
        "level": "-1",
        "level_ref": "-1",
        "osm_id": 1461185452,
        "osm_type": "way"
      }
    },
    {
      "type": "Feature",
      "geometry": {
        "type": "LineString",
        "coordinates": [
          [
            -0.4892296,
            51.4721832
          ],
          [
            -0.4892689,
            51.472183
          ],
          [
            -0.4893082,
            51.4721829
          ],
          [
            -0.4893475,
            51.4721827
          ],
          [
            -0.4893868,
            51.4721825
          ],
          [
            -0.489426,
            51.4721824
          ],
          [
            -0.4894264,
            51.4722119
          ]
        ]
      },
      "properties": {
        "highway": "footway",
        "indoor": "yes",
        "level": "-3",
        "osm_id": 1461185453,
        "osm_type": "way"
      }
    },
    {
      "type": "Feature",
      "geometry": {
        "type": "LineString",
        "coordinates": [
          [
            -0.4894264,
            51.4722119
          ],
          [
            -0.4894267,
            51.4722414
          ],
          [
            -0.4893874,
            51.4722416
          ],
          [
            -0.4893481,
            51.4722417
          ],
          [
            -0.4893088,
            51.4722419
          ],
          [
            -0.4892695,
            51.472242
          ],
          [
            -0.4892303,
            51.4722422
          ]
        ]
      },
      "properties": {
        "highway": "footway",
        "indoor": "yes",
        "level": "-3",
        "osm_id": 1461185454,
        "osm_type": "way"
      }
    },
    {
      "type": "Feature",
      "geometry": {
        "type": "LineString",
        "coordinates": [
          [
            -0.489272,
            51.4724926
          ],
          [
            -0.4892724,
            51.4725221
          ]
        ]
      },
      "properties": {
        "highway": "footway",
        "indoor": "yes",
        "level": "-1",
        "level_ref": "-1",
        "osm_id": 1461185460,
        "osm_type": "way"
      }
    },
    {
      "type": "Feature",
      "geometry": {
        "type": "LineString",
        "coordinates": [
          [
            -0.4893113,
            51.4724924
          ],
          [
            -0.4893116,
            51.4725219
          ]
        ]
      },
      "properties": {
        "highway": "footway",
        "indoor": "yes",
        "level": "-1",
        "level_ref": "-1",
        "osm_id": 1461185461,
        "osm_type": "way"
      }
    },
    {
      "type": "Feature",
      "geometry": {
        "type": "LineString",
        "coordinates": [
          [
            -0.4893506,
            51.4724923
          ],
          [
            -0.4893509,
            51.4725218
          ]
        ]
      },
      "properties": {
        "highway": "footway",
        "indoor": "yes",
        "level": "-1",
        "level_ref": "-1",
        "osm_id": 1461185462,
        "osm_type": "way"
      }
    },
    {
      "type": "Feature",
      "geometry": {
        "type": "LineString",
        "coordinates": [
          [
            -0.4893899,
            51.4724921
          ],
          [
            -0.4893902,
            51.4725216
          ]
        ]
      },
      "properties": {
        "highway": "footway",
        "indoor": "yes",
        "level": "-1",
        "level_ref": "-1",
        "osm_id": 1461185463,
        "osm_type": "way"
      }
    },
    {
      "type": "Feature",
      "geometry": {
        "type": "LineString",
        "coordinates": [
          [
            -0.4894292,
            51.4724919
          ],
          [
            -0.4894295,
            51.4725214
          ],
          [
            -0.4893902,
            51.4725216
          ],
          [
            -0.4893509,
            51.4725218
          ],
          [
            -0.4893116,
            51.4725219
          ],
          [
            -0.4892724,
            51.4725221
          ],
          [
            -0.4892331,
            51.4725223
          ]
        ]
      },
      "properties": {
        "highway": "footway",
        "indoor": "yes",
        "level": "-1",
        "level_ref": "-1",
        "osm_id": 1461185464,
        "osm_type": "way"
      }
    },
    {
      "type": "Feature",
      "geometry": {
        "type": "LineString",
        "coordinates": [
          [
            -0.4892717,
            51.4724631
          ],
          [
            -0.489272,
            51.4724926
          ]
        ]
      },
      "properties": {
        "highway": "footway",
        "indoor": "yes",
        "level": "-1",
        "level_ref": "-1",
        "osm_id": 1461185470,
        "osm_type": "way"
      }
    },
    {
      "type": "Feature",
      "geometry": {
        "type": "LineString",
        "coordinates": [
          [
            -0.489311,
            51.4724629
          ],
          [
            -0.4893113,
            51.4724924
          ]
        ]
      },
      "properties": {
        "highway": "footway",
        "indoor": "yes",
        "level": "-1",
        "level_ref": "-1",
        "osm_id": 1461185471,
        "osm_type": "way"
      }
    },
    {
      "type": "Feature",
      "geometry": {
        "type": "LineString",
        "coordinates": [
          [
            -0.4893503,
            51.4724628
          ],
          [
            -0.4893506,
            51.4724923
          ]
        ]
      },
      "properties": {
        "highway": "footway",
        "indoor": "yes",
        "level": "-1",
        "level_ref": "-1",
        "osm_id": 1461185472,
        "osm_type": "way"
      }
    },
    {
      "type": "Feature",
      "geometry": {
        "type": "LineString",
        "coordinates": [
          [
            -0.4893896,
            51.4724626
          ],
          [
            -0.4893899,
            51.4724921
          ]
        ]
      },
      "properties": {
        "highway": "footway",
        "indoor": "yes",
        "level": "-1",
        "level_ref": "-1",
        "osm_id": 1461185473,
        "osm_type": "way"
      }
    },
    {
      "type": "Feature",
      "geometry": {
        "type": "LineString",
        "coordinates": [
          [
            -0.4892324,
            51.4724632
          ],
          [
            -0.4892717,
            51.4724631
          ],
          [
            -0.489311,
            51.4724629
          ],
          [
            -0.4893503,
            51.4724628
          ],
          [
            -0.4893896,
            51.4724626
          ],
          [
            -0.4894289,
            51.4724624
          ],
          [
            -0.4894292,
            51.4724919
          ]
        ]
      },
      "properties": {
        "highway": "footway",
        "indoor": "yes",
        "level": "-1",
        "level_ref": "-1",
        "osm_id": 1461185474,
        "osm_type": "way"
      }
    },
    {
      "type": "Feature",
      "geometry": {
        "type": "LineString",
        "coordinates": [
          [
            -0.4892717,
            51.4724631
          ],
          [
            -0.489272,
            51.4724926
          ]
        ]
      },
      "properties": {
        "highway": "footway",
        "indoor": "yes",
        "level": "-3",
        "osm_id": 1461185475,
        "osm_type": "way"
      }
    },
    {
      "type": "Feature",
      "geometry": {
        "type": "LineString",
        "coordinates": [
          [
            -0.489311,
            51.4724629
          ],
          [
            -0.4893113,
            51.4724924
          ]
        ]
      },
      "properties": {
        "highway": "footway",
        "indoor": "yes",
        "level": "-3",
        "osm_id": 1461185476,
        "osm_type": "way"
      }
    },
    {
      "type": "Feature",
      "geometry": {
        "type": "LineString",
        "coordinates": [
          [
            -0.489272,
            51.4724926
          ],
          [
            -0.4892724,
            51.4725221
          ]
        ]
      },
      "properties": {
        "highway": "footway",
        "indoor": "yes",
        "level": "-3",
        "osm_id": 1461185477,
        "osm_type": "way"
      }
    },
    {
      "type": "Feature",
      "geometry": {
        "type": "LineString",
        "coordinates": [
          [
            -0.4893113,
            51.4724924
          ],
          [
            -0.4893116,
            51.4725219
          ]
        ]
      },
      "properties": {
        "highway": "footway",
        "indoor": "yes",
        "level": "-3",
        "osm_id": 1461185478,
        "osm_type": "way"
      }
    },
    {
      "type": "Feature",
      "geometry": {
        "type": "LineString",
        "coordinates": [
          [
            -0.4866407,
            51.4709054
          ],
          [
            -0.4862853,
            51.4709056
          ]
        ]
      },
      "properties": {
        "airside": "yes",
        "highway": "footway",
        "indoor": "yes",
        "level": "-2",
        "level_ref": "-2",
        "osm_id": 1461185491,
        "osm_type": "way"
      }
    },
    {
      "type": "Feature",
      "geometry": {
        "type": "LineString",
        "coordinates": [
          [
            -0.4862854,
            51.470946
          ],
          [
            -0.4866396,
            51.4709458
          ]
        ]
      },
      "properties": {
        "airside": "yes",
        "highway": "footway",
        "indoor": "yes",
        "level": "-2",
        "level_ref": "-2",
        "osm_id": 1461185492,
        "osm_type": "way"
      }
    },
    {
      "type": "Feature",
      "geometry": {
        "type": "LineString",
        "coordinates": [
          [
            -0.4759593,
            51.470933
          ],
          [
            -0.4761321,
            51.4709307
          ]
        ]
      },
      "properties": {
        "highway": "footway",
        "indoor": "yes",
        "level": "-2",
        "osm_id": 1461185508,
        "osm_type": "way"
      }
    },
    {
      "type": "Feature",
      "geometry": {
        "type": "LineString",
        "coordinates": [
          [
            -0.4527186,
            51.4713498
          ],
          [
            -0.4526723,
            51.47133
          ],
          [
            -0.4525164,
            51.4712627
          ]
        ]
      },
      "properties": {
        "highway": "footway",
        "indoor": "yes",
        "level": "-1",
        "osm_id": 1462144329,
        "osm_type": "way"
      }
    },
    {
      "type": "Feature",
      "geometry": {
        "type": "LineString",
        "coordinates": [
          [
            -0.4525087,
            51.4713855
          ],
          [
            -0.4525803,
            51.4714186
          ],
          [
            -0.4526046,
            51.4713942
          ],
          [
            -0.4526314,
            51.471366
          ],
          [
            -0.4525639,
            51.471337
          ],
          [
            -0.4525741,
            51.4713284
          ],
          [
            -0.4525824,
            51.4713209
          ]
        ]
      },
      "properties": {
        "barrier": "wall",
        "indoor": "yes",
        "level": "-1",
        "osm_id": 1462144330,
        "osm_type": "way"
      }
    },
    {
      "type": "Feature",
      "geometry": {
        "type": "LineString",
        "coordinates": [
          [
            -0.4531594,
            51.4714692
          ],
          [
            -0.4530739,
            51.47155
          ],
          [
            -0.4530351,
            51.4715856
          ],
          [
            -0.4530819,
            51.4716053
          ],
          [
            -0.4531664,
            51.4716431
          ]
        ]
      },
      "properties": {
        "highway": "footway",
        "indoor": "yes",
        "level": "-1",
        "tunnel": "yes",
        "osm_id": 1462144331,
        "osm_type": "way"
      }
    },
    {
      "type": "Feature",
      "geometry": {
        "type": "LineString",
        "coordinates": [
          [
            -0.4525328,
            51.4713415
          ],
          [
            -0.4525499,
            51.4713493
          ],
          [
            -0.4525653,
            51.4713769
          ]
        ]
      },
      "properties": {
        "highway": "footway",
        "indoor": "yes",
        "level": "-1",
        "oneway": "yes",
        "osm_id": 1462144332,
        "osm_type": "way"
      }
    },
    {
      "type": "Feature",
      "geometry": {
        "type": "LineString",
        "coordinates": [
          [
            -0.4524631,
            51.4713652
          ],
          [
            -0.4524742,
            51.4713702
          ]
        ]
      },
      "properties": {
        "barrier": "wall",
        "indoor": "yes",
        "level": "-1",
        "osm_id": 1462144333,
        "osm_type": "way"
      }
    },
    {
      "type": "Feature",
      "geometry": {
        "type": "LineString",
        "coordinates": [
          [
            -0.4525097,
            51.4713321
          ],
          [
            -0.4525149,
            51.4713345
          ],
          [
            -0.4525328,
            51.4713415
          ]
        ]
      },
      "properties": {
        "highway": "footway",
        "indoor": "yes",
        "level": "-1",
        "oneway": "yes",
        "osm_id": 1462144336,
        "osm_type": "way"
      }
    },
    {
      "type": "Feature",
      "geometry": {
        "type": "LineString",
        "coordinates": [
          [
            -0.4526833,
            51.4713792
          ],
          [
            -0.4525741,
            51.4713284
          ],
          [
            -0.4525349,
            51.4713102
          ],
          [
            -0.4525097,
            51.4713321
          ],
          [
            -0.4524804,
            51.4713574
          ],
          [
            -0.4524862,
            51.4713597
          ],
          [
            -0.4525052,
            51.4713657
          ]
        ]
      },
      "properties": {
        "highway": "footway",
        "indoor": "yes",
        "level": "-1",
        "oneway": "yes",
        "osm_id": 1462144337,
        "osm_type": "way"
      }
    }
  ]
}