{
  "type": "FeatureCollection",
  "features": [
    {
      "type": "Feature",
      "geometry": {
        "type": "Point",
        "coordinates": [
          -0.4875577,
          51.4731675
        ]
      },
      "properties": {
        "access": "yes",
        "amenity": "drinking_water",
        "bottle": "yes",
        "check_date": "2023-10-08",
        "description": "near Gate A7",
        "fee": "no",
        "fountain": "bubbler",
        "indoor": "yes",
        "level": "2",
        "osm_id": 4095537116,
        "osm_type": "node"
      }
    },
    {
      "type": "Feature",
      "geometry": {
        "type": "Point",
        "coordinates": [
          -0.4888558,
          51.4730926
        ]
      },
      "properties": {
        "amenity": "toilets",
        "fee": "no",
        "indoor": "yes",
        "level": "2",
        "wheelchair": "yes",
        "osm_id": 4095537118,
        "osm_type": "node"
      }
    },
    {
      "type": "Feature",
      "geometry": {
        "type": "Point",
        "coordinates": [
          -0.4876511,
          51.4707507
        ]
      },
      "properties": {
        "amenity": "device_charging_station",
        "check_date": "2026-02-04",
        "indoor": "yes",
        "level": "2",
        "osm_id": 4360359397,
        "osm_type": "node"
      }
    },
    {
      "type": "Feature",
      "geometry": {
        "type": "Point",
        "coordinates": [
          -0.4879965,
          51.4708667
        ]
      },
      "properties": {
        "amenity": "post_box",
        "indoor": "yes",
        "level": "2",
        "osm_id": 4360359398,
        "osm_type": "node"
      }
    },
    {
      "type": "Feature",
      "geometry": {
        "type": "Point",
        "coordinates": [
          -0.4877391,
          51.4709272
        ]
      },
      "properties": {
        "amenity": "atm",
        "check_date": "2026-02-04",
        "indoor": "yes",
        "level": "2",
        "osm_id": 4360359409,
        "osm_type": "node"
      }
    },
    {
      "type": "Feature",
      "geometry": {
        "type": "Point",
        "coordinates": [
          -0.4884979,
          51.4713725
        ]
      },
      "properties": {
        "amenity": "toilets",
        "changing_table": "yes",
        "check_date": "2026-02-04",
        "drinking_water": "yes",
        "fee": "no",
        "indoor": "yes",
        "level": "2",
        "wheelchair": "yes",
        "osm_id": 4360359439,
        "osm_type": "node"
      }
    },
    {
      "type": "Feature",
      "geometry": {
        "type": "Point",
        "coordinates": [
          -0.488493,
          51.4719007
        ]
      },
      "properties": {
        "amenity": "toilets",
        "changing_table": "no",
        "check_date": "2026-02-04",
        "fee": "no",
        "indoor": "yes",
        "level": "2",
        "wheelchair": "yes",
        "osm_id": 4360359487,
        "osm_type": "node"
      }
    },
    {
      "type": "Feature",
      "geometry": {
        "type": "Point",
        "coordinates": [
          -0.4876609,
          51.4722212
        ]
      },
      "properties": {
        "amenity": "atm",
        "indoor": "yes",
        "level": "2",
        "osm_id": 4360359507,
        "osm_type": "node"
      }
    },
    {
      "type": "Feature",
      "geometry": {
        "type": "Point",
        "coordinates": [
          -0.4877906,
          51.4726291
        ]
      },
      "properties": {
        "amenity": "atm",
        "indoor": "yes",
        "level": "2",
        "osm_id": 4360359559,
        "osm_type": "node"
      }
    },
    {
      "type": "Feature",
      "geometry": {
        "type": "Point",
        "coordinates": [
          -0.4867959,
          51.4716332
        ]
      },
      "properties": {
        "indoor": "area",
        "level": "2",
        "name": "Quiet Area",
        "room": "lounge",
        "osm_id": 5074872087,
        "osm_type": "node"
      }
    },
    {
      "type": "Feature",
      "geometry": {
        "type": "Point",
        "coordinates": [
          -0.4871683,
          51.4700864
        ]
      },
      "properties": {
        "amenity": "drinking_water",
        "check_date": "2024-09-08",
        "fountain": "bubbler",
        "indoor": "yes",
        "level": "2",
        "note": "lower level",
        "osm_id": 5075155213,
        "osm_type": "node"
      }
    },
    {
      "type": "Feature",
      "geometry": {
        "type": "Point",
        "coordinates": [
          -0.4869217,
          51.4723534
        ]
      },
      "properties": {
        "amenity": "device_charging_station",
        "indoor": "yes",
        "level": "2",
        "osm_id": 5297611022,
        "osm_type": "node"
      }
    },
    {
      "type": "Feature",
      "geometry": {
        "type": "Point",
        "coordinates": [
          -0.4868233,
          51.47006
        ]
      },
      "properties": {
        "airside": "yes",
        "amenity": "lounge",
        "charge": "45.00 GBP",
        "check_date": "2026-02-04",
        "fee": "yes",
        "food": "yes",
        "indoor": "yes",
        "internet_access": "wlan",
        "level": "2",
        "membership": "yes",
        "name": "Club Aspire",
        "opening_hours": "Mo-Su 05:00-21:00",
        "operator": "Swissport International AG",
        "shower": "yes",
        "toilets": "no",
        "website": "https://www.executivelounges.com/airport-lounges/london-heathrow-terminal-5-aspire-airport-lounge",
        "wheelchair": "yes",
        "osm_id": 5459152927,
        "osm_type": "node"
      }
    },
    {
      "type": "Feature",
      "geometry": {
        "type": "Point",
        "coordinates": [
          -0.48819,
          51.4712677
        ]
      },
      "properties": {
        "amenity": "drinking_water",
        "bottle": "yes",
        "covered": "yes",
        "fee": "no",
        "indoor": "yes",
        "level": "2",
        "panoramax": "949d1d27-942a-4d6b-b80e-91f8dcc0780b",
        "wheelchair": "yes",
        "osm_id": 11247657498,
        "osm_type": "node"
      }
    },
    {
      "type": "Feature",
      "geometry": {
        "type": "LineString",
        "coordinates": [
          [
            -0.4879074,
            51.4699918
          ],
          [
            -0.4879062,
            51.4701293
          ],
          [
            -0.4879019,
            51.4704346
          ],
          [
            -0.4879048,
            51.4707832
          ],
          [
            -0.4879071,
            51.4709509
          ],
          [
            -0.4879131,
            51.4712244
          ],
          [
            -0.4879193,
            51.4715086
          ],
          [
            -0.4878251,
            51.4715081
          ],
          [
            -0.487827,
            51.4718219
          ]
        ]
      },
      "properties": {
        "highway": "footway",
        "indoor": "yes",
        "level": "2",
        "level_ref": "2",
        "osm_id": 136853388,
        "osm_type": "way"
      }
    },
    {
      "type": "Feature",
      "geometry": {
        "type": "LineString",
        "coordinates": [
          [
            -0.4890116,
            51.4699881
          ],
          [
            -0.4889538,
            51.4699883
          ],
          [
            -0.4886115,
            51.4699894
          ],
          [
            -0.4885601,
            51.4699896
          ],
          [
            -0.4881797,
            51.4699909
          ],
          [
            -0.4881207,
            51.4699911
          ],
          [
            -0.4879074,
            51.4699918
          ],
          [
            -0.4878085,
            51.4699919
          ],
          [
            -0.4877514,
            51.4699919
          ],
          [
            -0.4873625,
            51.4699921
          ],
          [
            -0.4873185,
            51.4699921
          ],
          [
            -0.4869322,
            51.4699924
          ],
          [
            -0.4868853,
            51.4699924
          ]
        ]
      },
      "properties": {
        "highway": "footway",
        "indoor": "yes",
        "level": "2",
        "level_ref": "2",
        "osm_id": 136853424,
        "osm_type": "way"
      }
    },
    {
      "type": "Feature",
      "geometry": {
        "type": "LineString",
        "coordinates": [
          [
            -0.4879071,
            51.4709509
          ],
          [
            -0.4874032,
            51.4709495
          ]
        ]
      },
      "properties": {
        "highway": "footway",
        "indoor": "yes",
        "level": "2",
        "level_ref": "2",
        "lit": "24/7",
        "surface": "paving_stones",
        "osm_id": 137514846,
        "osm_type": "way"
      }
    },
    {
      "type": "Feature",
      "geometry": {
        "type": "LineString",
        "coordinates": [
          [
            -0.4873143,
            51.4709453
          ],
          [
            -0.4874032,
            51.4709495
          ],
          [
            -0.487403,
            51.470905
          ],
          [
            -0.4873142,
            51.4709049
          ]
        ]
      },
      "properties": {
        "highway": "footway",
        "indoor": "yes",
        "level": "2",
        "level_ref": "2",
        "lit": "24/7",
        "surface": "paving_stones",
        "osm_id": 137514850,
        "osm_type": "way"
      }
    },
    {
      "type": "Feature",
      "geometry": {
        "type": "LineString",
        "coordinates": [
          [
            -0.4879019,
            51.4704346
          ],
          [
            -0.4878271,
            51.4704345
          ],
          [
            -0.48776,
            51.4704345
          ]
        ]
      },
      "properties": {
        "highway": "footway",
        "indoor": "yes",
        "level": "2",
        "level_ref": "2",
        "lit": "24/7",
        "surface": "paving_stones",
        "osm_id": 137514852,
        "osm_type": "way"
      }
    },
    {
      "type": "Feature",
      "geometry": {
        "type": "LineString",
        "coordinates": [
          [
            -0.4876995,
            51.472655
          ],
          [
            -0.4877522,
            51.4726546
          ],
          [
            -0.4878015,
            51.4726542
          ],
          [
            -0.4880276,
            51.4726524
          ]
        ]
      },
      "properties": {
        "highway": "footway",
        "indoor": "yes",
        "level": "2",
        "level_ref": "2",
        "osm_id": 137514854,
        "osm_type": "way"
      }
    },
    {
      "type": "Feature",
      "geometry": {
        "type": "Polygon",
        "coordinates": [
          [
            [
              -0.4876138,
              51.4729927
            ],
            [
              -0.4875008,
              51.472994
            ],
            [
              -0.4875026,
              51.473152
            ],
            [
              -0.4876156,
              51.4731507
            ],
            [
              -0.4876138,
              51.4729927
            ]
          ]
        ]
      },
      "properties": {
        "amenity": "toilets",
        "changing_table": "yes",
        "check_date": "2026-02-04",
        "fee": "no",
        "indoor": "room",
        "level": "2",
        "level_ref": "2",
        "wheelchair": "yes",
        "osm_id": 438299656,
        "osm_type": "way"
      }
    },
    {
      "type": "Feature",
      "geometry": {
        "type": "Polygon",
        "coordinates": [
          [
            [
              -0.487619,
              51.4700441
            ],
            [
              -0.487619,
              51.4702265
            ],
            [
              -0.4875142,
              51.4702265
            ],
            [
              -0.4875142,
              51.4700441
            ],
            [
              -0.487619,
              51.4700441
            ]
          ]
        ]
      },
      "properties": {
        "amenity": "toilets",
        "changing_table": "yes",
        "check_date": "2026-02-04",
        "drinking_water": "yes",
        "fee": "no",
        "indoor": "room",
        "level": "2",
        "level_ref": "2",
        "wheelchair": "yes",
        "osm_id": 438299658,
        "osm_type": "way"
      }
    },
    {
      "type": "Feature",
      "geometry": {
        "type": "Polygon",
        "coordinates": [
          [
            [
              -0.487103,
              51.4731601
            ],
            [
              -0.4871032,
              51.4730818
            ],
            [
              -0.4869085,
              51.4730817
            ],
            [
              -0.4869083,
              51.4731599
            ],
            [
              -0.487103,
              51.4731601
            ]
          ]
        ]
      },
      "properties": {
        "access": "yes",
        "indoor": "area",
        "leisure": "playground",
        "level": "2",
        "level_ref": "2",
        "osm_id": 438299659,
        "osm_type": "way"
      }
    },
    {
      "type": "Feature",
      "geometry": {
        "type": "Polygon",
        "coordinates": [
          [
            [
              -0.4887182,
              51.4700529
            ],
            [
              -0.4885988,
              51.470053
            ],
            [
              -0.4885989,
              51.4700955
            ],
            [
              -0.4887183,
              51.4700954
            ],
            [
              -0.4887182,
              51.4700529
            ]
          ]
        ]
      },
      "properties": {
        "amenity": "toilets",
        "changing_table": "yes",
        "check_date": "2026-02-04",
        "fee": "no",
        "indoor": "room",
        "level": "2",
        "level_ref": "2",
        "wheelchair": "yes",
        "osm_id": 438299660,
        "osm_type": "way"
      }
    },
    {
      "type": "Feature",
      "geometry": {
        "type": "Polygon",
        "coordinates": [
          [
            [
              -0.4880593,
              51.4722075
            ],
            [
              -0.4883719,
              51.4722106
            ],
            [
              -0.4883719,
              51.4722606
            ],
            [
              -0.4880593,
              51.4722576
            ],
            [
              -0.4880593,
              51.4722075
            ]
          ]
        ]
      },
      "properties": {
        "brand": "JD Sports",
        "brand:wikidata": "Q6108019",
        "check_date": "2025-11-17",
        "indoor": "room",
        "level": "2",
        "level_ref": "2",
        "name": "JD Sports",
        "payment:cash": "yes",
        "payment:credit_cards": "yes",
        "payment:debit_cards": "yes",
        "shop": "sports",
        "osm_id": 438299661,
        "osm_type": "way"
      }
    },
    {
      "type": "Feature",
      "geometry": {
        "type": "Polygon",
        "coordinates": [
          [
            [
              -0.4880592,
              51.4727825
            ],
            [
              -0.488372,
              51.4727823
            ],
            [
              -0.4883767,
              51.4729567
            ],
            [
              -0.4880639,
              51.4729596
            ],
            [
              -0.4880592,
              51.4727825
            ]
          ]
        ]
      },
      "properties": {
        "brand": "Boots",
        "brand:wikidata": "Q6123139",
        "check_date": "2025-11-17",
        "check_date:opening_hours": "2025-05-10",
        "contact:website": "https://www.boots.com/StoreLookupView?catalogId=28501&storeId=11352&langId=-1",
        "indoor": "room",
        "level": "2",
        "level_ref": "2",
        "name": "Boots",
        "opening_hours": "05:00-22:00",
        "payment:cash": "yes",
        "payment:credit_cards": "yes",
        "payment:debit_cards": "yes",
        "shop": "chemist",
        "wheelchair": "yes",
        "osm_id": 438299663,
        "osm_type": "way"
      }
    },
    {
      "type": "Feature",
      "geometry": {
        "type": "Polygon",
        "coordinates": [
          [
            [
              -0.4876208,
              51.4704347
            ],
            [
              -0.4876216,
              51.4705611
            ],
            [
              -0.487395,
              51.470562
            ],
            [
              -0.487394,
              51.4704356
            ],
            [
              -0.4876208,
              51.4704347
            ]
          ]
        ]
      },
      "properties": {
        "brand": "Bottega Veneta",
        "brand:wikidata": "Q894874",
        "check_date": "2026-02-04",
        "disused:shop": "fashion_accessories",
        "indoor": "room",
        "level": "2",
        "level_ref": "2",
        "name": "Bottega Veneta",
        "osm_id": 438299665,
        "osm_type": "way"
      }
    },
    {
      "type": "Feature",
      "geometry": {
        "type": "Polygon",
        "coordinates": [
          [
            [
              -0.4880922,
              51.4705467
            ],
            [
              -0.4884034,
              51.470549
            ],
            [
              -0.4884028,
              51.4706277
            ],
            [
              -0.4880914,
              51.4706254
            ],
            [
              -0.4880922,
              51.4705467
            ]
          ]
        ]
      },
      "properties": {
        "brand": "Burberry",
        "brand:wikidata": "Q390107",
        "brand:wikipedia": "en:Burberry",
        "check_date": "2026-02-04",
        "clothes": "men;women",
        "indoor": "room",
        "level": "2",
        "level_ref": "2",
        "name": "Burberry",
        "shop": "clothes",
        "osm_id": 438299666,
        "osm_type": "way"
      }
    },
    {
      "type": "Feature",
      "geometry": {
        "type": "Polygon",
        "coordinates": [
          [
            [
              -0.4880906,
              51.4707021
            ],
            [
              -0.4884022,
              51.4707043
            ],
            [
              -0.4884016,
              51.4707789
            ],
            [
              -0.4880898,
              51.4707766
            ],
            [
              -0.4880906,
              51.4707021
            ]
          ]
        ]
      },
      "properties": {
        "brand": "Cartier",
        "brand:wikidata": "Q538587",
        "brand:wikipedia": "en:Cartier (jeweler)",
        "check_date": "2026-02-04",
        "indoor": "room",
        "level": "2",
        "level_ref": "2",
        "name": "Cartier",
        "shop": "jewelry",
        "osm_id": 438299669,
        "osm_type": "way"
      }
    },
    {
      "type": "Feature",
      "geometry": {
        "type": "Polygon",
        "coordinates": [
          [
            [
              -0.4880587,
              51.4725504
            ],
            [
              -0.4883714,
              51.4725502
            ],
            [
              -0.4883716,
              51.4726082
            ],
            [
              -0.4880588,
              51.4726085
            ],
            [
              -0.4880587,
              51.4725504
            ]
          ]
        ]
      },
      "properties": {
        "brand": "InMotion",
        "brand:wikidata": "Q109648041",
        "check_date": "2025-11-17",
        "indoor": "room",
        "level": "2",
        "level_ref": "2",
        "name": "InMotion",
        "payment:cash": "yes",
        "payment:credit_cards": "yes",
        "payment:debit_cards": "yes",
        "shop": "electronics",
        "wheelchair": "yes",
        "osm_id": 438299670,
        "osm_type": "way"
      }
    },
    {
      "type": "Feature",
      "geometry": {
        "type": "Polygon",
        "coordinates": [
          [
            [
              -0.4870291,
              51.4712178
            ],
            [
              -0.4871544,
              51.4712184
            ],
            [
              -0.4872343,
              51.471173
            ],
            [
              -0.4873617,
              51.4711372
            ],
            [
              -0.4874871,
              51.4711226
            ],
            [
              -0.4875747,
              51.4711329
            ],
            [
              -0.4876337,
              51.4711627
            ],
            [
              -0.487681,
              51.4712282
            ],
            [
              -0.487686,
              51.471285
            ],
            [
              -0.4870247,
              51.471288
            ],
            [
              -0.4870291,
              51.4712178
            ]
          ]
        ]
      },
      "properties": {
        "check_date": "2026-02-04",
        "indoor": "room",
        "level": "2",
        "level_ref": "2",
        "name": "Channel",
        "shop": "cosmetics",
        "osm_id": 438299672,
        "osm_type": "way"
      }
    },
    {
      "type": "Feature",
      "geometry": {
        "type": "Polygon",
        "coordinates": [
          [
            [
              -0.4880873,
              51.4710149
            ],
            [
              -0.4883997,
              51.4710172
            ],
            [
              -0.4883991,
              51.4710938
            ],
            [
              -0.4880866,
              51.4710915
            ],
            [
              -0.4880873,
              51.4710149
            ]
          ]
        ]
      },
      "properties": {
        "brand": "Dior",
        "brand:wikidata": "Q542767",
        "brand:wikipedia": "en:Christian Dior (fashion house)",
        "check_date": "2026-02-04",
        "disused:shop": "clothes",
        "indoor": "room",
        "level": "2",
        "level_ref": "2",
        "name": "Dior",
        "osm_id": 438299674,
        "osm_type": "way"
      }
    },
    {
      "type": "Feature",
      "geometry": {
        "type": "Polygon",
        "coordinates": [
          [
            [
              -0.487619,
              51.4702265
            ],
            [
              -0.4875142,
              51.4702265
            ],
            [
              -0.4873878,
              51.4702265
            ],
            [
              -0.487391,
              51.4703342
            ],
            [
              -0.4876199,
              51.4703363
            ],
            [
              -0.487619,
              51.4702265
            ]
          ]
        ]
      },
      "properties": {
        "amenity": "deli",
        "check_date": "2026-02-04",
        "indoor": "room",
        "level": "2",
        "level_ref": "2",
        "name": "Fortnum & Mason",
        "shop": "gift",
        "osm_id": 438299681,
        "osm_type": "way"
      }
    },
    {
      "type": "Feature",
      "geometry": {
        "type": "Polygon",
        "coordinates": [
          [
            [
              -0.4880914,
              51.4706254
            ],
            [
              -0.4884028,
              51.4706277
            ],
            [
              -0.4884023,
              51.4706844
            ],
            [
              -0.4884022,
              51.4707043
            ],
            [
              -0.4880906,
              51.4707021
            ],
            [
              -0.4880914,
              51.4706254
            ]
          ]
        ]
      },
      "properties": {
        "brand": "Gucci",
        "brand:wikidata": "Q178516",
        "brand:wikipedia": "en:Gucci",
        "check_date": "2026-02-04",
        "indoor": "room",
        "level": "2",
        "level_ref": "2",
        "name": "Gucci",
        "shop": "clothes",
        "osm_id": 438299685,
        "osm_type": "way"
      }
    },
    {
      "type": "Feature",
      "geometry": {
        "type": "Polygon",
        "coordinates": [
          [
            [
              -0.488089,
              51.470855
            ],
            [
              -0.488401,
              51.4708556
            ],
            [
              -0.4884004,
              51.4709313
            ],
            [
              -0.4880882,
              51.470929
            ],
            [
              -0.488089,
              51.470855
            ]
          ]
        ]
      },
      "properties": {
        "brand": "Hermès",
        "brand:wikidata": "Q843887",
        "check_date": "2026-02-04",
        "disused:shop": "clothes",
        "indoor": "room",
        "level": "2",
        "level_ref": "2",
        "name": "Hermès",
        "osm_id": 438299689,
        "osm_type": "way"
      }
    },
    {
      "type": "Feature",
      "geometry": {
        "type": "Polygon",
        "coordinates": [
          [
            [
              -0.4880592,
              51.4723078
            ],
            [
              -0.4883719,
              51.4723106
            ],
            [
              -0.4883718,
              51.4723605
            ],
            [
              -0.4880592,
              51.4723579
            ],
            [
              -0.4880592,
              51.4723078
            ]
          ]
        ]
      },
      "properties": {
        "brand": "Paul Smith",
        "brand:wikidata": "Q56356277",
        "check_date": "2025-11-17",
        "indoor": "room",
        "level": "2",
        "level_ref": "2",
        "name": "Paul Smith",
        "payment:cash": "yes",
        "payment:credit_cards": "yes",
        "payment:debit_cards": "yes",
        "shop": "clothes",
        "wheelchair": "yes",
        "osm_id": 438299692,
        "osm_type": "way"
      }
    },
    {
      "type": "Feature",
      "geometry": {
        "type": "Polygon",
        "coordinates": [
          [
            [
              -0.4876216,
              51.4705611
            ],
            [
              -0.4875983,
              51.4706933
            ],
            [
              -0.487548,
              51.4707392
            ],
            [
              -0.4874856,
              51.4707578
            ],
            [
              -0.4874157,
              51.4707454
            ],
            [
              -0.4873931,
              51.4707002
            ],
            [
              -0.487395,
              51.470562
            ],
            [
              -0.4876216,
              51.4705611
            ]
          ]
        ]
      },
      "properties": {
        "brand": "Louis Vuitton",
        "brand:wikidata": "Q191485",
        "brand:wikipedia": "en:Louis Vuitton",
        "check_date": "2026-02-04",
        "indoor": "room",
        "level": "2",
        "level_ref": "2",
        "name": "Louis Vuitton",
        "shop": "clothes",
        "osm_id": 438299693,
        "osm_type": "way"
      }
    },
    {
      "type": "Feature",
      "geometry": {
        "type": "Polygon",
        "coordinates": [
          [
            [
              -0.4880588,
              51.4726085
            ],
            [
              -0.4883716,
              51.4726082
            ],
            [
              -0.4883717,
              51.4726662
            ],
            [
              -0.488059,
              51.4726665
            ],
            [
              -0.4880588,
              51.4726085
            ]
          ]
        ]
      },
      "properties": {
        "brand": "Rituals",
        "brand:wikidata": "Q62874140",
        "check_date": "2025-11-17",
        "indoor": "room",
        "level": "2",
        "level_ref": "2",
        "name": "Rituals",
        "opening_hours": "Mo-Su 05:30-22:00",
        "payment:cash": "yes",
        "payment:credit_cards": "yes",
        "payment:debit_cards": "yes",
        "shop": "cosmetics",
        "wheelchair": "yes",
        "osm_id": 438299694,
        "osm_type": "way"
      }
    },
    {
      "type": "Feature",
      "geometry": {
        "type": "Polygon",
        "coordinates": [
          [
            [
              -0.4880591,
              51.4724081
            ],
            [
              -0.4883718,
              51.4724105
            ],
            [
              -0.4883718,
              51.4724605
            ],
            [
              -0.4880591,
              51.4724582
            ],
            [
              -0.4880591,
              51.4724081
            ]
          ]
        ]
      },
      "properties": {
        "brand": "Hugo Boss",
        "brand:wikidata": "Q491627",
        "check_date": "2025-11-17",
        "indoor": "room",
        "level": "2",
        "level_ref": "2",
        "name": "Hugo Boss",
        "payment:cash": "yes",
        "payment:credit_cards": "yes",
        "payment:debit_cards": "yes",
        "shop": "clothes",
        "short_name": "Boss",
        "wheelchair": "yes",
        "osm_id": 438299695,
        "osm_type": "way"
      }
    },
    {
      "type": "Feature",
      "geometry": {
        "type": "Polygon",
        "coordinates": [
          [
            [
              -0.4880941,
              51.470355
            ],
            [
              -0.4884049,
              51.4703573
            ],
            [
              -0.4884045,
              51.4704076
            ],
            [
              -0.4884041,
              51.4704568
            ],
            [
              -0.4880931,
              51.4704566
            ],
            [
              -0.4880941,
              51.470355
            ]
          ]
        ]
      },
      "properties": {
        "check_date": "2026-02-04",
        "indoor": "room",
        "level": "2",
        "level_ref": "2",
        "name": "Watches of Switzerland",
        "shop": "watches",
        "osm_id": 438299696,
        "osm_type": "way"
      }
    },
    {
      "type": "Feature",
      "geometry": {
        "type": "Polygon",
        "coordinates": [
          [
            [
              -0.4880882,
              51.470929
            ],
            [
              -0.4884004,
              51.4709313
            ],
            [
              -0.4883997,
              51.4710172
            ],
            [
              -0.4880873,
              51.4710149
            ],
            [
              -0.4880882,
              51.470929
            ]
          ]
        ]
      },
      "properties": {
        "brand": "Prada",
        "brand:wikidata": "Q193136",
        "brand:wikipedia": "en:Prada",
        "check_date": "2026-02-04",
        "disused:shop": "clothes",
        "indoor": "room",
        "level": "2",
        "level_ref": "2",
        "name": "Prada",
        "osm_id": 438299698,
        "osm_type": "way"
      }
    },
    {
      "type": "Feature",
      "geometry": {
        "type": "Polygon",
        "coordinates": [
          [
            [
              -0.4876107,
              51.4724594
            ],
            [
              -0.4876107,
              51.4723866
            ],
            [
              -0.4873192,
              51.4723866
            ],
            [
              -0.4873192,
              51.4724594
            ],
            [
              -0.4876107,
              51.4724594
            ]
          ]
        ]
      },
      "properties": {
        "addr:floor": "2",
        "addr:housename": "Terminal 5 Departures Level 1 (airside)",
        "addr:locality": "London Heathrow Airport",
        "addr:postcode": "TW6 2GA",
        "addr:street": "Wellington Road",
        "amenity": "fast_food",
        "brand": "Pret A Manger",
        "brand:wikidata": "Q2109109",
        "brand:wikipedia": "en:Pret a Manger",
        "check_date": "2025-11-17",
        "cuisine": "sandwich",
        "diet:vegan": "yes",
        "diet:vegetarian": "yes",
        "fhrs:id": "519395",
        "indoor": "area",
        "indoor_seating": "yes",
        "level": "2",
        "level_ref": "2",
        "name": "Pret A Manger",
        "outdoor_seating": "no",
        "payment:cash": "yes",
        "payment:credit_cards": "yes",
        "payment:debit_cards": "yes",
        "short_name": "Pret",
        "smoking": "no",
        "source:addr": "FHRS Open Data",
        "takeaway": "yes",
        "wheelchair": "yes",
        "osm_id": 438299699,
        "osm_type": "way"
      }
    },
    {
      "type": "Feature",
      "geometry": {
        "type": "Polygon",
        "coordinates": [
          [
            [
              -0.4880931,
              51.4704566
            ],
            [
              -0.4884041,
              51.4704568
            ],
            [
              -0.4884039,
              51.4704748
            ],
            [
              -0.4884034,
              51.470549
            ],
            [
              -0.4880922,
              51.4705467
            ],
            [
              -0.4880931,
              51.4704566
            ]
          ]
        ]
      },
      "properties": {
        "brand": "Rolex",
        "brand:wikidata": "Q62288",
        "check_date": "2026-02-04",
        "indoor": "room",
        "level": "2",
        "level_ref": "2",
        "name": "Rolex",
        "shop": "watches",
        "osm_id": 438299701,
        "osm_type": "way"
      }
    },
    {
      "type": "Feature",
      "geometry": {
        "type": "Polygon",
        "coordinates": [
          [
            [
              -0.4880591,
              51.4727245
            ],
            [
              -0.4883718,
              51.4727242
            ],
            [
              -0.488372,
              51.4727823
            ],
            [
              -0.4880592,
              51.4727825
            ],
            [
              -0.4880591,
              51.4727245
            ]
          ]
        ]
      },
      "properties": {
        "check_date": "2025-11-17",
        "indoor": "room",
        "level": "2",
        "level_ref": "2",
        "name": "Case",
        "payment:cash": "yes",
        "payment:credit_cards": "yes",
        "payment:debit_cards": "yes",
        "shop": "bag",
        "wheelchair": "yes",
        "osm_id": 438299702,
        "osm_type": "way"
      }
    },
    {
      "type": "Feature",
      "geometry": {
        "type": "Polygon",
        "coordinates": [
          [
            [
              -0.4876199,
              51.4703363
            ],
            [
              -0.4876208,
              51.4704347
            ],
            [
              -0.487394,
              51.4704356
            ],
            [
              -0.487391,
              51.4703342
            ],
            [
              -0.4876199,
              51.4703363
            ]
          ]
        ]
      },
      "properties": {
        "alcohol": "whisky",
        "check_date": "2026-02-04",
        "indoor": "room",
        "level": "2",
        "level_ref": "2",
        "name": "The Macallan",
        "shop": "alcohol",
        "osm_id": 438299704,
        "osm_type": "way"
      }
    },
    {
      "type": "Feature",
      "geometry": {
        "type": "Polygon",
        "coordinates": [
          [
            [
              -0.4870785,
              51.472174
            ],
            [
              -0.4870776,
              51.4722582
            ],
            [
              -0.4875867,
              51.4722604
            ],
            [
              -0.4875871,
              51.4722209
            ],
            [
              -0.4875876,
              51.4721761
            ],
            [
              -0.4870785,
              51.472174
            ]
          ]
        ]
      },
      "properties": {
        "addr:floor": "2",
        "addr:housename": "Terminal 5 Departures Level 1 (airside)",
        "addr:street": "Wellington Road",
        "amenity": "cafe",
        "brand": "Starbucks",
        "brand:wikidata": "Q37158",
        "brand:wikipedia": "en:Starbucks",
        "check_date": "2025-11-17",
        "cuisine": "coffee_shop",
        "diet:vegan": "yes",
        "diet:vegetarian": "yes",
        "indoor": "area",
        "indoor_seating": "yes",
        "level": "2",
        "level_ref": "2",
        "name": "Starbucks",
        "official_name": "Starbucks Coffee",
        "outdoor_seating": "no",
        "payment:cash": "yes",
        "payment:credit_cards": "yes",
        "payment:debit_cards": "yes",
        "takeaway": "yes",
        "website": "https://www.starbucks.com/store-locator/store/1011849/heathrow-sspemea-lhr-t-5-airs-terminal-5-airside-hounslow-eng-tw-6-2-ga-gb",
        "osm_id": 438299705,
        "osm_type": "way"
      }
    },
    {
      "type": "Feature",
      "geometry": {
        "type": "Polygon",
        "coordinates": [
          [
            [
              -0.4880586,
              51.4724924
            ],
            [
              -0.4883713,
              51.4724921
            ],
            [
              -0.4883714,
              51.4725502
            ],
            [
              -0.4880587,
              51.4725504
            ],
            [
              -0.4880586,
              51.4724924
            ]
          ]
        ]
      },
      "properties": {
        "brand": "Sunglass Hut",
        "brand:wikidata": "Q136311",
        "brand:wikipedia": "en:Sunglass Hut",
        "check_date": "2025-11-17",
        "indoor": "room",
        "level": "2",
        "level_ref": "2",
        "name": "Sunglass Hut",
        "payment:cash": "yes",
        "payment:credit_cards": "yes",
        "payment:debit_cards": "yes",
        "shop": "optician",
        "wheelchair": "yes",
        "osm_id": 438299707,
        "osm_type": "way"
      }
    },
    {
      "type": "Feature",
      "geometry": {
        "type": "Polygon",
        "coordinates": [
          [
            [
              -0.4880592,
              51.4723579
            ],
            [
              -0.4883718,
              51.4723605
            ],
            [
              -0.4883718,
              51.4724105
            ],
            [
              -0.4880591,
              51.4724081
            ],
            [
              -0.4880592,
              51.4723579
            ]
          ]
        ]
      },
      "properties": {
        "brand": "Lululemon",
        "brand:wikidata": "Q6702957",
        "check_date": "2025-11-17",
        "clothes": "men;women",
        "indoor": "room",
        "level": "2",
        "level_ref": "2",
        "name": "Lululemon",
        "official_name": "Lululemon Athletica",
        "payment:cash": "yes",
        "payment:credit_cards": "yes",
        "payment:debit_cards": "yes",
        "shop": "clothes",
        "wheelchair": "yes",
        "osm_id": 438299709,
        "osm_type": "way"
      }
    },
    {
      "type": "Feature",
      "geometry": {
        "type": "Polygon",
        "coordinates": [
          [
            [
              -0.4876138,
              51.4729927
            ],
            [
              -0.487612,
              51.4729428
            ],
            [
              -0.4874989,
              51.4729443
            ],
            [
              -0.4875008,
              51.472994
            ],
            [
              -0.4876138,
              51.4729927
            ]
          ]
        ]
      },
      "properties": {
        "brand": "WHSmith",
        "brand:wikidata": "Q1548712",
        "check_date": "2025-11-17",
        "indoor": "room",
        "level": "2",
        "level_ref": "2",
        "name": "WHSmith",
        "operator": "W. H. Smith",
        "shop": "books",
        "wheelchair": "yes",
        "osm_id": 438299711,
        "osm_type": "way"
      }
    },
    {
      "type": "Feature",
      "geometry": {
        "type": "Polygon",
        "coordinates": [
          [
            [
              -0.4877148,
              51.4730042
            ],
            [
              -0.4879761,
              51.4730018
            ],
            [
              -0.4879156,
              51.4731488
            ],
            [
              -0.4877188,
              51.4731494
            ],
            [
              -0.4877148,
              51.4730042
            ]
          ]
        ]
      },
      "properties": {
        "amenity": "pub",
        "brand": "Wetherspoon",
        "brand:wikidata": "Q6109362",
        "check_date": "2026-02-04",
        "diet:vegan": "yes",
        "diet:vegetarian": "yes",
        "dog": "no",
        "fhrs:id": "519358",
        "food": "yes",
        "indoor": "area",
        "indoor_seating": "yes",
        "level": "2",
        "level_ref": "2",
        "name": "The Crown Rivers",
        "outdoor_seating": "no",
        "smoking": "no",
        "website": "https://www.jdwetherspoon.com/pubs/all-pubs/england/middlesex/the-crown-rivers-after-security-terminal-5",
        "website:menu": "https://order.jdwetherspoon.com/venue/jdw/5509/menus",
        "wheelchair": "yes",
        "wikidata": "Q88916761",
        "osm_id": 438299712,
        "osm_type": "way"
      }
    },
    {
      "type": "Feature",
      "geometry": {
        "type": "Polygon",
        "coordinates": [
          [
            [
              -0.488059,
              51.4726665
            ],
            [
              -0.4883717,
              51.4726662
            ],
            [
              -0.4883718,
              51.4727242
            ],
            [
              -0.4880591,
              51.4727245
            ],
            [
              -0.488059,
              51.4726665
            ]
          ]
        ]
      },
      "properties": {
        "check_date": "2025-11-17",
        "indoor": "room",
        "level": "2",
        "level_ref": "2",
        "name": "Orlebar Brown",
        "payment:cash": "yes",
        "payment:credit_cards": "yes",
        "payment:debit_cards": "yes",
        "shop": "clothes",
        "wheelchair": "yes",
        "osm_id": 438299713,
        "osm_type": "way"
      }
    },
    {
      "type": "Feature",
      "geometry": {
        "type": "Polygon",
        "coordinates": [
          [
            [
              -0.4880898,
              51.4707766
            ],
            [
              -0.4884016,
              51.4707789
            ],
            [
              -0.4884013,
              51.470812
            ],
            [
              -0.488401,
              51.4708556
            ],
            [
              -0.488089,
              51.470855
            ],
            [
              -0.4880898,
              51.4707766
            ]
          ]
        ]
      },
      "properties": {
        "brand": "Tiffany & Company",
        "brand:wikidata": "Q1066858",
        "check_date": "2026-02-04",
        "indoor": "room",
        "level": "2",
        "level_ref": "2",
        "name": "Tiffany & Company",
        "official_name": "Tiffany & Co.",
        "shop": "jewelry",
        "osm_id": 438299714,
        "osm_type": "way"
      }
    },
    {
      "type": "Feature",
      "geometry": {
        "type": "Polygon",
        "coordinates": [
          [
            [
              -0.4876609,
              51.4722212
            ],
            [
              -0.4876614,
              51.4721765
            ],
            [
              -0.4875876,
              51.4721761
            ],
            [
              -0.4875871,
              51.4722209
            ],
            [
              -0.4876609,
              51.4722212
            ]
          ]
        ]
      },
      "properties": {
        "amenity": "bureau_de_change",
        "indoor": "room",
        "level": "2",
        "level_ref": "2",
        "name": "Travelex",
        "osm_id": 438299715,
        "osm_type": "way"
      }
    },
    {
      "type": "Feature",
      "geometry": {
        "type": "Polygon",
        "coordinates": [
          [
            [
              -0.4877391,
              51.4709272
            ],
            [
              -0.4877412,
              51.4708599
            ],
            [
              -0.4876554,
              51.4708589
            ],
            [
              -0.4876534,
              51.4709262
            ],
            [
              -0.4877391,
              51.4709272
            ]
          ]
        ]
      },
      "properties": {
        "amenity": "bureau_de_change",
        "check_date": "2026-02-04",
        "indoor": "room",
        "level": "2",
        "level_ref": "2",
        "osm_id": 438299719,
        "osm_type": "way"
      }
    },
    {
      "type": "Feature",
      "geometry": {
        "type": "Polygon",
        "coordinates": [
          [
            [
              -0.4880626,
              51.4720849
            ],
            [
              -0.4880619,
              51.4721043
            ],
            [
              -0.4880593,
              51.4722075
            ],
            [
              -0.4883719,
              51.4722106
            ],
            [
              -0.4883719,
              51.472087
            ],
            [
              -0.4880626,
              51.4720849
            ]
          ]
        ]
      },
      "properties": {
        "check_date": "2026-02-04",
        "indoor": "room",
        "level": "2",
        "level_ref": "2",
        "name": "Duty Free Cigarettes",
        "shop": "tobacco",
        "osm_id": 438299721,
        "osm_type": "way"
      }
    },
    {
      "type": "Feature",
      "geometry": {
        "type": "Polygon",
        "coordinates": [
          [
            [
              -0.487966,
              51.4726293
            ],
            [
              -0.4877906,
              51.4726291
            ],
            [
              -0.4877587,
              51.4726291
            ],
            [
              -0.4877588,
              51.4725824
            ],
            [
              -0.4879661,
              51.4725826
            ],
            [
              -0.487966,
              51.4726293
            ]
          ]
        ]
      },
      "properties": {
        "amenity": "bureau_de_change",
        "indoor": "room",
        "level": "2",
        "level_ref": "2",
        "name": "Travelex",
        "osm_id": 438299723,
        "osm_type": "way"
      }
    },
    {
      "type": "Feature",
      "geometry": {
        "type": "Polygon",
        "coordinates": [
          [
            [
              -0.4879661,
              51.4725826
            ],
            [
              -0.4879663,
              51.4725298
            ],
            [
              -0.487759,
              51.4725295
            ],
            [
              -0.4877588,
              51.4725824
            ],
            [
              -0.4879661,
              51.4725826
            ]
          ]
        ]
      },
      "properties": {
        "brand": "Prada",
        "brand:wikidata": "Q193136",
        "check_date": "2025-11-17",
        "indoor": "room",
        "level": "2",
        "level_ref": "2",
        "name": "Prada",
        "shop": "clothes",
        "osm_id": 438299724,
        "osm_type": "way"
      }
    },
    {
      "type": "Feature",
      "geometry": {
        "type": "Polygon",
        "coordinates": [
          [
            [
              -0.4876262,
              51.4728393
            ],
            [
              -0.4876716,
              51.4727014
            ],
            [
              -0.4873156,
              51.4727056
            ],
            [
              -0.487319,
              51.472842
            ],
            [
              -0.4876262,
              51.4728393
            ]
          ]
        ]
      },
      "properties": {
        "brand": "WHSmith",
        "brand:website": "https://www.whsmithplc.co.uk/",
        "brand:wikidata": "Q1548712",
        "check_date": "2026-06-18",
        "check_date:opening_hours": "2026-06-18",
        "indoor": "room",
        "level": "2",
        "level_ref": "2",
        "name": "WHSmith",
        "opening_hours": "Mo-Su 05:00-22:00",
        "shop": "newsagent",
        "wheelchair": "yes",
        "osm_id": 438299726,
        "osm_type": "way"
      }
    },
    {
      "type": "Feature",
      "geometry": {
        "type": "Polygon",
        "coordinates": [
          [
            [
              -0.4880955,
              51.470225
            ],
            [
              -0.4884058,
              51.4702325
            ],
            [
              -0.4884056,
              51.4702597
            ],
            [
              -0.4884051,
              51.4703302
            ],
            [
              -0.4884049,
              51.4703573
            ],
            [
              -0.4880941,
              51.470355
            ],
            [
              -0.4880955,
              51.470225
            ]
          ]
        ]
      },
      "properties": {
        "brand": "WHSmith",
        "brand:website": "https://www.whsmithplc.co.uk/",
        "brand:wikidata": "Q1548712",
        "brand:wikipedia": "en:WHSmith",
        "check_date": "2026-02-04",
        "indoor": "room",
        "level": "2",
        "level_ref": "2",
        "name": "WHSmith",
        "shop": "newsagent",
        "osm_id": 438299731,
        "osm_type": "way"
      }
    },
    {
      "type": "Feature",
      "geometry": {
        "type": "Polygon",
        "coordinates": [
          [
            [
              -0.4880866,
              51.4710915
            ],
            [
              -0.4883991,
              51.4710938
            ],
            [
              -0.4883985,
              51.4711726
            ],
            [
              -0.4880857,
              51.4711703
            ],
            [
              -0.4880866,
              51.4710915
            ]
          ]
        ]
      },
      "properties": {
        "brand:wikidata": "Q28404008",
        "check_date": "2026-02-04",
        "disused:shop": "watches",
        "indoor": "room",
        "level": "2",
        "level_ref": "2",
        "name": "Watches of Switzerland",
        "website": "https://www.watches-of-switzerland.co.uk/store/480",
        "osm_id": 438299733,
        "osm_type": "way"
      }
    },
    {
      "type": "Feature",
      "geometry": {
        "type": "Polygon",
        "coordinates": [
          [
            [
              -0.4876716,
              51.4727014
            ],
            [
              -0.4876662,
              51.4725141
            ],
            [
              -0.4873098,
              51.4725181
            ],
            [
              -0.4873156,
              51.4727056
            ],
            [
              -0.4876716,
              51.4727014
            ]
          ]
        ]
      },
      "properties": {
        "check_date": "2026-02-04",
        "indoor": "room",
        "level": "2",
        "level_ref": "2",
        "name": "World Duty Free",
        "shop": "gift",
        "wheelchair": "yes",
        "osm_id": 438299734,
        "osm_type": "way"
      }
    },
    {
      "type": "Feature",
      "geometry": {
        "type": "Polygon",
        "coordinates": [
          [
            [
              -0.4870247,
              51.471288
            ],
            [
              -0.4870232,
              51.4720837
            ],
            [
              -0.4873093,
              51.4720822
            ],
            [
              -0.4875986,
              51.472087
            ],
            [
              -0.4876501,
              51.4720561
            ],
            [
              -0.4876701,
              51.472002
            ],
            [
              -0.4876705,
              51.4719536
            ],
            [
              -0.4876246,
              51.4718757
            ],
            [
              -0.4875843,
              51.4717718
            ],
            [
              -0.4875649,
              51.4716466
            ],
            [
              -0.487585,
              51.4714859
            ],
            [
              -0.4876347,
              51.4713653
            ],
            [
              -0.487686,
              51.471285
            ],
            [
              -0.4870247,
              51.471288
            ]
          ]
        ]
      },
      "properties": {
        "check_date": "2026-02-04",
        "indoor": "room",
        "level": "2",
        "level_ref": "2",
        "name": "World Duty Free",
        "shop": "gift",
        "osm_id": 438299736,
        "osm_type": "way"
      }
    },
    {
      "type": "Feature",
      "geometry": {
        "type": "Polygon",
        "coordinates": [
          [
            [
              -0.4883709,
              51.4720354
            ],
            [
              -0.4883734,
              51.4719465
            ],
            [
              -0.4883735,
              51.4718696
            ],
            [
              -0.4883783,
              51.471506
            ],
            [
              -0.4883766,
              51.4714489
            ],
            [
              -0.4883792,
              51.4712526
            ],
            [
              -0.4880732,
              51.4712516
            ],
            [
              -0.4880544,
              51.4713245
            ],
            [
              -0.4880573,
              51.4713902
            ],
            [
              -0.488084,
              51.4714482
            ],
            [
              -0.4881138,
              51.4715061
            ],
            [
              -0.4881297,
              51.4715839
            ],
            [
              -0.4881313,
              51.471665
            ],
            [
              -0.488116,
              51.4717476
            ],
            [
              -0.4880888,
              51.4718183
            ],
            [
              -0.4880541,
              51.4718699
            ],
            [
              -0.4880356,
              51.471952
            ],
            [
              -0.4880566,
              51.4720341
            ],
            [
              -0.4883709,
              51.4720354
            ]
          ]
        ]
      },
      "properties": {
        "check_date": "2026-02-04",
        "indoor": "room",
        "level": "2",
        "level_ref": "2",
        "name": "World Duty Free",
        "shop": "gift",
        "osm_id": 438299737,
        "osm_type": "way"
      }
    },
    {
      "type": "Feature",
      "geometry": {
        "type": "Polygon",
        "coordinates": [
          [
            [
              -0.4883719,
              51.472087
            ],
            [
              -0.4883709,
              51.4720354
            ],
            [
              -0.4880566,
              51.4720341
            ],
            [
              -0.4880626,
              51.4720849
            ],
            [
              -0.4883719,
              51.472087
            ]
          ]
        ]
      },
      "properties": {
        "check_date": "2026-02-04",
        "indoor": "room",
        "level": "2",
        "level_ref": "2",
        "name": "World of Whiskies",
        "shop": "alcohol",
        "osm_id": 438299738,
        "osm_type": "way"
      }
    },
    {
      "type": "Feature",
      "geometry": {
        "type": "LineString",
        "coordinates": [
          [
            -0.4879217,
            51.4721202
          ],
          [
            -0.4868872,
            51.4721248
          ]
        ]
      },
      "properties": {
        "highway": "footway",
        "indoor": "yes",
        "layer": "2",
        "level": "2",
        "level_ref": "2",
        "osm_id": 438299740,
        "osm_type": "way"
      }
    },
    {
      "type": "Feature",
      "geometry": {
        "type": "LineString",
        "coordinates": [
          [
            -0.4880239,
            51.4724748
          ],
          [
            -0.4879269,
            51.4724749
          ],
          [
            -0.4876942,
            51.472475
          ],
          [
            -0.4869832,
            51.4724755
          ],
          [
            -0.4868843,
            51.4724756
          ]
        ]
      },
      "properties": {
        "highway": "footway",
        "indoor": "yes",
        "layer": "2",
        "level": "2",
        "level_ref": "2",
        "osm_id": 438299742,
        "osm_type": "way"
      }
    },
    {
      "type": "Feature",
      "geometry": {
        "type": "LineString",
        "coordinates": [
          [
            -0.4879048,
            51.4707832
          ],
          [
            -0.4868907,
            51.4707796
          ]
        ]
      },
      "properties": {
        "highway": "footway",
        "indoor": "yes",
        "level": "2",
        "level_ref": "2",
        "lit": "24/7",
        "surface": "concrete",
        "osm_id": 438299743,
        "osm_type": "way"
      }
    },
    {
      "type": "Feature",
      "geometry": {
        "type": "LineString",
        "coordinates": [
          [
            -0.4879751,
            51.4732464
          ],
          [
            -0.4879673,
            51.4732061
          ],
          [
            -0.4880344,
            51.4729768
          ]
        ]
      },
      "properties": {
        "highway": "footway",
        "indoor": "yes",
        "level": "2",
        "level_ref": "2",
        "osm_id": 438299744,
        "osm_type": "way"
      }
    },
    {
      "type": "Feature",
      "geometry": {
        "type": "LineString",
        "coordinates": [
          [
            -0.4876554,
            51.4729786
          ],
          [
            -0.4876534,
            51.4732071
          ]
        ]
      },
      "properties": {
        "highway": "footway",
        "indoor": "yes",
        "level": "2",
        "level_ref": "2",
        "lit": "yes",
        "surface": "paving_stones",
        "osm_id": 438299747,
        "osm_type": "way"
      }
    },
    {
      "type": "Feature",
      "geometry": {
        "type": "LineString",
        "coordinates": [
          [
            -0.4879131,
            51.4712244
          ],
          [
            -0.4884348,
            51.4712261
          ],
          [
            -0.4884346,
            51.4713713
          ],
          [
            -0.4884979,
            51.4713725
          ]
        ]
      },
      "properties": {
        "highway": "footway",
        "indoor": "yes",
        "level": "2",
        "level_ref": "2",
        "lit": "24/7",
        "surface": "paving_stones",
        "osm_id": 438299749,
        "osm_type": "way"
      }
    },
    {
      "type": "Feature",
      "geometry": {
        "type": "LineString",
        "coordinates": [
          [
            -0.4879219,
            51.4720186
          ],
          [
            -0.4884239,
            51.4720179
          ],
          [
            -0.488425,
            51.4719021
          ],
          [
            -0.488493,
            51.4719007
          ]
        ]
      },
      "properties": {
        "highway": "footway",
        "indoor": "yes",
        "level": "2",
        "level_ref": "2",
        "lit": "24/7",
        "surface": "paving_stones",
        "osm_id": 438299752,
        "osm_type": "way"
      }
    },
    {
      "type": "Feature",
      "geometry": {
        "type": "LineString",
        "coordinates": [
          [
            -0.4880302,
            51.4718221
          ],
          [
            -0.4879466,
            51.471822
          ],
          [
            -0.4879224,
            51.471822
          ]
        ]
      },
      "properties": {
        "highway": "footway",
        "indoor": "yes",
        "level": "2",
        "level_ref": "2",
        "osm_id": 438299759,
        "osm_type": "way"
      }
    },
    {
      "type": "Feature",
      "geometry": {
        "type": "Polygon",
        "coordinates": [
          [
            [
              -0.4763277,
              51.472131
            ],
            [
              -0.475871,
              51.472132
            ],
            [
              -0.4758721,
              51.4720436
            ],
            [
              -0.4758718,
              51.4720219
            ],
            [
              -0.4758684,
              51.4716585
            ],
            [
              -0.4758679,
              51.4715683
            ],
            [
              -0.4758678,
              51.471544
            ],
            [
              -0.4758661,
              51.4712157
            ],
            [
              -0.4758659,
              51.4711953
            ],
            [
              -0.4758649,
              51.471001
            ],
            [
              -0.475863,
              51.4707149
            ],
            [
              -0.4758629,
              51.470694
            ],
            [
              -0.4758608,
              51.4703808
            ],
            [
              -0.4758609,
              51.4703647
            ],
            [
              -0.4758611,
              51.4703153
            ],
            [
              -0.4758594,
              51.4699969
            ],
            [
              -0.4758591,
              51.4699399
            ],
            [
              -0.4763159,
              51.469939
            ],
            [
              -0.4763162,
              51.4699948
            ],
            [
              -0.4763174,
              51.4702232
            ],
            [
              -0.4763178,
              51.4702968
            ],
            [
              -0.4763182,
              51.4703626
            ],
            [
              -0.4763198,
              51.4706698
            ],
            [
              -0.47632,
              51.4706961
            ],
            [
              -0.476321,
              51.4708854
            ],
            [
              -0.476323,
              51.4712605
            ],
            [
              -0.4763229,
              51.4712698
            ],
            [
              -0.4763245,
              51.4715616
            ],
            [
              -0.4763247,
              51.4715825
            ],
            [
              -0.4763256,
              51.4717454
            ],
            [
              -0.4763271,
              51.4720227
            ],
            [
              -0.4763274,
              51.4720691
            ],
            [
              -0.4763277,
              51.472131
            ]
          ]
        ]
      },
      "properties": {
        "highway": "footway",
        "indoor": "yes",
        "level": "2",
        "osm_id": 438299761,
        "osm_type": "way"
      }
    },
    {
      "type": "Feature",
      "geometry": {
        "type": "LineString",
        "coordinates": [
          [
            -0.4889513,
            51.4711381
          ],
          [
            -0.488951,
            51.4711012
          ],
          [
            -0.488979,
            51.4711011
          ],
          [
            -0.4890284,
            51.471099
          ],
          [
            -0.4890503,
            51.4710979
          ],
          [
            -0.4890545,
            51.4711376
          ]
        ]
      },
      "properties": {
        "highway": "footway",
        "indoor": "yes",
        "level": "2",
        "level_ref": "2",
        "osm_id": 1178305512,
        "osm_type": "way"
      }
    },
    {
      "type": "Feature",
      "geometry": {
        "type": "LineString",
        "coordinates": [
          [
            -0.4762055,
            51.4707006
          ],
          [
            -0.4762038,
            51.470652
          ],
          [
            -0.4761839,
            51.4706523
          ]
        ]
      },
      "properties": {
        "highway": "footway",
        "indoor": "yes",
        "level": "2",
        "osm_id": 1178360757,
        "osm_type": "way"
      }
    },
    {
      "type": "Feature",
      "geometry": {
        "type": "LineString",
        "coordinates": [
          [
            -0.476207,
            51.4707428
          ],
          [
            -0.4762055,
            51.4707006
          ],
          [
            -0.4761856,
            51.4707008
          ]
        ]
      },
      "properties": {
        "highway": "footway",
        "indoor": "yes",
        "level": "2",
        "osm_id": 1178360758,
        "osm_type": "way"
      }
    },
    {
      "type": "Feature",
      "geometry": {
        "type": "LineString",
        "coordinates": [
          [
            -0.4762098,
            51.4708249
          ],
          [
            -0.476207,
            51.4707428
          ],
          [
            -0.476187,
            51.470743
          ]
        ]
      },
      "properties": {
        "highway": "footway",
        "indoor": "yes",
        "level": "2",
        "osm_id": 1178360759,
        "osm_type": "way"
      }
    },
    {
      "type": "Feature",
      "geometry": {
        "type": "LineString",
        "coordinates": [
          [
            -0.476037,
            51.470932
          ],
          [
            -0.476187,
            51.47093
          ],
          [
            -0.4761834,
            51.4708253
          ],
          [
            -0.4762098,
            51.4708249
          ],
          [
            -0.4762204,
            51.4708248
          ],
          [
            -0.4762407,
            51.4708245
          ]
        ]
      },
      "properties": {
        "highway": "footway",
        "indoor": "yes",
        "level": "2",
        "osm_id": 1178360788,
        "osm_type": "way"
      }
    },
    {
      "type": "Feature",
      "geometry": {
        "type": "LineString",
        "coordinates": [
          [
            -0.4760405,
            51.4710349
          ],
          [
            -0.47596,
            51.471036
          ]
        ]
      },
      "properties": {
        "highway": "footway",
        "indoor": "yes",
        "level": "2",
        "osm_id": 1178360789,
        "osm_type": "way"
      }
    },
    {
      "type": "Feature",
      "geometry": {
        "type": "LineString",
        "coordinates": [
          [
            -0.4760394,
            51.4710014
          ],
          [
            -0.4759617,
            51.4710024
          ]
        ]
      },
      "properties": {
        "highway": "footway",
        "indoor": "yes",
        "level": "2",
        "osm_id": 1178360790,
        "osm_type": "way"
      }
    },
    {
      "type": "Feature",
      "geometry": {
        "type": "LineString",
        "coordinates": [
          [
            -0.476038,
            51.4709624
          ],
          [
            -0.4759603,
            51.4709634
          ]
        ]
      },
      "properties": {
        "highway": "footway",
        "indoor": "yes",
        "level": "2",
        "osm_id": 1178360791,
        "osm_type": "way"
      }
    },
    {
      "type": "Feature",
      "geometry": {
        "type": "LineString",
        "coordinates": [
          [
            -0.4759593,
            51.470933
          ],
          [
            -0.476037,
            51.470932
          ],
          [
            -0.476038,
            51.4709624
          ],
          [
            -0.4760394,
            51.4710014
          ],
          [
            -0.4760405,
            51.4710349
          ]
        ]
      },
      "properties": {
        "highway": "footway",
        "indoor": "yes",
        "level": "2",
        "osm_id": 1178360792,
        "osm_type": "way"
      }
    },
    {
      "type": "Feature",
      "geometry": {
        "type": "LineString",
        "coordinates": [
          [
            -0.4890564,
            51.4717084
          ],
          [
            -0.4890565,
            51.4717453
          ],
          [
            -0.4890301,
            51.4717454
          ]
        ]
      },
      "properties": {
        "highway": "footway",
        "indoor": "yes",
        "level": "2",
        "level_ref": "2",
        "osm_id": 1179702380,
        "osm_type": "way"
      }
    },
    {
      "type": "Feature",
      "geometry": {
        "type": "LineString",
        "coordinates": [
          [
            -0.4758199,
            51.4699405
          ],
          [
            -0.4758591,
            51.4699399
          ]
        ]
      },
      "properties": {
        "highway": "footway",
        "indoor": "yes",
        "level": "2",
        "osm_id": 1179806618,
        "osm_type": "way"
      }
    },
    {
      "type": "Feature",
      "geometry": {
        "type": "LineString",
        "coordinates": [
          [
            -0.4763159,
            51.469939
          ],
          [
            -0.4763533,
            51.469938
          ]
        ]
      },
      "properties": {
        "highway": "footway",
        "indoor": "yes",
        "level": "2",
        "osm_id": 1179806619,
        "osm_type": "way"
      }
    },
    {
      "type": "Feature",
      "geometry": {
        "type": "LineString",
        "coordinates": [
          [
            -0.486889,
            51.4709897
          ],
          [
            -0.4869419,
            51.4709897
          ],
          [
            -0.4869422,
            51.4710087
          ],
          [
            -0.4869841,
            51.4710089
          ]
        ]
      },
      "properties": {
        "highway": "footway",
        "indoor": "yes",
        "level": "2",
        "level_ref": "2",
        "osm_id": 1179822459,
        "osm_type": "way"
      }
    },
    {
      "type": "Feature",
      "geometry": {
        "type": "LineString",
        "coordinates": [
          [
            -0.4869838,
            51.4709898
          ],
          [
            -0.4869419,
            51.4709897
          ],
          [
            -0.4869416,
            51.4709683
          ],
          [
            -0.4869835,
            51.4709685
          ]
        ]
      },
      "properties": {
        "highway": "footway",
        "indoor": "yes",
        "level": "2",
        "level_ref": "2",
        "osm_id": 1179822464,
        "osm_type": "way"
      }
    },
    {
      "type": "Feature",
      "geometry": {
        "type": "LineString",
        "coordinates": [
          [
            -0.4814414,
            51.4706312
          ],
          [
            -0.4814404,
            51.4704747
          ],
          [
            -0.4814401,
            51.4704388
          ],
          [
            -0.4814382,
            51.4701648
          ],
          [
            -0.4814381,
            51.4701452
          ],
          [
            -0.4814356,
            51.4697705
          ],
          [
            -0.4814354,
            51.469748
          ],
          [
            -0.4814351,
            51.4697174
          ],
          [
            -0.4814337,
            51.4696669
          ],
          [
            -0.481388,
            51.4696679
          ],
          [
            -0.4810253,
            51.4696757
          ],
          [
            -0.4809657,
            51.4696769
          ],
          [
            -0.4809648,
            51.4697315
          ],
          [
            -0.4808852,
            51.4697304
          ],
          [
            -0.4808908,
            51.4698341
          ],
          [
            -0.4808916,
            51.4698495
          ],
          [
            -0.4809242,
            51.4704588
          ],
          [
            -0.4809249,
            51.4704729
          ],
          [
            -0.4809362,
            51.4706836
          ],
          [
            -0.4809381,
            51.4708866
          ],
          [
            -0.4809382,
            51.4708937
          ],
          [
            -0.4809431,
            51.4714071
          ],
          [
            -0.4809434,
            51.4714388
          ],
          [
            -0.4809482,
            51.4719367
          ],
          [
            -0.480949,
            51.4719643
          ],
          [
            -0.4809499,
            51.4719935
          ],
          [
            -0.4809536,
            51.4721213
          ],
          [
            -0.4814941,
            51.4721171
          ],
          [
            -0.4814915,
            51.4719993
          ],
          [
            -0.4814909,
            51.4719726
          ],
          [
            -0.4814854,
            51.4717186
          ],
          [
            -0.481485,
            51.4716982
          ],
          [
            -0.4814788,
            51.4714171
          ],
          [
            -0.4814784,
            51.4713953
          ],
          [
            -0.4814699,
            51.4710081
          ]
        ]
      },
      "properties": {
        "highway": "footway",
        "indoor": "yes",
        "level": "2",
        "osm_id": 1179971658,
        "osm_type": "way"
      }
    },
    {
      "type": "Feature",
      "geometry": {
        "type": "LineString",
        "coordinates": [
          [
            -0.4814471,
            51.470783
          ],
          [
            -0.481446,
            51.4709783
          ],
          [
            -0.4814458,
            51.4710077
          ],
          [
            -0.4814538,
            51.4710079
          ],
          [
            -0.4814609,
            51.471008
          ],
          [
            -0.4814647,
            51.4710081
          ],
          [
            -0.4814699,
            51.4710081
          ]
        ]
      },
      "properties": {
        "highway": "footway",
        "indoor": "yes",
        "level": "2",
        "osm_id": 1179971662,
        "osm_type": "way"
      }
    },
    {
      "type": "Feature",
      "geometry": {
        "type": "LineString",
        "coordinates": [
          [
            -0.4811105,
            51.4715461
          ],
          [
            -0.4810529,
            51.4715465
          ]
        ]
      },
      "properties": {
        "highway": "footway",
        "indoor": "yes",
        "level": "2",
        "osm_id": 1179971663,
        "osm_type": "way"
      }
    },
    {
      "type": "Feature",
      "geometry": {
        "type": "LineString",
        "coordinates": [
          [
            -0.4810528,
            51.4715257
          ],
          [
            -0.4811092,
            51.4715248
          ]
        ]
      },
      "properties": {
        "highway": "footway",
        "indoor": "yes",
        "level": "2",
        "osm_id": 1179971665,
        "osm_type": "way"
      }
    },
    {
      "type": "Feature",
      "geometry": {
        "type": "LineString",
        "coordinates": [
          [
            -0.4810441,
            51.4712007
          ],
          [
            -0.4810528,
            51.4715257
          ],
          [
            -0.4810529,
            51.4715465
          ],
          [
            -0.4810542,
            51.4718038
          ],
          [
            -0.4813935,
            51.4718038
          ],
          [
            -0.4814619,
            51.471803
          ]
        ]
      },
      "properties": {
        "highway": "footway",
        "indoor": "yes",
        "level": "2",
        "osm_id": 1179971670,
        "osm_type": "way"
      }
    },
    {
      "type": "Feature",
      "geometry": {
        "type": "LineString",
        "coordinates": [
          [
            -0.4814927,
            51.4706294
          ],
          [
            -0.4815196,
            51.4706291
          ],
          [
            -0.4815187,
            51.470609
          ],
          [
            -0.4815028,
            51.4706092
          ]
        ]
      },
      "properties": {
        "highway": "footway",
        "indoor": "yes",
        "level": "2",
        "osm_id": 1179971678,
        "osm_type": "way"
      }
    },
    {
      "type": "Feature",
      "geometry": {
        "type": "LineString",
        "coordinates": [
          [
            -0.4814428,
            51.4706514
          ],
          [
            -0.4814928,
            51.4706507
          ]
        ]
      },
      "properties": {
        "highway": "footway",
        "indoor": "yes",
        "level": "2",
        "osm_id": 1179971680,
        "osm_type": "way"
      }
    },
    {
      "type": "Feature",
      "geometry": {
        "type": "LineString",
        "coordinates": [
          [
            -0.4814424,
            51.4706427
          ],
          [
            -0.4814928,
            51.4706424
          ]
        ]
      },
      "properties": {
        "highway": "footway",
        "indoor": "yes",
        "level": "2",
        "osm_id": 1179971681,
        "osm_type": "way"
      }
    },
    {
      "type": "Feature",
      "geometry": {
        "type": "LineString",
        "coordinates": [
          [
            -0.4810159,
            51.4707801
          ],
          [
            -0.4814471,
            51.470783
          ],
          [
            -0.4814428,
            51.4706514
          ],
          [
            -0.4814424,
            51.4706427
          ],
          [
            -0.4814414,
            51.4706312
          ],
          [
            -0.4814927,
            51.4706294
          ]
        ]
      },
      "properties": {
        "highway": "footway",
        "indoor": "yes",
        "level": "2",
        "osm_id": 1179971682,
        "osm_type": "way"
      }
    },
    {
      "type": "Feature",
      "geometry": {
        "type": "LineString",
        "coordinates": [
          [
            -0.488197,
            51.4730495
          ],
          [
            -0.4881961,
            51.472976
          ]
        ]
      },
      "properties": {
        "highway": "footway",
        "indoor": "yes",
        "level": "2",
        "level_ref": "2",
        "osm_id": 1179989954,
        "osm_type": "way"
      }
    },
    {
      "type": "Feature",
      "geometry": {
        "type": "LineString",
        "coordinates": [
          [
            -0.4882153,
            51.4730498
          ],
          [
            -0.4882144,
            51.4729759
          ]
        ]
      },
      "properties": {
        "highway": "footway",
        "indoor": "yes",
        "level": "2",
        "level_ref": "2",
        "osm_id": 1179989955,
        "osm_type": "way"
      }
    },
    {
      "type": "Feature",
      "geometry": {
        "type": "LineString",
        "coordinates": [
          [
            -0.4876554,
            51.4729786
          ],
          [
            -0.4880344,
            51.4729768
          ],
          [
            -0.4881961,
            51.472976
          ],
          [
            -0.4882144,
            51.4729759
          ],
          [
            -0.4882411,
            51.4729758
          ]
        ]
      },
      "properties": {
        "highway": "footway",
        "indoor": "yes",
        "level": "2",
        "level_ref": "2",
        "osm_id": 1179989958,
        "osm_type": "way"
      }
    },
    {
      "type": "Feature",
      "geometry": {
        "type": "LineString",
        "coordinates": [
          [
            -0.4876816,
            51.4728634
          ],
          [
            -0.4876082,
            51.4728651
          ]
        ]
      },
      "properties": {
        "highway": "footway",
        "indoor": "yes",
        "level": "2",
        "level_ref": "2",
        "osm_id": 1179989968,
        "osm_type": "way"
      }
    },
    {
      "type": "Feature",
      "geometry": {
        "type": "LineString",
        "coordinates": [
          [
            -0.4880296,
            51.4716699
          ],
          [
            -0.4880641,
            51.4716701
          ]
        ]
      },
      "properties": {
        "highway": "footway",
        "indoor": "yes",
        "level": "2",
        "level_ref": "2",
        "osm_id": 1179989980,
        "osm_type": "way"
      }
    },
    {
      "type": "Feature",
      "geometry": {
        "type": "LineString",
        "coordinates": [
          [
            -0.4880641,
            51.4716964
          ],
          [
            -0.4880296,
            51.471696
          ]
        ]
      },
      "properties": {
        "highway": "footway",
        "indoor": "yes",
        "level": "2",
        "level_ref": "2",
        "osm_id": 1179989982,
        "osm_type": "way"
      }
    },
    {
      "type": "Feature",
      "geometry": {
        "type": "LineString",
        "coordinates": [
          [
            -0.4879062,
            51.4701293
          ],
          [
            -0.4878281,
            51.4701293
          ],
          [
            -0.4877609,
            51.4701292
          ],
          [
            -0.4877609,
            51.4701565
          ]
        ]
      },
      "properties": {
        "highway": "footway",
        "indoor": "yes",
        "level": "2",
        "level_ref": "2",
        "osm_id": 1179989991,
        "osm_type": "way"
      }
    },
    {
      "type": "Feature",
      "geometry": {
        "type": "LineString",
        "coordinates": [
          [
            -0.4868832,
            51.472702
          ],
          [
            -0.4868829,
            51.4724952
          ],
          [
            -0.4868843,
            51.4724756
          ],
          [
            -0.4868864,
            51.4722937
          ],
          [
            -0.4868873,
            51.4721559
          ],
          [
            -0.4868872,
            51.4721248
          ],
          [
            -0.4868858,
            51.471936
          ],
          [
            -0.4868846,
            51.4717736
          ],
          [
            -0.4868883,
            51.471716
          ],
          [
            -0.4868889,
            51.4710489
          ],
          [
            -0.486889,
            51.4709897
          ]
        ]
      },
      "properties": {
        "highway": "footway",
        "indoor": "yes",
        "level": "2",
        "level_ref": "2",
        "osm_id": 1180025372,
        "osm_type": "way"
      }
    },
    {
      "type": "Feature",
      "geometry": {
        "type": "LineString",
        "coordinates": [
          [
            -0.4877277,
            51.4732069
          ],
          [
            -0.487728,
            51.4732463
          ]
        ]
      },
      "properties": {
        "highway": "footway",
        "indoor": "yes",
        "level": "2",
        "level_ref": "2",
        "osm_id": 1180025373,
        "osm_type": "way"
      }
    },
    {
      "type": "Feature",
      "geometry": {
        "type": "LineString",
        "coordinates": [
          [
            -0.4869963,
            51.4723195
          ],
          [
            -0.4869852,
            51.4723194
          ]
        ]
      },
      "properties": {
        "highway": "footway",
        "indoor": "yes",
        "level": "2",
        "level_ref": "2",
        "osm_id": 1180025390,
        "osm_type": "way"
      }
    },
    {
      "type": "Feature",
      "geometry": {
        "type": "LineString",
        "coordinates": [
          [
            -0.4869855,
            51.4722942
          ],
          [
            -0.4869691,
            51.4722941
          ],
          [
            -0.4869601,
            51.4722942
          ],
          [
            -0.4868864,
            51.4722937
          ]
        ]
      },
      "properties": {
        "highway": "footway",
        "indoor": "yes",
        "level": "2",
        "level_ref": "2",
        "osm_id": 1180025391,
        "osm_type": "way"
      }
    },
    {
      "type": "Feature",
      "geometry": {
        "type": "LineString",
        "coordinates": [
          [
            -0.486792,
            51.4708401
          ],
          [
            -0.4868152,
            51.4708401
          ],
          [
            -0.4868908,
            51.4708399
          ]
        ]
      },
      "properties": {
        "highway": "footway",
        "indoor": "yes",
        "level": "2",
        "level_ref": "2",
        "osm_id": 1180025404,
        "osm_type": "way"
      }
    },
    {
      "type": "Feature",
      "geometry": {
        "type": "LineString",
        "coordinates": [
          [
            -0.4868879,
            51.4705595
          ],
          [
            -0.4868184,
            51.470559
          ],
          [
            -0.4867901,
            51.470559
          ]
        ]
      },
      "properties": {
        "highway": "footway",
        "indoor": "yes",
        "level": "2",
        "level_ref": "2",
        "osm_id": 1180025405,
        "osm_type": "way"
      }
    },
    {
      "type": "Feature",
      "geometry": {
        "type": "LineString",
        "coordinates": [
          [
            -0.4868889,
            51.4710489
          ],
          [
            -0.48682,
            51.4710483
          ],
          [
            -0.4868105,
            51.4710482
          ]
        ]
      },
      "properties": {
        "highway": "footway",
        "indoor": "yes",
        "level": "2",
        "level_ref": "2",
        "osm_id": 1180025407,
        "osm_type": "way"
      }
    },
    {
      "type": "Feature",
      "geometry": {
        "type": "LineString",
        "coordinates": [
          [
            -0.486889,
            51.4709897
          ],
          [
            -0.4868908,
            51.4708399
          ],
          [
            -0.4868907,
            51.4707796
          ],
          [
            -0.4868879,
            51.4705595
          ],
          [
            -0.4868876,
            51.4705217
          ],
          [
            -0.4868873,
            51.4704356
          ],
          [
            -0.4868879,
            51.470378
          ]
        ]
      },
      "properties": {
        "highway": "footway",
        "indoor": "yes",
        "level": "2",
        "level_ref": "2",
        "osm_id": 1180025417,
        "osm_type": "way"
      }
    },
    {
      "type": "Feature",
      "geometry": {
        "type": "LineString",
        "coordinates": [
          [
            -0.4868853,
            51.4699924
          ],
          [
            -0.4868879,
            51.470378
          ]
        ]
      },
      "properties": {
        "highway": "footway",
        "indoor": "yes",
        "level": "2",
        "level_ref": "2",
        "surface": "paving_stones",
        "osm_id": 1180025419,
        "osm_type": "way"
      }
    },
    {
      "type": "Feature",
      "geometry": {
        "type": "LineString",
        "coordinates": [
          [
            -0.4430647,
            51.4690796
          ],
          [
            -0.4429883,
            51.4690765
          ],
          [
            -0.4429185,
            51.4690738
          ]
        ]
      },
      "properties": {
        "highway": "footway",
        "indoor": "yes",
        "level": "2",
        "osm_id": 1180186997,
        "osm_type": "way"
      }
    },
    {
      "type": "Feature",
      "geometry": {
        "type": "LineString",
        "coordinates": [
          [
            -0.4431184,
            51.4735514
          ],
          [
            -0.4430252,
            51.4735499
          ],
          [
            -0.4429682,
            51.4735489
          ]
        ]
      },
      "properties": {
        "highway": "footway",
        "indoor": "yes",
        "level": "2",
        "osm_id": 1180187005,
        "osm_type": "way"
      }
    },
    {
      "type": "Feature",
      "geometry": {
        "type": "LineString",
        "coordinates": [
          [
            -0.4431629,
            51.4731363
          ],
          [
            -0.4425779,
            51.4731385
          ],
          [
            -0.4425229,
            51.4731387
          ],
          [
            -0.4425283,
            51.473188
          ]
        ]
      },
      "properties": {
        "highway": "footway",
        "indoor": "yes",
        "level": "2",
        "osm_id": 1180187010,
        "osm_type": "way"
      }
    },
    {
      "type": "Feature",
      "geometry": {
        "type": "LineString",
        "coordinates": [
          [
            -0.4431669,
            51.4729692
          ],
          [
            -0.4436225,
            51.4729767
          ],
          [
            -0.4436736,
            51.4729775
          ]
        ]
      },
      "properties": {
        "highway": "footway",
        "indoor": "yes",
        "level": "2",
        "osm_id": 1180187014,
        "osm_type": "way"
      }
    },
    {
      "type": "Feature",
      "geometry": {
        "type": "LineString",
        "coordinates": [
          [
            -0.443182,
            51.4723385
          ],
          [
            -0.4425779,
            51.4723423
          ],
          [
            -0.4425202,
            51.4723427
          ],
          [
            -0.4425216,
            51.4723919
          ]
        ]
      },
      "properties": {
        "highway": "footway",
        "indoor": "yes",
        "level": "2",
        "osm_id": 1180187020,
        "osm_type": "way"
      }
    },
    {
      "type": "Feature",
      "geometry": {
        "type": "LineString",
        "coordinates": [
          [
            -0.443201,
            51.4715407
          ],
          [
            -0.4425772,
            51.4715445
          ],
          [
            -0.4425122,
            51.4715449
          ],
          [
            -0.4425162,
            51.4715875
          ]
        ]
      },
      "properties": {
        "highway": "footway",
        "indoor": "yes",
        "level": "2",
        "osm_id": 1180187025,
        "osm_type": "way"
      }
    },
    {
      "type": "Feature",
      "geometry": {
        "type": "LineString",
        "coordinates": [
          [
            -0.4432051,
            51.471367
          ],
          [
            -0.4436071,
            51.4713774
          ],
          [
            -0.4436561,
            51.4713786
          ]
        ]
      },
      "properties": {
        "highway": "footway",
        "indoor": "yes",
        "level": "2",
        "osm_id": 1180187029,
        "osm_type": "way"
      }
    },
    {
      "type": "Feature",
      "geometry": {
        "type": "LineString",
        "coordinates": [
          [
            -0.4432097,
            51.4706443
          ],
          [
            -0.4426,
            51.4706611
          ],
          [
            -0.4425417,
            51.4706627
          ],
          [
            -0.4425417,
            51.4706995
          ]
        ]
      },
      "properties": {
        "highway": "footway",
        "indoor": "yes",
        "level": "2",
        "osm_id": 1180187035,
        "osm_type": "way"
      }
    },
    {
      "type": "Feature",
      "geometry": {
        "type": "LineString",
        "coordinates": [
          [
            -0.4432057,
            51.4704914
          ],
          [
            -0.4436186,
            51.4704967
          ],
          [
            -0.4436669,
            51.4704973
          ]
        ]
      },
      "properties": {
        "highway": "footway",
        "indoor": "yes",
        "level": "2",
        "osm_id": 1180187039,
        "osm_type": "way"
      }
    },
    {
      "type": "Feature",
      "geometry": {
        "type": "LineString",
        "coordinates": [
          [
            -0.4431893,
            51.4698548
          ],
          [
            -0.4425896,
            51.4698633
          ],
          [
            -0.442535,
            51.4698641
          ],
          [
            -0.4425377,
            51.469905
          ]
        ]
      },
      "properties": {
        "highway": "footway",
        "indoor": "yes",
        "level": "2",
        "osm_id": 1180187045,
        "osm_type": "way"
      }
    },
    {
      "type": "Feature",
      "geometry": {
        "type": "LineString",
        "coordinates": [
          [
            -0.443185,
            51.4696878
          ],
          [
            -0.4436159,
            51.4696878
          ],
          [
            -0.4436427,
            51.4696878
          ]
        ]
      },
      "properties": {
        "highway": "footway",
        "indoor": "yes",
        "level": "2",
        "osm_id": 1180187049,
        "osm_type": "way"
      }
    },
    {
      "type": "Feature",
      "geometry": {
        "type": "LineString",
        "coordinates": [
          [
            -0.4432163,
            51.4709004
          ],
          [
            -0.4432097,
            51.4706443
          ],
          [
            -0.4432057,
            51.4704914
          ],
          [
            -0.4431893,
            51.4698548
          ],
          [
            -0.443185,
            51.4696878
          ],
          [
            -0.443176,
            51.4693695
          ],
          [
            -0.4430607,
            51.4692124
          ],
          [
            -0.4430647,
            51.4690796
          ],
          [
            -0.4431344,
            51.4690789
          ],
          [
            -0.4432216,
            51.4690779
          ]
        ]
      },
      "properties": {
        "highway": "footway",
        "indoor": "yes",
        "level": "2",
        "osm_id": 1180187051,
        "osm_type": "way"
      }
    },
    {
      "type": "Feature",
      "geometry": {
        "type": "LineString",
        "coordinates": [
          [
            -0.4429816,
            51.4711552
          ],
          [
            -0.4429843,
            51.4711844
          ]
        ]
      },
      "properties": {
        "highway": "footway",
        "indoor": "yes",
        "level": "2",
        "osm_id": 1180187056,
        "osm_type": "way"
      }
    },
    {
      "type": "Feature",
      "geometry": {
        "type": "LineString",
        "coordinates": [
          [
            -0.4430325,
            51.4708991
          ],
          [
            -0.4430339,
            51.4710754
          ],
          [
            -0.4429789,
            51.4710779
          ],
          [
            -0.4429802,
            51.4711117
          ],
          [
            -0.4429816,
            51.4711552
          ]
        ]
      },
      "properties": {
        "highway": "footway",
        "indoor": "yes",
        "level": "2",
        "osm_id": 1180187060,
        "osm_type": "way"
      }
    },
    {
      "type": "Feature",
      "geometry": {
        "type": "LineString",
        "coordinates": [
          [
            -0.4430272,
            51.4707673
          ],
          [
            -0.4430626,
            51.4707674
          ]
        ]
      },
      "properties": {
        "highway": "footway",
        "indoor": "yes",
        "level": "2",
        "osm_id": 1180187068,
        "osm_type": "way"
      }
    },
    {
      "type": "Feature",
      "geometry": {
        "type": "LineString",
        "coordinates": [
          [
            -0.4431747,
            51.4709
          ],
          [
            -0.443198,
            51.4709002
          ],
          [
            -0.4432163,
            51.4709004
          ],
          [
            -0.4432051,
            51.471367
          ],
          [
            -0.443201,
            51.4715407
          ],
          [
            -0.443182,
            51.4723385
          ],
          [
            -0.4431669,
            51.4729692
          ],
          [
            -0.4431629,
            51.4731363
          ],
          [
            -0.4431693,
            51.4733651
          ],
          [
            -0.4431184,
            51.4734537
          ],
          [
            -0.4431184,
            51.4735514
          ],
          [
            -0.4431719,
            51.473552
          ],
          [
            -0.4432528,
            51.4735529
          ]
        ]
      },
      "properties": {
        "highway": "footway",
        "indoor": "yes",
        "level": "2",
        "osm_id": 1180187069,
        "osm_type": "way"
      }
    },
    {
      "type": "Feature",
      "geometry": {
        "type": "LineString",
        "coordinates": [
          [
            -0.44306,
            51.4707496
          ],
          [
            -0.4430265,
            51.47075
          ],
          [
            -0.4430272,
            51.4707673
          ],
          [
            -0.4430325,
            51.4708991
          ],
          [
            -0.4430895,
            51.4708995
          ],
          [
            -0.4431177,
            51.4709001
          ],
          [
            -0.4431485,
            51.4708998
          ],
          [
            -0.4431747,
            51.4709
          ]
        ]
      },
      "properties": {
        "highway": "footway",
        "indoor": "yes",
        "level": "2",
        "osm_id": 1180187078,
        "osm_type": "way"
      }
    },
    {
      "type": "Feature",
      "geometry": {
        "type": "LineString",
        "coordinates": [
          [
            -0.4430607,
            51.4707229
          ],
          [
            -0.44306,
            51.4707496
          ],
          [
            -0.4431593,
            51.4707513
          ],
          [
            -0.443178,
            51.4707513
          ]
        ]
      },
      "properties": {
        "highway": "footway",
        "indoor": "yes",
        "level": "2",
        "osm_id": 1180187082,
        "osm_type": "way"
      }
    },
    {
      "type": "Feature",
      "geometry": {
        "type": "LineString",
        "coordinates": [
          [
            -0.4460272,
            51.4604146
          ],
          [
            -0.4459561,
            51.4604698
          ]
        ]
      },
      "properties": {
        "highway": "footway",
        "indoor": "yes",
        "level": "2",
        "osm_id": 1180188071,
        "osm_type": "way"
      }
    },
    {
      "type": "Feature",
      "geometry": {
        "type": "LineString",
        "coordinates": [
          [
            -0.4458158,
            51.4609374
          ],
          [
            -0.445824,
            51.4609287
          ]
        ]
      },
      "properties": {
        "highway": "footway",
        "indoor": "yes",
        "level": "2",
        "osm_id": 1180188073,
        "osm_type": "way"
      }
    },
    {
      "type": "Feature",
      "geometry": {
        "type": "LineString",
        "coordinates": [
          [
            -0.4457966,
            51.4609644
          ],
          [
            -0.4456973,
            51.4609393
          ],
          [
            -0.4457268,
            51.4609118
          ]
        ]
      },
      "properties": {
        "highway": "footway",
        "indoor": "yes",
        "level": "2",
        "osm_id": 1180188074,
        "osm_type": "way"
      }
    },
    {
      "type": "Feature",
      "geometry": {
        "type": "LineString",
        "coordinates": [
          [
            -0.4458158,
            51.4609374
          ],
          [
            -0.4457268,
            51.4609118
          ]
        ]
      },
      "properties": {
        "highway": "footway",
        "indoor": "yes",
        "level": "2",
        "osm_id": 1180188075,
        "osm_type": "way"
      }
    },
    {
      "type": "Feature",
      "geometry": {
        "type": "LineString",
        "coordinates": [
          [
            -0.4458569,
            51.4608984
          ],
          [
            -0.4457778,
            51.4608692
          ],
          [
            -0.4457268,
            51.4609118
          ]
        ]
      },
      "properties": {
        "highway": "footway",
        "indoor": "yes",
        "level": "2",
        "osm_id": 1180188076,
        "osm_type": "way"
      }
    },
    {
      "type": "Feature",
      "geometry": {
        "type": "LineString",
        "coordinates": [
          [
            -0.4461184,
            51.4610111
          ],
          [
            -0.4458569,
            51.4608984
          ],
          [
            -0.445824,
            51.4609287
          ]
        ]
      },
      "properties": {
        "highway": "footway",
        "indoor": "yes",
        "level": "2",
        "osm_id": 1180188078,
        "osm_type": "way"
      }
    },
    {
      "type": "Feature",
      "geometry": {
        "type": "LineString",
        "coordinates": [
          [
            -0.4474971,
            51.460062
          ],
          [
            -0.4469137,
            51.4604615
          ],
          [
            -0.4466672,
            51.4606303
          ],
          [
            -0.4461841,
            51.4609611
          ],
          [
            -0.4461184,
            51.4610111
          ],
          [
            -0.4451287,
            51.4617649
          ]
        ]
      },
      "properties": {
        "highway": "footway",
        "indoor": "yes",
        "level": "2",
        "osm_id": 1180188081,
        "osm_type": "way"
      }
    },
    {
      "type": "Feature",
      "geometry": {
        "type": "LineString",
        "coordinates": [
          [
            -0.4471028,
            51.4598631
          ],
          [
            -0.4474971,
            51.460062
          ],
          [
            -0.4477338,
            51.4598975
          ],
          [
            -0.4486954,
            51.459229
          ],
          [
            -0.4487355,
            51.4592033
          ],
          [
            -0.4488713,
            51.4591166
          ],
          [
            -0.4489897,
            51.4590409
          ],
          [
            -0.4493016,
            51.4588416
          ],
          [
            -0.4495651,
            51.4586732
          ],
          [
            -0.4498118,
            51.4585261
          ],
          [
            -0.4497546,
            51.4584831
          ],
          [
            -0.4496951,
            51.4584384
          ]
        ]
      },
      "properties": {
        "highway": "footway",
        "indoor": "yes",
        "level": "2",
        "osm_id": 1180188105,
        "osm_type": "way"
      }
    },
    {
      "type": "Feature",
      "geometry": {
        "type": "LineString",
        "coordinates": [
          [
            -0.4464764,
            51.4603087
          ],
          [
            -0.4469097,
            51.4600052
          ],
          [
            -0.4471028,
            51.4598631
          ],
          [
            -0.4472047,
            51.4598013
          ],
          [
            -0.4471605,
            51.459772
          ],
          [
            -0.4472141,
            51.4597394
          ],
          [
            -0.4472543,
            51.4597687
          ]
        ]
      },
      "properties": {
        "highway": "footway",
        "indoor": "yes",
        "level": "2",
        "osm_id": 1180188113,
        "osm_type": "way"
      }
    },
    {
      "type": "Feature",
      "geometry": {
        "type": "LineString",
        "coordinates": [
          [
            -0.4460996,
            51.4604581
          ],
          [
            -0.4460272,
            51.4604146
          ],
          [
            -0.4462807,
            51.4602366
          ],
          [
            -0.4459736,
            51.4600052
          ],
          [
            -0.4459347,
            51.4599826
          ],
          [
            -0.4458891,
            51.4599525
          ]
        ]
      },
      "properties": {
        "highway": "footway",
        "indoor": "yes",
        "level": "2",
        "osm_id": 1180188118,
        "osm_type": "way"
      }
    },
    {
      "type": "Feature",
      "geometry": {
        "type": "LineString",
        "coordinates": [
          [
            -0.4459484,
            51.4600241
          ],
          [
            -0.4459736,
            51.4600052
          ],
          [
            -0.4460473,
            51.4599626
          ],
          [
            -0.4460903,
            51.4599358
          ],
          [
            -0.4461332,
            51.4599116
          ],
          [
            -0.4461814,
            51.459879
          ],
          [
            -0.4462096,
            51.4598623
          ],
          [
            -0.4462324,
            51.4598489
          ],
          [
            -0.4463813,
            51.4597378
          ],
          [
            -0.4464521,
            51.4596908
          ],
          [
            -0.4465275,
            51.4596408
          ],
          [
            -0.4465972,
            51.4595865
          ]
        ]
      },
      "properties": {
        "highway": "footway",
        "indoor": "yes",
        "level": "2",
        "osm_id": 1180188138,
        "osm_type": "way"
      }
    },
    {
      "type": "Feature",
      "geometry": {
        "type": "LineString",
        "coordinates": [
          [
            -0.4555072,
            51.4708066
          ],
          [
            -0.4554783,
            51.4707797
          ],
          [
            -0.4555209,
            51.4707621
          ]
        ]
      },
      "properties": {
        "highway": "footway",
        "indoor": "yes",
        "level": "2",
        "osm_id": 1180196706,
        "osm_type": "way"
      }
    },
    {
      "type": "Feature",
      "geometry": {
        "type": "LineString",
        "coordinates": [
          [
            -0.4563448,
            51.4716126
          ],
          [
            -0.4555072,
            51.4708066
          ],
          [
            -0.4555494,
            51.4707869
          ]
        ]
      },
      "properties": {
        "highway": "footway",
        "indoor": "yes",
        "level": "2",
        "osm_id": 1180196707,
        "osm_type": "way"
      }
    },
    {
      "type": "Feature",
      "geometry": {
        "type": "LineString",
        "coordinates": [
          [
            -0.4563597,
            51.4716269
          ],
          [
            -0.4563504,
            51.4716305
          ]
        ]
      },
      "properties": {
        "highway": "footway",
        "indoor": "yes",
        "level": "2",
        "osm_id": 1180196717,
        "osm_type": "way"
      }
    },
    {
      "type": "Feature",
      "geometry": {
        "type": "LineString",
        "coordinates": [
          [
            -0.4563725,
            51.4716524
          ],
          [
            -0.4563829,
            51.4716491
          ],
          [
            -0.4563597,
            51.4716269
          ],
          [
            -0.4563448,
            51.4716126
          ],
          [
            -0.4563354,
            51.4716161
          ]
        ]
      },
      "properties": {
        "highway": "footway",
        "indoor": "yes",
        "level": "2",
        "osm_id": 1180196718,
        "osm_type": "way"
      }
    },
    {
      "type": "Feature",
      "geometry": {
        "type": "LineString",
        "coordinates": [
          [
            -0.4563725,
            51.4716524
          ],
          [
            -0.4563859,
            51.471666
          ]
        ]
      },
      "properties": {
        "highway": "footway",
        "indoor": "yes",
        "level": "2",
        "osm_id": 1180196732,
        "osm_type": "way"
      }
    },
    {
      "type": "Feature",
      "geometry": {
        "type": "LineString",
        "coordinates": [
          [
            -0.4563608,
            51.4716405
          ],
          [
            -0.4563725,
            51.4716524
          ]
        ]
      },
      "properties": {
        "highway": "footway",
        "indoor": "yes",
        "level": "2",
        "osm_id": 1180196736,
        "osm_type": "way"
      }
    },
    {
      "type": "Feature",
      "geometry": {
        "type": "LineString",
        "coordinates": [
          [
            -0.4585397,
            51.4712943
          ],
          [
            -0.458586,
            51.4713362
          ],
          [
            -0.4586015,
            51.4713299
          ],
          [
            -0.4586096,
            51.4713266
          ],
          [
            -0.4586249,
            51.4713204
          ],
          [
            -0.4585759,
            51.4712784
          ]
        ]
      },
      "properties": {
        "highway": "footway",
        "indoor": "yes",
        "level": "2",
        "osm_id": 1180196786,
        "osm_type": "way"
      }
    },
    {
      "type": "Feature",
      "geometry": {
        "type": "LineString",
        "coordinates": [
          [
            -0.4517381,
            51.469839
          ],
          [
            -0.4516809,
            51.4698417
          ]
        ]
      },
      "properties": {
        "highway": "footway",
        "indoor": "yes",
        "level": "2",
        "osm_id": 1180376191,
        "osm_type": "way"
      }
    },
    {
      "type": "Feature",
      "geometry": {
        "type": "LineString",
        "coordinates": [
          [
            -0.4517388,
            51.4698659
          ],
          [
            -0.4516802,
            51.4698668
          ]
        ]
      },
      "properties": {
        "highway": "footway",
        "indoor": "yes",
        "level": "2",
        "osm_id": 1180376192,
        "osm_type": "way"
      }
    },
    {
      "type": "Feature",
      "geometry": {
        "type": "LineString",
        "coordinates": [
          [
            -0.4517133,
            51.469283
          ],
          [
            -0.4516587,
            51.4692841
          ]
        ]
      },
      "properties": {
        "highway": "footway",
        "indoor": "yes",
        "level": "2",
        "osm_id": 1180376211,
        "osm_type": "way"
      }
    },
    {
      "type": "Feature",
      "geometry": {
        "type": "LineString",
        "coordinates": [
          [
            -0.4517138,
            51.4692902
          ],
          [
            -0.451659,
            51.4692916
          ]
        ]
      },
      "properties": {
        "highway": "footway",
        "indoor": "yes",
        "level": "2",
        "osm_id": 1180376212,
        "osm_type": "way"
      }
    },
    {
      "type": "Feature",
      "geometry": {
        "type": "LineString",
        "coordinates": [
          [
            -0.4517141,
            51.4692975
          ],
          [
            -0.4516594,
            51.469299
          ]
        ]
      },
      "properties": {
        "highway": "footway",
        "indoor": "yes",
        "level": "2",
        "osm_id": 1180376213,
        "osm_type": "way"
      }
    },
    {
      "type": "Feature",
      "geometry": {
        "type": "LineString",
        "coordinates": [
          [
            -0.4517144,
            51.4693032
          ],
          [
            -0.4516594,
            51.4693037
          ]
        ]
      },
      "properties": {
        "highway": "footway",
        "indoor": "yes",
        "level": "2",
        "osm_id": 1180376214,
        "osm_type": "way"
      }
    },
    {
      "type": "Feature",
      "geometry": {
        "type": "LineString",
        "coordinates": [
          [
            -0.4517143,
            51.46931
          ],
          [
            -0.4516597,
            51.4693107
          ]
        ]
      },
      "properties": {
        "highway": "footway",
        "indoor": "yes",
        "level": "2",
        "osm_id": 1180376215,
        "osm_type": "way"
      }
    },
    {
      "type": "Feature",
      "geometry": {
        "type": "LineString",
        "coordinates": [
          [
            -0.4517149,
            51.4693165
          ],
          [
            -0.4516599,
            51.4693178
          ]
        ]
      },
      "properties": {
        "highway": "footway",
        "indoor": "yes",
        "level": "2",
        "osm_id": 1180376216,
        "osm_type": "way"
      }
    },
    {
      "type": "Feature",
      "geometry": {
        "type": "LineString",
        "coordinates": [
          [
            -0.4517153,
            51.4693238
          ],
          [
            -0.4516594,
            51.4693248
          ]
        ]
      },
      "properties": {
        "highway": "footway",
        "indoor": "yes",
        "level": "2",
        "osm_id": 1180376217,
        "osm_type": "way"
      }
    },
    {
      "type": "Feature",
      "geometry": {
        "type": "LineString",
        "coordinates": [
          [
            -0.4517266,
            51.469582
          ],
          [
            -0.4517153,
            51.4693238
          ],
          [
            -0.4517149,
            51.4693165
          ],
          [
            -0.4517143,
            51.46931
          ],
          [
            -0.4517144,
            51.4693032
          ],
          [
            -0.4517141,
            51.4692975
          ],
          [
            -0.4517138,
            51.4692902
          ],
          [
            -0.4517133,
            51.469283
          ],
          [
            -0.4517132,
            51.4692759
          ]
        ]
      },
      "properties": {
        "highway": "footway",
        "indoor": "yes",
        "level": "2",
        "osm_id": 1180376239,
        "osm_type": "way"
      }
    },
    {
      "type": "Feature",
      "geometry": {
        "type": "LineString",
        "coordinates": [
          [
            -0.4527854,
            51.4695909
          ],
          [
            -0.4527884,
            51.4694427
          ],
          [
            -0.4529285,
            51.4694428
          ],
          [
            -0.4529295,
            51.469436
          ]
        ]
      },
      "properties": {
        "highway": "footway",
        "indoor": "yes",
        "level": "2",
        "osm_id": 1180376249,
        "osm_type": "way"
      }
    },
    {
      "type": "Feature",
      "geometry": {
        "type": "LineString",
        "coordinates": [
          [
            -0.4517373,
            51.4698132
          ],
          [
            -0.4517266,
            51.469582
          ],
          [
            -0.4527854,
            51.4695909
          ],
          [
            -0.4527998,
            51.4698296
          ],
          [
            -0.4529192,
            51.4698304
          ],
          [
            -0.4529188,
            51.4698348
          ]
        ]
      },
      "properties": {
        "highway": "footway",
        "indoor": "yes",
        "level": "2",
        "osm_id": 1180376261,
        "osm_type": "way"
      }
    },
    {
      "type": "Feature",
      "geometry": {
        "type": "LineString",
        "coordinates": [
          [
            -0.4516789,
            51.4698977
          ],
          [
            -0.4517398,
            51.469898
          ],
          [
            -0.4517388,
            51.4698659
          ],
          [
            -0.4517381,
            51.469839
          ],
          [
            -0.4517373,
            51.4698132
          ],
          [
            -0.4516802,
            51.4698146
          ]
        ]
      },
      "properties": {
        "highway": "footway",
        "indoor": "yes",
        "layer": "2",
        "level": "2",
        "osm_id": 1180376269,
        "osm_type": "way"
      }
    },
    {
      "type": "Feature",
      "geometry": {
        "type": "LineString",
        "coordinates": [
          [
            -0.4517398,
            51.469898
          ],
          [
            -0.451745,
            51.4703469
          ],
          [
            -0.4529148,
            51.4703542
          ],
          [
            -0.4529148,
            51.470359
          ]
        ]
      },
      "properties": {
        "highway": "footway",
        "indoor": "yes",
        "layer": "2",
        "level": "2",
        "osm_id": 1180376279,
        "osm_type": "way"
      }
    },
    {
      "type": "Feature",
      "geometry": {
        "type": "LineString",
        "coordinates": [
          [
            -0.4639824,
            51.4697901
          ],
          [
            -0.4645723,
            51.4703379
          ],
          [
            -0.4646709,
            51.4703038
          ],
          [
            -0.464677,
            51.4703089
          ],
          [
            -0.4646852,
            51.4703165
          ]
        ]
      },
      "properties": {
        "highway": "footway",
        "indoor": "yes",
        "level": "2",
        "osm_id": 1180384082,
        "osm_type": "way"
      }
    },
    {
      "type": "Feature",
      "geometry": {
        "type": "LineString",
        "coordinates": [
          [
            -0.4602433,
            51.4698375
          ],
          [
            -0.4628792,
            51.4687638
          ],
          [
            -0.4632009,
            51.469077
          ],
          [
            -0.4632106,
            51.469086
          ],
          [
            -0.4639734,
            51.4697817
          ],
          [
            -0.4639824,
            51.4697901
          ]
        ]
      },
      "properties": {
        "highway": "footway",
        "indoor": "yes",
        "level": "2",
        "osm_id": 1180384088,
        "osm_type": "way"
      }
    },
    {
      "type": "Feature",
      "geometry": {
        "type": "LineString",
        "coordinates": [
          [
            -0.4599905,
            51.4697046
          ],
          [
            -0.4600471,
            51.4696789
          ],
          [
            -0.4600576,
            51.4696875
          ],
          [
            -0.4600688,
            51.4696965
          ],
          [
            -0.4600823,
            51.4697075
          ],
          [
            -0.4600253,
            51.4697351
          ]
        ]
      },
      "properties": {
        "highway": "footway",
        "indoor": "yes",
        "level": "2",
        "osm_id": 1180384092,
        "osm_type": "way"
      }
    },
    {
      "type": "Feature",
      "geometry": {
        "type": "LineString",
        "coordinates": [
          [
            -0.4594328,
            51.4701931
          ],
          [
            -0.4602433,
            51.4698375
          ],
          [
            -0.4603926,
            51.4699406
          ],
          [
            -0.4604317,
            51.4699744
          ]
        ]
      },
      "properties": {
        "highway": "footway",
        "indoor": "yes",
        "level": "2",
        "osm_id": 1180384097,
        "osm_type": "way"
      }
    },
    {
      "type": "Feature",
      "geometry": {
        "type": "LineString",
        "coordinates": [
          [
            -0.4604317,
            51.4699744
          ],
          [
            -0.4604883,
            51.4699487
          ],
          [
            -0.4604989,
            51.4699573
          ],
          [
            -0.46051,
            51.4699664
          ],
          [
            -0.4605236,
            51.4699774
          ],
          [
            -0.4604666,
            51.4700049
          ]
        ]
      },
      "properties": {
        "highway": "footway",
        "indoor": "yes",
        "level": "2",
        "osm_id": 1180384100,
        "osm_type": "way"
      }
    },
    {
      "type": "Feature",
      "geometry": {
        "type": "LineString",
        "coordinates": [
          [
            -0.4598741,
            51.470184
          ],
          [
            -0.4599308,
            51.4701583
          ],
          [
            -0.4599413,
            51.4701669
          ],
          [
            -0.4599524,
            51.4701759
          ],
          [
            -0.459966,
            51.4701869
          ],
          [
            -0.459909,
            51.4702145
          ]
        ]
      },
      "properties": {
        "highway": "footway",
        "indoor": "yes",
        "level": "2",
        "osm_id": 1180384105,
        "osm_type": "way"
      }
    },
    {
      "type": "Feature",
      "geometry": {
        "type": "LineString",
        "coordinates": [
          [
            -0.4549914,
            51.4688513
          ],
          [
            -0.4549921,
            51.4687997
          ]
        ]
      },
      "properties": {
        "highway": "footway",
        "indoor": "yes",
        "level": "2",
        "osm_id": 1180384112,
        "osm_type": "way"
      }
    },
    {
      "type": "Feature",
      "geometry": {
        "type": "LineString",
        "coordinates": [
          [
            -0.4549921,
            51.4688987
          ],
          [
            -0.4549914,
            51.4688513
          ]
        ]
      },
      "properties": {
        "highway": "footway",
        "indoor": "yes",
        "level": "2",
        "osm_id": 1180384113,
        "osm_type": "way"
      }
    },
    {
      "type": "Feature",
      "geometry": {
        "type": "LineString",
        "coordinates": [
          [
            -0.4562762,
            51.468858
          ],
          [
            -0.4562769,
            51.4688064
          ]
        ]
      },
      "properties": {
        "highway": "footway",
        "indoor": "yes",
        "level": "2",
        "osm_id": 1180384118,
        "osm_type": "way"
      }
    },
    {
      "type": "Feature",
      "geometry": {
        "type": "LineString",
        "coordinates": [
          [
            -0.4562759,
            51.4689033
          ],
          [
            -0.4562762,
            51.468858
          ]
        ]
      },
      "properties": {
        "highway": "footway",
        "indoor": "yes",
        "level": "2",
        "osm_id": 1180384119,
        "osm_type": "way"
      }
    },
    {
      "type": "Feature",
      "geometry": {
        "type": "LineString",
        "coordinates": [
          [
            -0.457565,
            51.4688371
          ],
          [
            -0.4575657,
            51.4687855
          ]
        ]
      },
      "properties": {
        "highway": "footway",
        "indoor": "yes",
        "level": "2",
        "osm_id": 1180384124,
        "osm_type": "way"
      }
    },
    {
      "type": "Feature",
      "geometry": {
        "type": "LineString",
        "coordinates": [
          [
            -0.4575623,
            51.4689079
          ],
          [
            -0.457565,
            51.4688371
          ]
        ]
      },
      "properties": {
        "highway": "footway",
        "indoor": "yes",
        "level": "2",
        "osm_id": 1180384125,
        "osm_type": "way"
      }
    },
    {
      "type": "Feature",
      "geometry": {
        "type": "LineString",
        "coordinates": [
          [
            -0.4588509,
            51.4688992
          ],
          [
            -0.4588508,
            51.4688622
          ]
        ]
      },
      "properties": {
        "highway": "footway",
        "indoor": "yes",
        "level": "2",
        "osm_id": 1180384126,
        "osm_type": "way"
      }
    },
    {
      "type": "Feature",
      "geometry": {
        "type": "LineString",
        "coordinates": [
          [
            -0.4588508,
            51.4688622
          ],
          [
            -0.4588515,
            51.4688106
          ]
        ]
      },
      "properties": {
        "highway": "footway",
        "indoor": "yes",
        "level": "2",
        "osm_id": 1180384127,
        "osm_type": "way"
      }
    },
    {
      "type": "Feature",
      "geometry": {
        "type": "LineString",
        "coordinates": [
          [
            -0.4581061,
            51.468905
          ],
          [
            -0.4575623,
            51.4689079
          ],
          [
            -0.4562759,
            51.4689033
          ],
          [
            -0.4549921,
            51.4688987
          ]
        ]
      },
      "properties": {
        "highway": "footway",
        "indoor": "yes",
        "level": "2",
        "osm_id": 1180384132,
        "osm_type": "way"
      }
    },
    {
      "type": "Feature",
      "geometry": {
        "type": "LineString",
        "coordinates": [
          [
            -0.4599475,
            51.4708377
          ],
          [
            -0.4598245,
            51.4707262
          ],
          [
            -0.4599667,
            51.4706731
          ],
          [
            -0.4594328,
            51.4701931
          ],
          [
            -0.4590677,
            51.4698704
          ],
          [
            -0.4581082,
            51.4690241
          ],
          [
            -0.4581061,
            51.468905
          ],
          [
            -0.4588509,
            51.4688992
          ]
        ]
      },
      "properties": {
        "highway": "footway",
        "indoor": "yes",
        "level": "2",
        "osm_id": 1180384133,
        "osm_type": "way"
      }
    },
    {
      "type": "Feature",
      "geometry": {
        "type": "LineString",
        "coordinates": [
          [
            -0.4646806,
            51.473604
          ],
          [
            -0.464681,
            51.4737291
          ],
          [
            -0.4645865,
            51.4737275
          ],
          [
            -0.4644929,
            51.4737262
          ]
        ]
      },
      "properties": {
        "highway": "footway",
        "indoor": "yes",
        "level": "2",
        "osm_id": 1180384138,
        "osm_type": "way"
      }
    },
    {
      "type": "Feature",
      "geometry": {
        "type": "LineString",
        "coordinates": [
          [
            -0.4646746,
            51.4733351
          ],
          [
            -0.4645653,
            51.4733292
          ],
          [
            -0.4645023,
            51.4733284
          ],
          [
            -0.4644718,
            51.473328
          ]
        ]
      },
      "properties": {
        "highway": "footway",
        "indoor": "yes",
        "level": "2",
        "osm_id": 1180384139,
        "osm_type": "way"
      }
    },
    {
      "type": "Feature",
      "geometry": {
        "type": "LineString",
        "coordinates": [
          [
            -0.4628034,
            51.4733346
          ],
          [
            -0.4630774,
            51.4735656
          ],
          [
            -0.4645794,
            51.4736097
          ],
          [
            -0.4646806,
            51.473604
          ],
          [
            -0.4646746,
            51.4733351
          ]
        ]
      },
      "properties": {
        "highway": "footway",
        "indoor": "yes",
        "level": "2",
        "osm_id": 1180384144,
        "osm_type": "way"
      }
    },
    {
      "type": "Feature",
      "geometry": {
        "type": "LineString",
        "coordinates": [
          [
            -0.4623672,
            51.4729374
          ],
          [
            -0.4628034,
            51.4733346
          ]
        ]
      },
      "properties": {
        "highway": "footway",
        "indoor": "yes",
        "level": "2",
        "osm_id": 1180384145,
        "osm_type": "way"
      }
    },
    {
      "type": "Feature",
      "geometry": {
        "type": "LineString",
        "coordinates": [
          [
            -0.4628034,
            51.4733346
          ],
          [
            -0.4627087,
            51.4733717
          ],
          [
            -0.4626244,
            51.4734048
          ]
        ]
      },
      "properties": {
        "highway": "footway",
        "indoor": "yes",
        "level": "2",
        "osm_id": 1180384150,
        "osm_type": "way"
      }
    },
    {
      "type": "Feature",
      "geometry": {
        "type": "LineString",
        "coordinates": [
          [
            -0.4621459,
            51.4727279
          ],
          [
            -0.4623672,
            51.4729374
          ]
        ]
      },
      "properties": {
        "highway": "footway",
        "indoor": "yes",
        "level": "2",
        "osm_id": 1180384151,
        "osm_type": "way"
      }
    },
    {
      "type": "Feature",
      "geometry": {
        "type": "LineString",
        "coordinates": [
          [
            -0.4623672,
            51.4729374
          ],
          [
            -0.4622725,
            51.4729745
          ],
          [
            -0.4621882,
            51.4730076
          ]
        ]
      },
      "properties": {
        "highway": "footway",
        "indoor": "yes",
        "level": "2",
        "osm_id": 1180384153,
        "osm_type": "way"
      }
    },
    {
      "type": "Feature",
      "geometry": {
        "type": "LineString",
        "coordinates": [
          [
            -0.462038,
            51.4726309
          ],
          [
            -0.4621459,
            51.4727279
          ],
          [
            -0.4619719,
            51.4728006
          ]
        ]
      },
      "properties": {
        "highway": "footway",
        "indoor": "yes",
        "level": "2",
        "osm_id": 1180384158,
        "osm_type": "way"
      }
    },
    {
      "type": "Feature",
      "geometry": {
        "type": "LineString",
        "coordinates": [
          [
            -0.462038,
            51.4726309
          ],
          [
            -0.462156,
            51.4725827
          ],
          [
            -0.4622009,
            51.4725637
          ]
        ]
      },
      "properties": {
        "highway": "footway",
        "indoor": "yes",
        "level": "2",
        "osm_id": 1180384162,
        "osm_type": "way"
      }
    },
    {
      "type": "Feature",
      "geometry": {
        "type": "LineString",
        "coordinates": [
          [
            -0.4609872,
            51.4716785
          ],
          [
            -0.462038,
            51.4726309
          ]
        ]
      },
      "properties": {
        "highway": "footway",
        "indoor": "yes",
        "level": "2",
        "osm_id": 1180384164,
        "osm_type": "way"
      }
    },
    {
      "type": "Feature",
      "geometry": {
        "type": "LineString",
        "coordinates": [
          [
            -0.4608444,
            51.4715428
          ],
          [
            -0.4609115,
            51.4715155
          ],
          [
            -0.4609665,
            51.4714931
          ]
        ]
      },
      "properties": {
        "highway": "footway",
        "indoor": "yes",
        "level": "2",
        "osm_id": 1180384165,
        "osm_type": "way"
      }
    },
    {
      "type": "Feature",
      "geometry": {
        "type": "LineString",
        "coordinates": [
          [
            -0.4608444,
            51.4715428
          ],
          [
            -0.4609872,
            51.4716785
          ],
          [
            -0.4611629,
            51.4716033
          ]
        ]
      },
      "properties": {
        "highway": "footway",
        "indoor": "yes",
        "level": "2",
        "osm_id": 1180384167,
        "osm_type": "way"
      }
    },
    {
      "type": "Feature",
      "geometry": {
        "type": "LineString",
        "coordinates": [
          [
            -0.4602443,
            51.471103
          ],
          [
            -0.4605742,
            51.4713962
          ],
          [
            -0.4606587,
            51.4713628
          ],
          [
            -0.4608444,
            51.4715428
          ]
        ]
      },
      "properties": {
        "highway": "footway",
        "indoor": "yes",
        "level": "2",
        "osm_id": 1180384172,
        "osm_type": "way"
      }
    },
    {
      "type": "Feature",
      "geometry": {
        "type": "LineString",
        "coordinates": [
          [
            -0.4604059,
            51.4710328
          ],
          [
            -0.4603395,
            51.4710608
          ]
        ]
      },
      "properties": {
        "highway": "footway",
        "indoor": "yes",
        "level": "2",
        "osm_id": 1180384173,
        "osm_type": "way"
      }
    },
    {
      "type": "Feature",
      "geometry": {
        "type": "LineString",
        "coordinates": [
          [
            -0.4615993,
            51.4724883
          ],
          [
            -0.4616135,
            51.4725018
          ],
          [
            -0.4617564,
            51.4724458
          ],
          [
            -0.4617108,
            51.472402
          ]
        ]
      },
      "properties": {
        "highway": "footway",
        "indoor": "yes",
        "level": "2",
        "osm_id": 1180384183,
        "osm_type": "way"
      }
    },
    {
      "type": "Feature",
      "geometry": {
        "type": "LineString",
        "coordinates": [
          [
            -0.4604615,
            51.4714388
          ],
          [
            -0.460377,
            51.4713628
          ],
          [
            -0.4603562,
            51.4713713
          ],
          [
            -0.4603341,
            51.4713803
          ],
          [
            -0.4604186,
            51.4714563
          ]
        ]
      },
      "properties": {
        "highway": "footway",
        "indoor": "yes",
        "level": "2",
        "osm_id": 1180384199,
        "osm_type": "way"
      }
    },
    {
      "type": "Feature",
      "geometry": {
        "type": "LineString",
        "coordinates": [
          [
            -0.4597534,
            51.4710704
          ],
          [
            -0.4597078,
            51.4710888
          ]
        ]
      },
      "properties": {
        "highway": "footway",
        "indoor": "yes",
        "level": "2",
        "osm_id": 1180384204,
        "osm_type": "way"
      }
    },
    {
      "type": "Feature",
      "geometry": {
        "type": "LineString",
        "coordinates": [
          [
            -0.4598832,
            51.4709444
          ],
          [
            -0.4599372,
            51.4709935
          ],
          [
            -0.4597534,
            51.4710704
          ],
          [
            -0.4596502,
            51.4709835
          ]
        ]
      },
      "properties": {
        "highway": "footway",
        "indoor": "yes",
        "level": "2",
        "osm_id": 1180384213,
        "osm_type": "way"
      }
    },
    {
      "type": "Feature",
      "geometry": {
        "type": "LineString",
        "coordinates": [
          [
            -0.4603395,
            51.4710608
          ],
          [
            -0.4602443,
            51.471103
          ],
          [
            -0.4599475,
            51.4708377
          ],
          [
            -0.4598212,
            51.4708903
          ],
          [
            -0.4598832,
            51.4709444
          ],
          [
            -0.4598535,
            51.4709577
          ],
          [
            -0.4598171,
            51.4709739
          ],
          [
            -0.4597544,
            51.4709177
          ]
        ]
      },
      "properties": {
        "highway": "footway",
        "indoor": "yes",
        "level": "2",
        "osm_id": 1180384216,
        "osm_type": "way"
      }
    },
    {
      "type": "Feature",
      "geometry": {
        "type": "LineString",
        "coordinates": [
          [
            -0.4480737,
            51.4601021
          ],
          [
            -0.4486102,
            51.4597495
          ]
        ]
      },
      "properties": {
        "highway": "footway",
        "indoor": "yes",
        "level": "2",
        "osm_id": 1203897011,
        "osm_type": "way"
      }
    },
    {
      "type": "Feature",
      "geometry": {
        "type": "LineString",
        "coordinates": [
          [
            -0.4477338,
            51.4598975
          ],
          [
            -0.4480737,
            51.4601021
          ],
          [
            -0.4476526,
            51.4603996
          ]
        ]
      },
      "properties": {
        "highway": "footway",
        "indoor": "yes",
        "level": "2",
        "osm_id": 1203897012,
        "osm_type": "way"
      }
    },
    {
      "type": "Feature",
      "geometry": {
        "type": "LineString",
        "coordinates": [
          [
            -0.4466672,
            51.4606303
          ],
          [
            -0.4465288,
            51.4605684
          ],
          [
            -0.4463377,
            51.4605667
          ],
          [
            -0.4462384,
            51.4605136
          ],
          [
            -0.4460165,
            51.4606479
          ],
          [
            -0.4456705,
            51.4605048
          ],
          [
            -0.4456685,
            51.4603862
          ],
          [
            -0.4448001,
            51.4598949
          ],
          [
            -0.4445882,
            51.4597754
          ],
          [
            -0.444495,
            51.4597186
          ],
          [
            -0.4439633,
            51.4595895
          ],
          [
            -0.442826,
            51.4595723
          ],
          [
            -0.4424331,
            51.459612
          ],
          [
            -0.4422299,
            51.4599011
          ],
          [
            -0.4409599,
            51.4617549
          ]
        ]
      },
      "properties": {
        "highway": "footway",
        "indoor": "yes",
        "level": "2",
        "osm_id": 1203897016,
        "osm_type": "way"
      }
    },
    {
      "type": "Feature",
      "geometry": {
        "type": "Polygon",
        "coordinates": [
          [
            [
              -0.4883719,
              51.4723106
            ],
            [
              -0.4880592,
              51.4723078
            ],
            [
              -0.4880593,
              51.4722576
            ],
            [
              -0.4883719,
              51.4722606
            ],
            [
              -0.4883719,
              51.4723106
            ]
          ]
        ]
      },
      "properties": {
        "brand": "Reiss",
        "brand:wikidata": "Q7310479",
        "check_date": "2025-11-17",
        "indoor": "room",
        "level": "2",
        "level_ref": "2",
        "name": "Reiss",
        "payment:cash": "yes",
        "payment:credit_cards": "yes",
        "payment:debit_cards": "yes",
        "shop": "clothes",
        "osm_id": 1342986781,
        "osm_type": "way"
      }
    },
    {
      "type": "Feature",
      "geometry": {
        "type": "LineString",
        "coordinates": [
          [
            -0.4867754,
            51.4710698
          ],
          [
            -0.48682,
            51.4710691
          ],
          [
            -0.48682,
            51.4710483
          ]
        ]
      },
      "properties": {
        "highway": "footway",
        "indoor": "yes",
        "level": "2",
        "level_ref": "2",
        "osm_id": 1461185210,
        "osm_type": "way"
      }
    },
    {
      "type": "Feature",
      "geometry": {
        "type": "LineString",
        "coordinates": [
          [
            -0.4868182,
            51.4721557
          ],
          [
            -0.4868372,
            51.4721559
          ],
          [
            -0.4868873,
            51.4721559
          ]
        ]
      },
      "properties": {
        "highway": "footway",
        "indoor": "yes",
        "level": "2",
        "level_ref": "2",
        "osm_id": 1461185213,
        "osm_type": "way"
      }
    },
    {
      "type": "Feature",
      "geometry": {
        "type": "LineString",
        "coordinates": [
          [
            -0.4867932,
            51.4722052
          ],
          [
            -0.4868372,
            51.4722055
          ],
          [
            -0.4868372,
            51.4721559
          ]
        ]
      },
      "properties": {
        "highway": "footway",
        "indoor": "yes",
        "level": "2",
        "level_ref": "2",
        "osm_id": 1461185214,
        "osm_type": "way"
      }
    },
    {
      "type": "Feature",
      "geometry": {
        "type": "LineString",
        "coordinates": [
          [
            -0.4869832,
            51.4724755
          ],
          [
            -0.4869852,
            51.4723194
          ],
          [
            -0.4869855,
            51.4722942
          ]
        ]
      },
      "properties": {
        "highway": "footway",
        "indoor": "yes",
        "level": "2",
        "level_ref": "2",
        "osm_id": 1461185216,
        "osm_type": "way"
      }
    },
    {
      "type": "Feature",
      "geometry": {
        "type": "LineString",
        "coordinates": [
          [
            -0.4868271,
            51.4724947
          ],
          [
            -0.4868279,
            51.4725036
          ],
          [
            -0.4867836,
            51.4725034
          ]
        ]
      },
      "properties": {
        "highway": "footway",
        "indoor": "yes",
        "level": "2",
        "level_ref": "2",
        "osm_id": 1461185219,
        "osm_type": "way"
      }
    },
    {
      "type": "Feature",
      "geometry": {
        "type": "LineString",
        "coordinates": [
          [
            -0.4868065,
            51.4727202
          ],
          [
            -0.4868467,
            51.4727204
          ],
          [
            -0.4868467,
            51.4727365
          ]
        ]
      },
      "properties": {
        "highway": "footway",
        "indoor": "yes",
        "level": "2",
        "level_ref": "2",
        "osm_id": 1461185223,
        "osm_type": "way"
      }
    },
    {
      "type": "Feature",
      "geometry": {
        "type": "LineString",
        "coordinates": [
          [
            -0.4868812,
            51.4727366
          ],
          [
            -0.4868467,
            51.4727365
          ],
          [
            -0.4868343,
            51.4727366
          ]
        ]
      },
      "properties": {
        "highway": "footway",
        "indoor": "yes",
        "level": "2",
        "level_ref": "2",
        "osm_id": 1461185224,
        "osm_type": "way"
      }
    },
    {
      "type": "Feature",
      "geometry": {
        "type": "LineString",
        "coordinates": [
          [
            -0.4868152,
            51.4708401
          ],
          [
            -0.4868152,
            51.4708591
          ],
          [
            -0.4867678,
            51.4708585
          ]
        ]
      },
      "properties": {
        "highway": "footway",
        "indoor": "yes",
        "level": "2",
        "level_ref": "2",
        "osm_id": 1461185228,
        "osm_type": "way"
      }
    },
    {
      "type": "Feature",
      "geometry": {
        "type": "LineString",
        "coordinates": [
          [
            -0.4868829,
            51.4724952
          ],
          [
            -0.4868271,
            51.4724947
          ],
          [
            -0.4868054,
            51.4724949
          ]
        ]
      },
      "properties": {
        "highway": "footway",
        "indoor": "yes",
        "level": "2",
        "level_ref": "2",
        "osm_id": 1461185230,
        "osm_type": "way"
      }
    },
    {
      "type": "Feature",
      "geometry": {
        "type": "LineString",
        "coordinates": [
          [
            -0.486877,
            51.4732091
          ],
          [
            -0.4868812,
            51.4727366
          ],
          [
            -0.4868832,
            51.472702
          ]
        ]
      },
      "properties": {
        "highway": "footway",
        "indoor": "yes",
        "level": "2",
        "level_ref": "2",
        "osm_id": 1461185231,
        "osm_type": "way"
      }
    },
    {
      "type": "Feature",
      "geometry": {
        "type": "LineString",
        "coordinates": [
          [
            -0.4874034,
            51.4732474
          ],
          [
            -0.4874031,
            51.4732079
          ]
        ]
      },
      "properties": {
        "highway": "footway",
        "indoor": "yes",
        "level": "2",
        "level_ref": "2",
        "osm_id": 1461185233,
        "osm_type": "way"
      }
    },
    {
      "type": "Feature",
      "geometry": {
        "type": "LineString",
        "coordinates": [
          [
            -0.4867849,
            51.4717459
          ],
          [
            -0.4867852,
            51.4717722
          ]
        ]
      },
      "properties": {
        "highway": "footway",
        "indoor": "yes",
        "level": "2",
        "level_ref": "2",
        "osm_id": 1461185237,
        "osm_type": "way"
      }
    },
    {
      "type": "Feature",
      "geometry": {
        "type": "LineString",
        "coordinates": [
          [
            -0.4868846,
            51.4717736
          ],
          [
            -0.4867852,
            51.4717722
          ],
          [
            -0.4867585,
            51.4717721
          ]
        ]
      },
      "properties": {
        "highway": "footway",
        "indoor": "yes",
        "level": "2",
        "level_ref": "2",
        "osm_id": 1461185238,
        "osm_type": "way"
      }
    },
    {
      "type": "Feature",
      "geometry": {
        "type": "LineString",
        "coordinates": [
          [
            -0.4868832,
            51.472702
          ],
          [
            -0.4869281,
            51.4727014
          ],
          [
            -0.4869259,
            51.472679
          ]
        ]
      },
      "properties": {
        "highway": "footway",
        "indoor": "yes",
        "level": "2",
        "level_ref": "2",
        "osm_id": 1461185239,
        "osm_type": "way"
      }
    },
    {
      "type": "Feature",
      "geometry": {
        "type": "LineString",
        "coordinates": [
          [
            -0.4868184,
            51.470559
          ],
          [
            -0.4868184,
            51.470547
          ],
          [
            -0.4867591,
            51.470547
          ]
        ]
      },
      "properties": {
        "highway": "footway",
        "indoor": "yes",
        "level": "2",
        "level_ref": "2",
        "osm_id": 1461185254,
        "osm_type": "way"
      }
    },
    {
      "type": "Feature",
      "geometry": {
        "type": "LineString",
        "coordinates": [
          [
            -0.4868876,
            51.4705217
          ],
          [
            -0.4868392,
            51.4705218
          ]
        ]
      },
      "properties": {
        "highway": "footway",
        "indoor": "yes",
        "level": "2",
        "level_ref": "2",
        "surface": "paving_stones",
        "osm_id": 1461185256,
        "osm_type": "way"
      }
    },
    {
      "type": "Feature",
      "geometry": {
        "type": "LineString",
        "coordinates": [
          [
            -0.4868879,
            51.470378
          ],
          [
            -0.4868345,
            51.4703776
          ]
        ]
      },
      "properties": {
        "highway": "footway",
        "indoor": "yes",
        "level": "2",
        "level_ref": "2",
        "surface": "paving_stones",
        "osm_id": 1461185257,
        "osm_type": "way"
      }
    },
    {
      "type": "Feature",
      "geometry": {
        "type": "LineString",
        "coordinates": [
          [
            -0.4869322,
            51.4699924
          ],
          [
            -0.4869309,
            51.4699167
          ]
        ]
      },
      "properties": {
        "highway": "footway",
        "indoor": "yes",
        "level": "2",
        "level_ref": "2",
        "osm_id": 1461185258,
        "osm_type": "way"
      }
    },
    {
      "type": "Feature",
      "geometry": {
        "type": "LineString",
        "coordinates": [
          [
            -0.486883,
            51.4698953
          ],
          [
            -0.4868853,
            51.4699924
          ]
        ]
      },
      "properties": {
        "highway": "footway",
        "indoor": "yes",
        "level": "2",
        "level_ref": "2",
        "osm_id": 1461185259,
        "osm_type": "way"
      }
    },
    {
      "type": "Feature",
      "geometry": {
        "type": "LineString",
        "coordinates": [
          [
            -0.4873625,
            51.4699921
          ],
          [
            -0.4873614,
            51.4699146
          ]
        ]
      },
      "properties": {
        "highway": "footway",
        "indoor": "yes",
        "level": "2",
        "level_ref": "2",
        "osm_id": 1461185260,
        "osm_type": "way"
      }
    },
    {
      "type": "Feature",
      "geometry": {
        "type": "LineString",
        "coordinates": [
          [
            -0.4873205,
            51.4698941
          ],
          [
            -0.4873185,
            51.4699921
          ]
        ]
      },
      "properties": {
        "highway": "footway",
        "indoor": "yes",
        "level": "2",
        "level_ref": "2",
        "osm_id": 1461185261,
        "osm_type": "way"
      }
    },
    {
      "type": "Feature",
      "geometry": {
        "type": "LineString",
        "coordinates": [
          [
            -0.4878085,
            51.4699919
          ],
          [
            -0.4878087,
            51.4699125
          ]
        ]
      },
      "properties": {
        "highway": "footway",
        "indoor": "yes",
        "level": "2",
        "level_ref": "2",
        "osm_id": 1461185262,
        "osm_type": "way"
      }
    },
    {
      "type": "Feature",
      "geometry": {
        "type": "LineString",
        "coordinates": [
          [
            -0.4877531,
            51.4698922
          ],
          [
            -0.4877514,
            51.4699919
          ]
        ]
      },
      "properties": {
        "highway": "footway",
        "indoor": "yes",
        "level": "2",
        "level_ref": "2",
        "osm_id": 1461185263,
        "osm_type": "way"
      }
    },
    {
      "type": "Feature",
      "geometry": {
        "type": "LineString",
        "coordinates": [
          [
            -0.4881797,
            51.4699909
          ],
          [
            -0.4881815,
            51.4699114
          ]
        ]
      },
      "properties": {
        "highway": "footway",
        "indoor": "yes",
        "level": "2",
        "level_ref": "2",
        "osm_id": 1461185264,
        "osm_type": "way"
      }
    },
    {
      "type": "Feature",
      "geometry": {
        "type": "LineString",
        "coordinates": [
          [
            -0.4881212,
            51.4698942
          ],
          [
            -0.4881207,
            51.4699911
          ]
        ]
      },
      "properties": {
        "highway": "footway",
        "indoor": "yes",
        "level": "2",
        "level_ref": "2",
        "osm_id": 1461185265,
        "osm_type": "way"
      }
    },
    {
      "type": "Feature",
      "geometry": {
        "type": "LineString",
        "coordinates": [
          [
            -0.4886115,
            51.4699894
          ],
          [
            -0.4886113,
            51.469911
          ]
        ]
      },
      "properties": {
        "highway": "footway",
        "indoor": "yes",
        "level": "2",
        "level_ref": "2",
        "osm_id": 1461185266,
        "osm_type": "way"
      }
    },
    {
      "type": "Feature",
      "geometry": {
        "type": "LineString",
        "coordinates": [
          [
            -0.4885601,
            51.4699896
          ],
          [
            -0.4885608,
            51.4698933
          ]
        ]
      },
      "properties": {
        "highway": "footway",
        "indoor": "yes",
        "level": "2",
        "level_ref": "2",
        "osm_id": 1461185267,
        "osm_type": "way"
      }
    },
    {
      "type": "Feature",
      "geometry": {
        "type": "LineString",
        "coordinates": [
          [
            -0.4890123,
            51.4699103
          ],
          [
            -0.4890116,
            51.4699881
          ]
        ]
      },
      "properties": {
        "highway": "footway",
        "indoor": "yes",
        "level": "2",
        "level_ref": "2",
        "osm_id": 1461185268,
        "osm_type": "way"
      }
    },
    {
      "type": "Feature",
      "geometry": {
        "type": "LineString",
        "coordinates": [
          [
            -0.4889538,
            51.4699883
          ],
          [
            -0.4889533,
            51.4698921
          ]
        ]
      },
      "properties": {
        "highway": "footway",
        "indoor": "yes",
        "level": "2",
        "level_ref": "2",
        "osm_id": 1461185269,
        "osm_type": "way"
      }
    },
    {
      "type": "Feature",
      "geometry": {
        "type": "LineString",
        "coordinates": [
          [
            -0.4889724,
            51.4704252
          ],
          [
            -0.4889726,
            51.4704457
          ]
        ]
      },
      "properties": {
        "highway": "footway",
        "indoor": "yes",
        "level": "2",
        "level_ref": "2",
        "osm_id": 1461185285,
        "osm_type": "way"
      }
    },
    {
      "type": "Feature",
      "geometry": {
        "type": "LineString",
        "coordinates": [
          [
            -0.4890209,
            51.4704456
          ],
          [
            -0.4890208,
            51.4704254
          ]
        ]
      },
      "properties": {
        "highway": "footway",
        "indoor": "yes",
        "level": "2",
        "level_ref": "2",
        "osm_id": 1461185287,
        "osm_type": "way"
      }
    },
    {
      "type": "Feature",
      "geometry": {
        "type": "LineString",
        "coordinates": [
          [
            -0.4889446,
            51.4704831
          ],
          [
            -0.4889443,
            51.4704458
          ],
          [
            -0.4889726,
            51.4704457
          ]
        ]
      },
      "properties": {
        "highway": "footway",
        "indoor": "yes",
        "level": "2",
        "level_ref": "2",
        "osm_id": 1461185290,
        "osm_type": "way"
      }
    },
    {
      "type": "Feature",
      "geometry": {
        "type": "LineString",
        "coordinates": [
          [
            -0.4889446,
            51.4704831
          ],
          [
            -0.4889443,
            51.4704458
          ],
          [
            -0.4889726,
            51.4704457
          ],
          [
            -0.4890209,
            51.4704456
          ],
          [
            -0.4890474,
            51.4704455
          ],
          [
            -0.4890476,
            51.4704826
          ]
        ]
      },
      "properties": {
        "highway": "footway",
        "indoor": "yes",
        "level": "2",
        "level_ref": "2",
        "osm_id": 1461185292,
        "osm_type": "way"
      }
    },
    {
      "type": "Feature",
      "geometry": {
        "type": "LineString",
        "coordinates": [
          [
            -0.4889709,
            51.4702369
          ],
          [
            -0.4889708,
            51.4702172
          ],
          [
            -0.4888683,
            51.4702175
          ],
          [
            -0.4888698,
            51.470446
          ],
          [
            -0.4889443,
            51.4704458
          ]
        ]
      },
      "properties": {
        "highway": "footway",
        "indoor": "yes",
        "level": "2",
        "level_ref": "2",
        "osm_id": 1461185297,
        "osm_type": "way"
      }
    },
    {
      "type": "Feature",
      "geometry": {
        "type": "LineString",
        "coordinates": [
          [
            -0.4890284,
            51.471099
          ],
          [
            -0.4890279,
            51.4710804
          ]
        ]
      },
      "properties": {
        "highway": "footway",
        "indoor": "yes",
        "level": "2",
        "level_ref": "2",
        "osm_id": 1461185338,
        "osm_type": "way"
      }
    },
    {
      "type": "Feature",
      "geometry": {
        "type": "LineString",
        "coordinates": [
          [
            -0.488979,
            51.4710802
          ],
          [
            -0.488979,
            51.4711011
          ]
        ]
      },
      "properties": {
        "highway": "footway",
        "indoor": "yes",
        "level": "2",
        "level_ref": "2",
        "osm_id": 1461185339,
        "osm_type": "way"
      }
    },
    {
      "type": "Feature",
      "geometry": {
        "type": "LineString",
        "coordinates": [
          [
            -0.4889532,
            51.4717088
          ],
          [
            -0.4889536,
            51.4717457
          ],
          [
            -0.4889816,
            51.4717456
          ]
        ]
      },
      "properties": {
        "highway": "footway",
        "indoor": "yes",
        "level": "2",
        "level_ref": "2",
        "osm_id": 1461185362,
        "osm_type": "way"
      }
    },
    {
      "type": "Feature",
      "geometry": {
        "type": "LineString",
        "coordinates": [
          [
            -0.4889821,
            51.4717665
          ],
          [
            -0.4889816,
            51.4717456
          ],
          [
            -0.4890301,
            51.4717454
          ],
          [
            -0.489031,
            51.4717659
          ]
        ]
      },
      "properties": {
        "highway": "footway",
        "indoor": "yes",
        "level": "2",
        "level_ref": "2",
        "osm_id": 1461185363,
        "osm_type": "way"
      }
    },
    {
      "type": "Feature",
      "geometry": {
        "type": "LineString",
        "coordinates": [
          [
            -0.4875279,
            51.4732075
          ],
          [
            -0.4875282,
            51.4732469
          ]
        ]
      },
      "properties": {
        "highway": "footway",
        "indoor": "yes",
        "level": "2",
        "level_ref": "2",
        "osm_id": 1461185366,
        "osm_type": "way"
      }
    },
    {
      "type": "Feature",
      "geometry": {
        "type": "LineString",
        "coordinates": [
          [
            -0.4875567,
            51.4732074
          ],
          [
            -0.487557,
            51.4732469
          ]
        ]
      },
      "properties": {
        "highway": "footway",
        "indoor": "yes",
        "level": "2",
        "level_ref": "2",
        "osm_id": 1461185367,
        "osm_type": "way"
      }
    },
    {
      "type": "Feature",
      "geometry": {
        "type": "LineString",
        "coordinates": [
          [
            -0.4877609,
            51.4732068
          ],
          [
            -0.4877612,
            51.4732462
          ]
        ]
      },
      "properties": {
        "highway": "footway",
        "indoor": "yes",
        "level": "2",
        "level_ref": "2",
        "osm_id": 1461185368,
        "osm_type": "way"
      }
    },
    {
      "type": "Feature",
      "geometry": {
        "type": "LineString",
        "coordinates": [
          [
            -0.4880106,
            51.473206
          ],
          [
            -0.4880109,
            51.4732463
          ]
        ]
      },
      "properties": {
        "highway": "footway",
        "indoor": "yes",
        "level": "2",
        "level_ref": "2",
        "osm_id": 1461185369,
        "osm_type": "way"
      }
    },
    {
      "type": "Feature",
      "geometry": {
        "type": "LineString",
        "coordinates": [
          [
            -0.4880536,
            51.4732059
          ],
          [
            -0.4880539,
            51.4732462
          ]
        ]
      },
      "properties": {
        "highway": "footway",
        "indoor": "yes",
        "level": "2",
        "level_ref": "2",
        "osm_id": 1461185370,
        "osm_type": "way"
      }
    },
    {
      "type": "Feature",
      "geometry": {
        "type": "LineString",
        "coordinates": [
          [
            -0.4881046,
            51.4732057
          ],
          [
            -0.4881049,
            51.4732461
          ]
        ]
      },
      "properties": {
        "highway": "footway",
        "indoor": "yes",
        "level": "2",
        "level_ref": "2",
        "osm_id": 1461185371,
        "osm_type": "way"
      }
    },
    {
      "type": "Feature",
      "geometry": {
        "type": "LineString",
        "coordinates": [
          [
            -0.4883045,
            51.4732052
          ],
          [
            -0.4883048,
            51.4732458
          ]
        ]
      },
      "properties": {
        "highway": "footway",
        "indoor": "yes",
        "level": "2",
        "level_ref": "2",
        "osm_id": 1461185372,
        "osm_type": "way"
      }
    },
    {
      "type": "Feature",
      "geometry": {
        "type": "LineString",
        "coordinates": [
          [
            -0.4886093,
            51.4732043
          ],
          [
            -0.4886096,
            51.4732463
          ]
        ]
      },
      "properties": {
        "highway": "footway",
        "indoor": "yes",
        "level": "2",
        "level_ref": "2",
        "osm_id": 1461185373,
        "osm_type": "way"
      }
    },
    {
      "type": "Feature",
      "geometry": {
        "type": "LineString",
        "coordinates": [
          [
            -0.4883562,
            51.473205
          ],
          [
            -0.4883565,
            51.4732457
          ]
        ]
      },
      "properties": {
        "highway": "footway",
        "indoor": "yes",
        "level": "2",
        "level_ref": "2",
        "osm_id": 1461185374,
        "osm_type": "way"
      }
    },
    {
      "type": "Feature",
      "geometry": {
        "type": "LineString",
        "coordinates": [
          [
            -0.4886565,
            51.4732041
          ],
          [
            -0.4886568,
            51.4732464
          ]
        ]
      },
      "properties": {
        "highway": "footway",
        "indoor": "yes",
        "level": "2",
        "level_ref": "2",
        "osm_id": 1461185375,
        "osm_type": "way"
      }
    },
    {
      "type": "Feature",
      "geometry": {
        "type": "LineString",
        "coordinates": [
          [
            -0.4889263,
            51.4732033
          ],
          [
            -0.4889266,
            51.4732456
          ]
        ]
      },
      "properties": {
        "highway": "footway",
        "indoor": "yes",
        "level": "2",
        "level_ref": "2",
        "osm_id": 1461185376,
        "osm_type": "way"
      }
    },
    {
      "type": "Feature",
      "geometry": {
        "type": "LineString",
        "coordinates": [
          [
            -0.4889819,
            51.4732032
          ],
          [
            -0.4889817,
            51.4732454
          ]
        ]
      },
      "properties": {
        "highway": "footway",
        "indoor": "yes",
        "level": "2",
        "level_ref": "2",
        "osm_id": 1461185377,
        "osm_type": "way"
      }
    },
    {
      "type": "Feature",
      "geometry": {
        "type": "LineString",
        "coordinates": [
          [
            -0.486877,
            51.4732091
          ],
          [
            -0.4874031,
            51.4732079
          ],
          [
            -0.4875279,
            51.4732075
          ],
          [
            -0.4875567,
            51.4732074
          ],
          [
            -0.4876534,
            51.4732071
          ],
          [
            -0.4877277,
            51.4732069
          ],
          [
            -0.4877609,
            51.4732068
          ],
          [
            -0.4879673,
            51.4732061
          ],
          [
            -0.4880106,
            51.473206
          ],
          [
            -0.4880536,
            51.4732059
          ],
          [
            -0.4881046,
            51.4732057
          ],
          [
            -0.4883045,
            51.4732052
          ],
          [
            -0.4883562,
            51.473205
          ],
          [
            -0.4886093,
            51.4732043
          ],
          [
            -0.4886565,
            51.4732041
          ],
          [
            -0.4888535,
            51.4732035
          ],
          [
            -0.4889263,
            51.4732033
          ],
          [
            -0.4889819,
            51.4732032
          ]
        ]
      },
      "properties": {
        "highway": "footway",
        "indoor": "yes",
        "level": "2",
        "level_ref": "2",
        "osm_id": 1461185378,
        "osm_type": "way"
      }
    },
    {
      "type": "Feature",
      "geometry": {
        "type": "LineString",
        "coordinates": [
          [
            -0.4888558,
            51.4730926
          ],
          [
            -0.4888535,
            51.4732035
          ]
        ]
      },
      "properties": {
        "highway": "footway",
        "indoor": "yes",
        "level": "2",
        "level_ref": "2",
        "osm_id": 1461185379,
        "osm_type": "way"
      }
    },
    {
      "type": "Feature",
      "geometry": {
        "type": "LineString",
        "coordinates": [
          [
            -0.4878281,
            51.4701293
          ],
          [
            -0.487828,
            51.4701574
          ]
        ]
      },
      "properties": {
        "highway": "footway",
        "indoor": "yes",
        "level": "2",
        "level_ref": "2",
        "osm_id": 1461185407,
        "osm_type": "way"
      }
    },
    {
      "type": "Feature",
      "geometry": {
        "type": "LineString",
        "coordinates": [
          [
            -0.48776,
            51.4704165
          ],
          [
            -0.48776,
            51.4704345
          ]
        ]
      },
      "properties": {
        "highway": "footway",
        "indoor": "yes",
        "level": "2",
        "level_ref": "2",
        "osm_id": 1461185411,
        "osm_type": "way"
      }
    },
    {
      "type": "Feature",
      "geometry": {
        "type": "LineString",
        "coordinates": [
          [
            -0.4878271,
            51.4704345
          ],
          [
            -0.4878272,
            51.4704179
          ]
        ]
      },
      "properties": {
        "highway": "footway",
        "indoor": "yes",
        "level": "2",
        "level_ref": "2",
        "osm_id": 1461185412,
        "osm_type": "way"
      }
    },
    {
      "type": "Feature",
      "geometry": {
        "type": "LineString",
        "coordinates": [
          [
            -0.4880302,
            51.4718221
          ],
          [
            -0.4880297,
            51.4715083
          ],
          [
            -0.4879193,
            51.4715086
          ]
        ]
      },
      "properties": {
        "highway": "footway",
        "indoor": "yes",
        "level": "2",
        "level_ref": "2",
        "osm_id": 1461185490,
        "osm_type": "way"
      }
    },
    {
      "type": "Feature",
      "geometry": {
        "type": "Polygon",
        "coordinates": [
          [
            [
              -0.4877453,
              51.4710102
            ],
            [
              -0.4877452,
              51.4710782
            ],
            [
              -0.487577,
              51.471078
            ],
            [
              -0.4875771,
              51.4710101
            ],
            [
              -0.4877453,
              51.4710102
            ]
          ]
        ]
      },
      "properties": {
        "indoor": "area",
        "information": "helpdesk",
        "level": "2",
        "level_ref": "2",
        "name": "British Airways Customer Services South",
        "tourism": "information",
        "osm_id": 1461185493,
        "osm_type": "way"
      }
    },
    {
      "type": "Feature",
      "geometry": {
        "type": "LineString",
        "coordinates": [
          [
            -0.487827,
            51.4718219
          ],
          [
            -0.4878929,
            51.471822
          ],
          [
            -0.4879224,
            51.471822
          ]
        ]
      },
      "properties": {
        "highway": "footway",
        "indoor": "yes",
        "level": "2",
        "level_ref": "2",
        "lit": "24/7",
        "surface": "paving_stones",
        "osm_id": 1461185494,
        "osm_type": "way"
      }
    },
    {
      "type": "Feature",
      "geometry": {
        "type": "LineString",
        "coordinates": [
          [
            -0.4879224,
            51.471822
          ],
          [
            -0.4879219,
            51.4720186
          ],
          [
            -0.4879217,
            51.4721202
          ],
          [
            -0.4879269,
            51.4724749
          ]
        ]
      },
      "properties": {
        "highway": "footway",
        "indoor": "yes",
        "level": "2",
        "level_ref": "2",
        "lit": "24/7",
        "surface": "paving_stones",
        "osm_id": 1461185495,
        "osm_type": "way"
      }
    },
    {
      "type": "Feature",
      "geometry": {
        "type": "LineString",
        "coordinates": [
          [
            -0.4884346,
            51.4713713
          ],
          [
            -0.488425,
            51.4719021
          ]
        ]
      },
      "properties": {
        "highway": "footway",
        "indoor": "yes",
        "level": "2",
        "level_ref": "2",
        "lit": "24/7",
        "surface": "paving_stones",
        "osm_id": 1461185496,
        "osm_type": "way"
      }
    },
    {
      "type": "Feature",
      "geometry": {
        "type": "LineString",
        "coordinates": [
          [
            -0.4880296,
            51.4716465
          ],
          [
            -0.4880641,
            51.4716467
          ]
        ]
      },
      "properties": {
        "highway": "footway",
        "indoor": "yes",
        "level": "2",
        "level_ref": "2",
        "osm_id": 1461185497,
        "osm_type": "way"
      }
    },
    {
      "type": "Feature",
      "geometry": {
        "type": "LineString",
        "coordinates": [
          [
            -0.4876942,
            51.472475
          ],
          [
            -0.4876995,
            51.472655
          ],
          [
            -0.4876816,
            51.4728634
          ],
          [
            -0.4876823,
            51.4728883
          ],
          [
            -0.4876554,
            51.4729786
          ]
        ]
      },
      "properties": {
        "highway": "footway",
        "indoor": "yes",
        "level": "2",
        "level_ref": "2",
        "lit": "24/7",
        "surface": "paving_stones",
        "osm_id": 1461185499,
        "osm_type": "way"
      }
    },
    {
      "type": "Feature",
      "geometry": {
        "type": "LineString",
        "coordinates": [
          [
            -0.4868858,
            51.471936
          ],
          [
            -0.4867778,
            51.4719346
          ]
        ]
      },
      "properties": {
        "highway": "footway",
        "indoor": "yes",
        "level": "2",
        "level_ref": "2",
        "osm_id": 1461185500,
        "osm_type": "way"
      }
    },
    {
      "type": "Feature",
      "geometry": {
        "type": "LineString",
        "coordinates": [
          [
            -0.4877522,
            51.4726546
          ],
          [
            -0.4877543,
            51.472752
          ]
        ]
      },
      "properties": {
        "highway": "footway",
        "indoor": "yes",
        "level": "2",
        "level_ref": "2",
        "osm_id": 1461185504,
        "osm_type": "way"
      }
    },
    {
      "type": "Feature",
      "geometry": {
        "type": "LineString",
        "coordinates": [
          [
            -0.4878036,
            51.4727542
          ],
          [
            -0.4878015,
            51.4726542
          ]
        ]
      },
      "properties": {
        "highway": "footway",
        "indoor": "yes",
        "level": "2",
        "level_ref": "2",
        "osm_id": 1461185505,
        "osm_type": "way"
      }
    },
    {
      "type": "Feature",
      "geometry": {
        "type": "LineString",
        "coordinates": [
          [
            -0.4876823,
            51.4728883
          ],
          [
            -0.4876085,
            51.4728895
          ]
        ]
      },
      "properties": {
        "highway": "footway",
        "indoor": "yes",
        "level": "2",
        "level_ref": "2",
        "osm_id": 1461185506,
        "osm_type": "way"
      }
    },
    {
      "type": "Feature",
      "geometry": {
        "type": "LineString",
        "coordinates": [
          [
            -0.4880344,
            51.4729768
          ],
          [
            -0.4880302,
            51.4727726
          ],
          [
            -0.4880276,
            51.4726524
          ],
          [
            -0.4880239,
            51.4724748
          ]
        ]
      },
      "properties": {
        "highway": "footway",
        "indoor": "yes",
        "level": "2",
        "level_ref": "2",
        "osm_id": 1461185507,
        "osm_type": "way"
      }
    }
  ]
}