{
  "type": "FeatureCollection",
  "features": [
    {
      "type": "Feature",
      "geometry": {
        "type": "Point",
        "coordinates": [
          -0.4872808,
          51.4715676
        ]
      },
      "properties": {
        "barrier": "border_control",
        "indoor": "yes",
        "level": "1",
        "level_ref": "1",
        "osm_id": 1508420478,
        "osm_type": "node",
        "_category": "yes",
        "_level": 1,
        "_source": "level_1"
      }
    },
    {
      "type": "Feature",
      "geometry": {
        "type": "Point",
        "coordinates": [
          -0.4876233,
          51.4715425
        ]
      },
      "properties": {
        "amenity": "post_box",
        "brand": "Royal Mail",
        "brand:wikidata": "Q638098",
        "collection_times": "Mo-Fr 16:00; Sa 12:00",
        "fixme": "Check ref: nodes 3814400368 and 10266903172 both have the same value",
        "indoor": "yes",
        "level": "1",
        "level_ref": "1",
        "operator": "Royal Mail",
        "operator:wikidata": "Q638098",
        "post_box:type": "pillar",
        "ref": "TW6 1151",
        "royal_cypher": "EIIR",
        "royal_cypher:wikidata": "Q33102113",
        "osm_id": 3814400368,
        "osm_type": "node",
        "_category": "yes",
        "_level": 1,
        "_source": "level_1"
      }
    },
    {
      "type": "Feature",
      "geometry": {
        "type": "Point",
        "coordinates": [
          -0.4889742,
          51.4693967
        ]
      },
      "properties": {
        "aeroway": "gate",
        "aeroway:gate:type": "skywalk",
        "alt_ref": "523",
        "level": "1",
        "note": "Axx is ref shown for passengers in Terminal, 5xx is shown for airplanes on the apron",
        "ref": "A23",
        "osm_id": 3831836722,
        "osm_type": "node",
        "_category": "gate",
        "_level": 1,
        "_source": "level_1"
      }
    },
    {
      "type": "Feature",
      "geometry": {
        "type": "Point",
        "coordinates": [
          -0.4860917,
          51.4694398
        ]
      },
      "properties": {
        "aeroway": "gate",
        "aeroway:gate:type": "skywalk",
        "alt_ref": "519",
        "level": "1",
        "note": "Axx is ref shown for passengers in Terminal, 5xx is shown for airplanes on the apron",
        "ref": "A19",
        "osm_id": 3831836744,
        "osm_type": "node",
        "_category": "gate",
        "_level": 1,
        "_source": "level_1"
      }
    },
    {
      "type": "Feature",
      "geometry": {
        "type": "Point",
        "coordinates": [
          -0.4881808,
          51.4694774
        ]
      },
      "properties": {
        "aeroway": "gate",
        "aeroway:gate:type": "skywalk",
        "alt_ref": "522",
        "level": "1",
        "note": "Axx is ref shown for passengers in Terminal, 5xx is shown for airplanes on the apron",
        "ref": "A22",
        "osm_id": 3831836761,
        "osm_type": "node",
        "_category": "gate",
        "_level": 1,
        "_source": "level_1"
      }
    },
    {
      "type": "Feature",
      "geometry": {
        "type": "Point",
        "coordinates": [
          -0.4874598,
          51.4694815
        ]
      },
      "properties": {
        "aeroway": "gate",
        "aeroway:gate:type": "skywalk",
        "alt_ref": "521",
        "level": "1",
        "note": "Axx is ref shown for passengers in Terminal, 5xx is shown for airplanes on the apron",
        "ref": "A21",
        "osm_id": 3831836765,
        "osm_type": "node",
        "_category": "gate",
        "_level": 1,
        "_source": "level_1"
      }
    },
    {
      "type": "Feature",
      "geometry": {
        "type": "Point",
        "coordinates": [
          -0.4867742,
          51.4694833
        ]
      },
      "properties": {
        "aeroway": "gate",
        "aeroway:gate:type": "skywalk",
        "alt_ref": "520",
        "level": "1",
        "note": "Axx is ref shown for passengers in Terminal, 5xx is shown for airplanes on the apron",
        "ref": "A20",
        "osm_id": 3831836766,
        "osm_type": "node",
        "_category": "gate",
        "_level": 1,
        "_source": "level_1"
      }
    },
    {
      "type": "Feature",
      "geometry": {
        "type": "Point",
        "coordinates": [
          -0.486313,
          51.4696777
        ]
      },
      "properties": {
        "aeroway": "gate",
        "aeroway:gate:type": "skywalk",
        "alt_ref": "518",
        "level": "1",
        "note": "Axx is ref shown for passengers in Terminal, 5xx is shown for airplanes on the apron",
        "ref": "A18",
        "osm_id": 3831836839,
        "osm_type": "node",
        "_category": "gate",
        "_level": 1,
        "_source": "level_1"
      }
    },
    {
      "type": "Feature",
      "geometry": {
        "type": "Point",
        "coordinates": [
          -0.4863366,
          51.4703293
        ]
      },
      "properties": {
        "aeroway": "gate",
        "aeroway:gate:type": "skywalk",
        "alt_ref": "517",
        "level": "1",
        "note": "Axx is ref shown for passengers in Terminal, 5xx is shown for airplanes on the apron",
        "ref": "A17",
        "osm_id": 3831837036,
        "osm_type": "node",
        "_category": "gate",
        "_level": 1,
        "_source": "level_1"
      }
    },
    {
      "type": "Feature",
      "geometry": {
        "type": "Point",
        "coordinates": [
          -0.486298,
          51.47035
        ]
      },
      "properties": {
        "aeroway": "gate",
        "aeroway:gate:type": "skywalk",
        "alt_ref": "516",
        "level": "1",
        "note": "Axx is ref shown for passengers in Terminal, 5xx is shown for airplanes on the apron",
        "ref": "A16",
        "osm_id": 3831837040,
        "osm_type": "node",
        "_category": "gate",
        "_level": 1,
        "_source": "level_1"
      }
    },
    {
      "type": "Feature",
      "geometry": {
        "type": "Point",
        "coordinates": [
          -0.4863411,
          51.4710103
        ]
      },
      "properties": {
        "aeroway": "gate",
        "aeroway:gate:type": "skywalk",
        "alt_ref": "514",
        "level": "1",
        "note": "Axx is ref shown for passengers in Terminal, 5xx is shown for airplanes on the apron",
        "ref": "A14",
        "osm_id": 3831837200,
        "osm_type": "node",
        "_category": "gate",
        "_level": 1,
        "_source": "level_1"
      }
    },
    {
      "type": "Feature",
      "geometry": {
        "type": "Point",
        "coordinates": [
          -0.4863025,
          51.47103
        ]
      },
      "properties": {
        "aeroway": "gate",
        "aeroway:gate:type": "skywalk",
        "alt_ref": "513",
        "level": "1",
        "note": "Axx is ref shown for passengers in Terminal, 5xx is shown for airplanes on the apron",
        "ref": "A13",
        "osm_id": 3831837209,
        "osm_type": "node",
        "_category": "gate",
        "_level": 1,
        "_source": "level_1"
      }
    },
    {
      "type": "Feature",
      "geometry": {
        "type": "Point",
        "coordinates": [
          -0.4863262,
          51.471699
        ]
      },
      "properties": {
        "aeroway": "gate",
        "aeroway:gate:type": "skywalk",
        "alt_ref": "512",
        "level": "1",
        "note": "Axx is ref shown for passengers in Terminal, 5xx is shown for airplanes on the apron",
        "ref": "A12",
        "osm_id": 3831837382,
        "osm_type": "node",
        "_category": "gate",
        "_level": 1,
        "_source": "level_1"
      }
    },
    {
      "type": "Feature",
      "geometry": {
        "type": "Point",
        "coordinates": [
          -0.4863296,
          51.4722038
        ]
      },
      "properties": {
        "aeroway": "gate",
        "aeroway:gate:type": "skywalk",
        "alt_ref": "511",
        "level": "1",
        "note": "Axx is ref shown for passengers in Terminal, 5xx is shown for airplanes on the apron",
        "ref": "A11",
        "osm_id": 3831837453,
        "osm_type": "node",
        "_category": "gate",
        "_level": 1,
        "_source": "level_1"
      }
    },
    {
      "type": "Feature",
      "geometry": {
        "type": "Point",
        "coordinates": [
          -0.4863321,
          51.4725932
        ]
      },
      "properties": {
        "aeroway": "gate",
        "aeroway:gate:type": "skywalk",
        "alt_ref": "509",
        "level": "1",
        "note": "Axx is ref shown for passengers in Terminal, 5xx is shown for airplanes on the apron",
        "ref": "A9",
        "osm_id": 3831837607,
        "osm_type": "node",
        "_category": "gate",
        "_level": 1,
        "_source": "level_1"
      }
    },
    {
      "type": "Feature",
      "geometry": {
        "type": "Point",
        "coordinates": [
          -0.4863347,
          51.4729834
        ]
      },
      "properties": {
        "aeroway": "gate",
        "aeroway:gate:type": "skywalk",
        "alt_ref": "508",
        "level": "1",
        "note": "Axx is ref shown for passengers in Terminal, 5xx is shown for airplanes on the apron",
        "ref": "A8",
        "osm_id": 3831837688,
        "osm_type": "node",
        "_category": "gate",
        "_level": 1,
        "_source": "level_1"
      }
    },
    {
      "type": "Feature",
      "geometry": {
        "type": "Point",
        "coordinates": [
          -0.4863379,
          51.4734735
        ]
      },
      "properties": {
        "aeroway": "gate",
        "aeroway:gate:type": "skywalk",
        "alt_ref": "507",
        "level": "1",
        "note": "Axx is ref shown for passengers in Terminal, 5xx is shown for airplanes on the apron",
        "ref": "A7",
        "osm_id": 3831837773,
        "osm_type": "node",
        "_category": "gate",
        "_level": 1,
        "_source": "level_1"
      }
    },
    {
      "type": "Feature",
      "geometry": {
        "type": "Point",
        "coordinates": [
          -0.4887187,
          51.4738285
        ]
      },
      "properties": {
        "aeroway": "gate",
        "aeroway:gate:type": "skywalk",
        "alt_ref": "502",
        "level": "1",
        "note": "Axx is ref shown for passengers in Terminal, 5xx is shown for airplanes on the apron",
        "ref": "A2",
        "osm_id": 3831837912,
        "osm_type": "node",
        "_category": "gate",
        "_level": 1,
        "_source": "level_1"
      }
    },
    {
      "type": "Feature",
      "geometry": {
        "type": "Point",
        "coordinates": [
          -0.4881029,
          51.4738304
        ]
      },
      "properties": {
        "aeroway": "gate",
        "aeroway:gate:type": "skywalk",
        "alt_ref": "503",
        "level": "1",
        "note": "Axx is ref shown for passengers in Terminal, 5xx is shown for airplanes on the apron",
        "ref": "A3",
        "osm_id": 3831837913,
        "osm_type": "node",
        "_category": "gate",
        "_level": 1,
        "_source": "level_1"
      }
    },
    {
      "type": "Feature",
      "geometry": {
        "type": "Point",
        "coordinates": [
          -0.4863405,
          51.4738702
        ]
      },
      "properties": {
        "aeroway": "gate",
        "aeroway:gate:type": "skywalk",
        "alt_ref": "506",
        "level": "1",
        "note": "Axx is ref shown for passengers in Terminal, 5xx is shown for airplanes on the apron",
        "ref": "A6",
        "osm_id": 3831837929,
        "osm_type": "node",
        "_category": "gate",
        "_level": 1,
        "_source": "level_1"
      }
    },
    {
      "type": "Feature",
      "geometry": {
        "type": "Point",
        "coordinates": [
          -0.4893433,
          51.4739689
        ]
      },
      "properties": {
        "aeroway": "gate",
        "aeroway:gate:type": "skywalk",
        "alt_ref": "501",
        "level": "1",
        "note": "Axx is ref shown for passengers in Terminal, 5xx is shown for airplanes on the apron",
        "ref": "A1",
        "osm_id": 3831837957,
        "osm_type": "node",
        "_category": "gate",
        "_level": 1,
        "_source": "level_1"
      }
    },
    {
      "type": "Feature",
      "geometry": {
        "type": "Point",
        "coordinates": [
          -0.451576,
          51.4694522
        ]
      },
      "properties": {
        "entrance": "yes",
        "level": "1",
        "osm_id": 10963006237,
        "osm_type": "node",
        "_category": "area",
        "_level": 1,
        "_source": "level_1"
      }
    },
    {
      "type": "Feature",
      "geometry": {
        "type": "Point",
        "coordinates": [
          -0.4515833,
          51.4701097
        ]
      },
      "properties": {
        "entrance": "yes",
        "level": "1",
        "osm_id": 10963006240,
        "osm_type": "node",
        "_category": "area",
        "_level": 1,
        "_source": "level_1"
      }
    },
    {
      "type": "Feature",
      "geometry": {
        "type": "Point",
        "coordinates": [
          -0.4868503,
          51.4702432
        ]
      },
      "properties": {
        "amenity": "toilets",
        "check_date": "2023-10-08",
        "fee": "no",
        "indoor": "yes",
        "level": "1",
        "level_ref": "1",
        "toilets:disposal": "flush",
        "toilets:handwashing": "yes",
        "toilets:position": "seated;urinal",
        "osm_id": 11247569544,
        "osm_type": "node",
        "_category": "toilet",
        "_level": 1,
        "_source": "level_1"
      }
    },
    {
      "type": "Feature",
      "geometry": {
        "type": "Point",
        "coordinates": [
          -0.4868485,
          51.4702978
        ]
      },
      "properties": {
        "emergency": "defibrillator",
        "indoor": "yes",
        "level": "1",
        "level_ref": "1",
        "osm_id": 11247569545,
        "osm_type": "node",
        "_category": "yes",
        "_level": 1,
        "_source": "level_1"
      }
    },
    {
      "type": "Feature",
      "geometry": {
        "type": "Point",
        "coordinates": [
          -0.4584103,
          51.4709603
        ]
      },
      "properties": {
        "amenity": "post_box",
        "check_date:collection_times": "2025-12-28",
        "collection_times": "Mo-Fr 17:30; Sa 11:45",
        "indoor": "yes",
        "level": "1",
        "operator": "Royal Mail",
        "operator:wikidata": "Q638098",
        "post_box:type": "pillar",
        "ref": "TW6 1113",
        "royal_cypher": "no",
        "osm_id": 12178117162,
        "osm_type": "node",
        "_category": "yes",
        "_level": 1,
        "_source": "level_1"
      }
    },
    {
      "type": "Feature",
      "geometry": {
        "type": "Point",
        "coordinates": [
          -0.4578892,
          51.4698155
        ]
      },
      "properties": {
        "amenity": "post_box",
        "collection_times": "Mo-Fr 17:15; Sa 11:45",
        "indoor": "yes",
        "level": "1",
        "ref": "TW6 113D",
        "royal_cypher": "no",
        "osm_id": 12348700901,
        "osm_type": "node",
        "_category": "yes",
        "_level": 1,
        "_source": "level_1"
      }
    },
    {
      "type": "Feature",
      "geometry": {
        "type": "Point",
        "coordinates": [
          -0.4587884,
          51.4695206
        ]
      },
      "properties": {
        "amenity": "vending_machine",
        "brand": "Coca-Cola",
        "brand:wikidata": "Q2813",
        "drink:cola": "yes",
        "indoor": "yes",
        "level": "1",
        "name": "Coca-Cola",
        "vending": "drinks",
        "osm_id": 12568198972,
        "osm_type": "node",
        "_category": "yes",
        "_level": 1,
        "_source": "level_1"
      }
    },
    {
      "type": "Feature",
      "geometry": {
        "type": "Point",
        "coordinates": [
          -0.4599072,
          51.4706937
        ]
      },
      "properties": {
        "amenity": "vending_machine",
        "brand": "Coca-Cola",
        "brand:wikidata": "Q2813",
        "drink:cola": "yes",
        "indoor": "yes",
        "level": "1",
        "name": "Coca-Cola",
        "vending": "drinks",
        "osm_id": 13414112033,
        "osm_type": "node",
        "_category": "yes",
        "_level": 1,
        "_source": "level_1"
      }
    },
    {
      "type": "Feature",
      "geometry": {
        "type": "Point",
        "coordinates": [
          -0.4600806,
          51.4707559
        ]
      },
      "properties": {
        "emergency": "defibrillator",
        "indoor": "yes",
        "level": "1",
        "osm_id": 13414128781,
        "osm_type": "node",
        "_category": "yes",
        "_level": 1,
        "_source": "level_1"
      }
    },
    {
      "type": "Feature",
      "geometry": {
        "type": "Point",
        "coordinates": [
          -0.4585029,
          51.4693643
        ]
      },
      "properties": {
        "emergency": "defibrillator",
        "indoor": "yes",
        "level": "1",
        "osm_id": 13414174285,
        "osm_type": "node",
        "_category": "yes",
        "_level": 1,
        "_source": "level_1"
      }
    },
    {
      "type": "Feature",
      "geometry": {
        "type": "LineString",
        "coordinates": [
          [
            -0.4874719,
            51.4715687
          ],
          [
            -0.4874684,
            51.4717954
          ],
          [
            -0.4882595,
            51.4718006
          ],
          [
            -0.4884322,
            51.471801
          ]
        ]
      },
      "properties": {
        "highway": "footway",
        "indoor": "yes",
        "level": "1",
        "level_ref": "1",
        "osm_id": 137514830,
        "osm_type": "way",
        "_category": "yes",
        "_level": 1,
        "_source": "level_1"
      }
    },
    {
      "type": "Feature",
      "geometry": {
        "type": "LineString",
        "coordinates": [
          [
            -0.4882578,
            51.4713452
          ],
          [
            -0.4884293,
            51.4713455
          ]
        ]
      },
      "properties": {
        "highway": "footway",
        "indoor": "yes",
        "level": "1",
        "level_ref": "1",
        "osm_id": 137514834,
        "osm_type": "way",
        "_category": "yes",
        "_level": 1,
        "_source": "level_1"
      }
    },
    {
      "type": "Feature",
      "geometry": {
        "type": "LineString",
        "coordinates": [
          [
            -0.4759599,
            51.471067
          ],
          [
            -0.47596,
            51.471036
          ],
          [
            -0.4759617,
            51.4710024
          ],
          [
            -0.4758649,
            51.471001
          ],
          [
            -0.4758192,
            51.4710008
          ],
          [
            -0.4757785,
            51.4710007
          ]
        ]
      },
      "properties": {
        "highway": "footway",
        "indoor": "yes",
        "level": "1",
        "osm_id": 379842499,
        "osm_type": "way",
        "_category": "yes",
        "_level": 1,
        "_source": "level_1"
      }
    },
    {
      "type": "Feature",
      "geometry": {
        "type": "LineString",
        "coordinates": [
          [
            -0.4763178,
            51.4702968
          ],
          [
            -0.4763322,
            51.470297
          ],
          [
            -0.4763486,
            51.4702969
          ]
        ]
      },
      "properties": {
        "highway": "footway",
        "indoor": "yes",
        "level": "1",
        "osm_id": 438299754,
        "osm_type": "way",
        "_category": "yes",
        "_level": 1,
        "_source": "level_1"
      }
    },
    {
      "type": "Feature",
      "geometry": {
        "type": "LineString",
        "coordinates": [
          [
            -0.488951,
            51.4711012
          ],
          [
            -0.4889513,
            51.4711381
          ]
        ]
      },
      "properties": {
        "highway": "footway",
        "indoor": "yes",
        "level": "1",
        "level_ref": "1",
        "osm_id": 1178305510,
        "osm_type": "way",
        "_category": "yes",
        "_level": 1,
        "_source": "level_1"
      }
    },
    {
      "type": "Feature",
      "geometry": {
        "type": "LineString",
        "coordinates": [
          [
            -0.4890545,
            51.4711376
          ],
          [
            -0.4890494,
            51.4710981
          ],
          [
            -0.488951,
            51.4711012
          ]
        ]
      },
      "properties": {
        "highway": "footway",
        "indoor": "yes",
        "level": "1",
        "level_ref": "1",
        "osm_id": 1178305514,
        "osm_type": "way",
        "_category": "yes",
        "_level": 1,
        "_source": "level_1"
      }
    },
    {
      "type": "Feature",
      "geometry": {
        "type": "LineString",
        "coordinates": [
          [
            -0.4895006,
            51.4710384
          ],
          [
            -0.4895393,
            51.4710383
          ]
        ]
      },
      "properties": {
        "highway": "footway",
        "indoor": "yes",
        "level": "1",
        "level_ref": "2",
        "osm_id": 1178305530,
        "osm_type": "way",
        "_category": "yes",
        "_level": 1,
        "_source": "level_1"
      }
    },
    {
      "type": "Feature",
      "geometry": {
        "type": "LineString",
        "coordinates": [
          [
            -0.489502,
            51.4710706
          ],
          [
            -0.4895393,
            51.4710705
          ]
        ]
      },
      "properties": {
        "highway": "footway",
        "indoor": "yes",
        "level": "1",
        "level_ref": "2",
        "osm_id": 1178305534,
        "osm_type": "way",
        "_category": "yes",
        "_level": 1,
        "_source": "level_1"
      }
    },
    {
      "type": "Feature",
      "geometry": {
        "type": "LineString",
        "coordinates": [
          [
            -0.4895403,
            51.4711419
          ],
          [
            -0.4895051,
            51.471142
          ]
        ]
      },
      "properties": {
        "highway": "footway",
        "indoor": "yes",
        "level": "1",
        "level_ref": "2",
        "osm_id": 1178305538,
        "osm_type": "way",
        "_category": "yes",
        "_level": 1,
        "_source": "level_1"
      }
    },
    {
      "type": "Feature",
      "geometry": {
        "type": "LineString",
        "coordinates": [
          [
            -0.4895405,
            51.4711736
          ],
          [
            -0.4895075,
            51.4711737
          ]
        ]
      },
      "properties": {
        "highway": "footway",
        "indoor": "yes",
        "level": "1",
        "level_ref": "2",
        "osm_id": 1178305540,
        "osm_type": "way",
        "_category": "yes",
        "_level": 1,
        "_source": "level_1"
      }
    },
    {
      "type": "Feature",
      "geometry": {
        "type": "LineString",
        "coordinates": [
          [
            -0.489538,
            51.4705167
          ],
          [
            -0.4895055,
            51.4705168
          ]
        ]
      },
      "properties": {
        "highway": "footway",
        "indoor": "yes",
        "level": "1",
        "level_ref": "2",
        "osm_id": 1178305546,
        "osm_type": "way",
        "_category": "yes",
        "_level": 1,
        "_source": "level_1"
      }
    },
    {
      "type": "Feature",
      "geometry": {
        "type": "LineString",
        "coordinates": [
          [
            -0.4759599,
            51.471067
          ],
          [
            -0.4759606,
            51.4710891
          ],
          [
            -0.4759609,
            51.4710973
          ],
          [
            -0.4759625,
            51.4711425
          ]
        ]
      },
      "properties": {
        "highway": "footway",
        "indoor": "yes",
        "level": "1",
        "osm_id": 1178360769,
        "osm_type": "way",
        "_category": "yes",
        "_level": 1,
        "_source": "level_1"
      }
    },
    {
      "type": "Feature",
      "geometry": {
        "type": "LineString",
        "coordinates": [
          [
            -0.4757785,
            51.4710007
          ],
          [
            -0.4757604,
            51.4710007
          ],
          [
            -0.4755366,
            51.4711255
          ],
          [
            -0.4755168,
            51.4711256
          ]
        ]
      },
      "properties": {
        "highway": "footway",
        "indoor": "yes",
        "level": "1",
        "osm_id": 1178360793,
        "osm_type": "way",
        "_category": "yes",
        "_level": 1,
        "_source": "level_1"
      }
    },
    {
      "type": "Feature",
      "geometry": {
        "type": "LineString",
        "coordinates": [
          [
            -0.4759617,
            51.4710024
          ],
          [
            -0.4759603,
            51.4709634
          ],
          [
            -0.4759593,
            51.470933
          ]
        ]
      },
      "properties": {
        "highway": "footway",
        "indoor": "yes",
        "level": "1",
        "osm_id": 1178360794,
        "osm_type": "way",
        "_category": "yes",
        "_level": 1,
        "_source": "level_1"
      }
    },
    {
      "type": "Feature",
      "geometry": {
        "type": "LineString",
        "coordinates": [
          [
            -0.4889532,
            51.4717088
          ],
          [
            -0.4889536,
            51.4717457
          ],
          [
            -0.4890565,
            51.4717453
          ],
          [
            -0.4890564,
            51.4717084
          ]
        ]
      },
      "properties": {
        "highway": "footway",
        "indoor": "yes",
        "level": "1",
        "level_ref": "1",
        "osm_id": 1179702381,
        "osm_type": "way",
        "_category": "yes",
        "_level": 1,
        "_source": "level_1"
      }
    },
    {
      "type": "Feature",
      "geometry": {
        "type": "LineString",
        "coordinates": [
          [
            -0.4895529,
            51.472718
          ],
          [
            -0.4895532,
            51.4727602
          ],
          [
            -0.4895554,
            51.4730199
          ],
          [
            -0.4894914,
            51.4730202
          ],
          [
            -0.4894924,
            51.4730339
          ]
        ]
      },
      "properties": {
        "covered": "yes",
        "highway": "footway",
        "indoor": "yes",
        "level": "1",
        "level_ref": "2",
        "osm_id": 1179767732,
        "osm_type": "way",
        "_category": "yes",
        "_level": 1,
        "_source": "level_1"
      }
    },
    {
      "type": "Feature",
      "geometry": {
        "type": "LineString",
        "coordinates": [
          [
            -0.4895204,
            51.4727922
          ],
          [
            -0.4895535,
            51.4727921
          ]
        ]
      },
      "properties": {
        "covered": "yes",
        "highway": "footway",
        "indoor": "yes",
        "level": "1",
        "level_ref": "2",
        "osm_id": 1179767762,
        "osm_type": "way",
        "_category": "yes",
        "_level": 1,
        "_source": "level_1"
      }
    },
    {
      "type": "Feature",
      "geometry": {
        "type": "LineString",
        "coordinates": [
          [
            -0.4895529,
            51.472718
          ],
          [
            -0.4895527,
            51.472689
          ],
          [
            -0.4895524,
            51.4726568
          ],
          [
            -0.4895135,
            51.4726569
          ]
        ]
      },
      "properties": {
        "covered": "yes",
        "highway": "footway",
        "indoor": "yes",
        "level": "1",
        "level_ref": "2",
        "osm_id": 1179767764,
        "osm_type": "way",
        "_category": "yes",
        "_level": 1,
        "_source": "level_1"
      }
    },
    {
      "type": "Feature",
      "geometry": {
        "type": "LineString",
        "coordinates": [
          [
            -0.4883977,
            51.4717265
          ],
          [
            -0.4882592,
            51.4717258
          ]
        ]
      },
      "properties": {
        "highway": "footway",
        "indoor": "yes",
        "level": "1",
        "level_ref": "1",
        "osm_id": 1179775336,
        "osm_type": "way",
        "_category": "yes",
        "_level": 1,
        "_source": "level_1"
      }
    },
    {
      "type": "Feature",
      "geometry": {
        "type": "LineString",
        "coordinates": [
          [
            -0.4882589,
            51.4716446
          ],
          [
            -0.4883964,
            51.4716451
          ]
        ]
      },
      "properties": {
        "highway": "footway",
        "indoor": "yes",
        "level": "1",
        "level_ref": "1",
        "osm_id": 1179775339,
        "osm_type": "way",
        "_category": "yes",
        "_level": 1,
        "_source": "level_1"
      }
    },
    {
      "type": "Feature",
      "geometry": {
        "type": "LineString",
        "coordinates": [
          [
            -0.4885382,
            51.4730886
          ],
          [
            -0.4884961,
            51.473088
          ]
        ]
      },
      "properties": {
        "highway": "footway",
        "indoor": "yes",
        "level": "1",
        "level_ref": "1",
        "osm_id": 1179775346,
        "osm_type": "way",
        "_category": "yes",
        "_level": 1,
        "_source": "level_1"
      }
    },
    {
      "type": "Feature",
      "geometry": {
        "type": "LineString",
        "coordinates": [
          [
            -0.4887213,
            51.4731129
          ],
          [
            -0.488722,
            51.4730874
          ],
          [
            -0.4886314,
            51.473088
          ],
          [
            -0.4885382,
            51.4730886
          ]
        ]
      },
      "properties": {
        "highway": "footway",
        "indoor": "yes",
        "level": "1",
        "level_ref": "1",
        "osm_id": 1179775347,
        "osm_type": "way",
        "_category": "yes",
        "_level": 1,
        "_source": "level_1"
      }
    },
    {
      "type": "Feature",
      "geometry": {
        "type": "LineString",
        "coordinates": [
          [
            -0.4895399,
            51.4710995
          ],
          [
            -0.4895403,
            51.4711419
          ],
          [
            -0.4895405,
            51.4711736
          ],
          [
            -0.489536,
            51.4714288
          ],
          [
            -0.4895422,
            51.4716827
          ]
        ]
      },
      "properties": {
        "highway": "footway",
        "indoor": "yes",
        "level": "1",
        "level_ref": "2",
        "osm_id": 1179782491,
        "osm_type": "way",
        "_category": "yes",
        "_level": 1,
        "_source": "level_1"
      }
    },
    {
      "type": "Feature",
      "geometry": {
        "type": "LineString",
        "coordinates": [
          [
            -0.4763583,
            51.4715616
          ],
          [
            -0.4763525,
            51.4712698
          ],
          [
            -0.4763523,
            51.4712604
          ],
          [
            -0.476323,
            51.4712605
          ]
        ]
      },
      "properties": {
        "highway": "footway",
        "indoor": "yes",
        "level": "1",
        "osm_id": 1179806584,
        "osm_type": "way",
        "_category": "yes",
        "_level": 1,
        "_source": "level_1"
      }
    },
    {
      "type": "Feature",
      "geometry": {
        "type": "LineString",
        "coordinates": [
          [
            -0.4763617,
            51.4720394
          ],
          [
            -0.4763615,
            51.4720225
          ],
          [
            -0.4763585,
            51.4715825
          ],
          [
            -0.4763583,
            51.4715616
          ],
          [
            -0.4763245,
            51.4715616
          ]
        ]
      },
      "properties": {
        "highway": "footway",
        "indoor": "yes",
        "level": "1",
        "osm_id": 1179806594,
        "osm_type": "way",
        "_category": "yes",
        "_level": 1,
        "_source": "level_1"
      }
    },
    {
      "type": "Feature",
      "geometry": {
        "type": "LineString",
        "coordinates": [
          [
            -0.4758225,
            51.4715678
          ],
          [
            -0.4758251,
            51.4720219
          ],
          [
            -0.4758252,
            51.4720428
          ],
          [
            -0.4758721,
            51.4720436
          ],
          [
            -0.4763617,
            51.4720394
          ],
          [
            -0.4763616,
            51.4720703
          ]
        ]
      },
      "properties": {
        "highway": "footway",
        "indoor": "yes",
        "level": "1",
        "osm_id": 1179806595,
        "osm_type": "way",
        "_category": "yes",
        "_level": 1,
        "_source": "level_1"
      }
    },
    {
      "type": "Feature",
      "geometry": {
        "type": "LineString",
        "coordinates": [
          [
            -0.4758172,
            51.4712149
          ],
          [
            -0.4758222,
            51.4715436
          ],
          [
            -0.4758225,
            51.4715678
          ],
          [
            -0.4758679,
            51.4715683
          ]
        ]
      },
      "properties": {
        "highway": "footway",
        "indoor": "yes",
        "level": "1",
        "osm_id": 1179806599,
        "osm_type": "way",
        "_category": "yes",
        "_level": 1,
        "_source": "level_1"
      }
    },
    {
      "type": "Feature",
      "geometry": {
        "type": "LineString",
        "coordinates": [
          [
            -0.4758219,
            51.4707153
          ],
          [
            -0.4758192,
            51.4710008
          ],
          [
            -0.4758174,
            51.4711953
          ],
          [
            -0.4758172,
            51.4712149
          ],
          [
            -0.4758661,
            51.4712157
          ]
        ]
      },
      "properties": {
        "highway": "footway",
        "indoor": "yes",
        "level": "1",
        "osm_id": 1179806606,
        "osm_type": "way",
        "_category": "yes",
        "_level": 1,
        "_source": "level_1"
      }
    },
    {
      "type": "Feature",
      "geometry": {
        "type": "LineString",
        "coordinates": [
          [
            -0.4758246,
            51.4703808
          ],
          [
            -0.475822,
            51.4706944
          ],
          [
            -0.4758219,
            51.4707153
          ],
          [
            -0.475863,
            51.4707149
          ]
        ]
      },
      "properties": {
        "highway": "footway",
        "indoor": "yes",
        "level": "1",
        "osm_id": 1179806607,
        "osm_type": "way",
        "_category": "yes",
        "_level": 1,
        "_source": "level_1"
      }
    },
    {
      "type": "Feature",
      "geometry": {
        "type": "LineString",
        "coordinates": [
          [
            -0.4763486,
            51.4702969
          ],
          [
            -0.4763677,
            51.4702976
          ],
          [
            -0.4763596,
            51.4706686
          ],
          [
            -0.476359,
            51.4706953
          ],
          [
            -0.47632,
            51.4706961
          ]
        ]
      },
      "properties": {
        "highway": "footway",
        "indoor": "yes",
        "level": "1",
        "osm_id": 1179806611,
        "osm_type": "way",
        "_category": "yes",
        "_level": 1,
        "_source": "level_1"
      }
    },
    {
      "type": "Feature",
      "geometry": {
        "type": "LineString",
        "coordinates": [
          [
            -0.4758232,
            51.4699981
          ],
          [
            -0.4758245,
            51.4703649
          ],
          [
            -0.4758246,
            51.4703808
          ],
          [
            -0.4758608,
            51.4703808
          ]
        ]
      },
      "properties": {
        "highway": "footway",
        "indoor": "yes",
        "level": "1",
        "osm_id": 1179806615,
        "osm_type": "way",
        "_category": "yes",
        "_level": 1,
        "_source": "level_1"
      }
    },
    {
      "type": "Feature",
      "geometry": {
        "type": "LineString",
        "coordinates": [
          [
            -0.4763486,
            51.4702969
          ],
          [
            -0.476355,
            51.4699944
          ],
          [
            -0.4763162,
            51.4699948
          ],
          [
            -0.4759587,
            51.4699961
          ],
          [
            -0.4758594,
            51.4699969
          ],
          [
            -0.4758232,
            51.4699981
          ],
          [
            -0.4758199,
            51.4699405
          ]
        ]
      },
      "properties": {
        "highway": "footway",
        "indoor": "yes",
        "level": "1",
        "osm_id": 1179806623,
        "osm_type": "way",
        "_category": "yes",
        "_level": 1,
        "_source": "level_1"
      }
    },
    {
      "type": "Feature",
      "geometry": {
        "type": "LineString",
        "coordinates": [
          [
            -0.4870309,
            51.4710963
          ],
          [
            -0.4869866,
            51.4710964
          ]
        ]
      },
      "properties": {
        "highway": "footway",
        "indoor": "yes",
        "level": "1",
        "level_ref": "1",
        "osm_id": 1179822454,
        "osm_type": "way",
        "_category": "yes",
        "_level": 1,
        "_source": "level_1"
      }
    },
    {
      "type": "Feature",
      "geometry": {
        "type": "LineString",
        "coordinates": [
          [
            -0.4870312,
            51.4711193
          ],
          [
            -0.4870316,
            51.4711416
          ],
          [
            -0.4869872,
            51.4711417
          ]
        ]
      },
      "properties": {
        "highway": "footway",
        "indoor": "yes",
        "level": "1",
        "level_ref": "1",
        "osm_id": 1179822457,
        "osm_type": "way",
        "_category": "yes",
        "_level": 1,
        "_source": "level_1"
      }
    },
    {
      "type": "Feature",
      "geometry": {
        "type": "LineString",
        "coordinates": [
          [
            -0.4870309,
            51.4710963
          ],
          [
            -0.4870312,
            51.4711193
          ],
          [
            -0.4869869,
            51.4711194
          ]
        ]
      },
      "properties": {
        "highway": "footway",
        "indoor": "yes",
        "level": "1",
        "level_ref": "1",
        "osm_id": 1179822458,
        "osm_type": "way",
        "_category": "yes",
        "_level": 1,
        "_source": "level_1"
      }
    },
    {
      "type": "Feature",
      "geometry": {
        "type": "LineString",
        "coordinates": [
          [
            -0.4868888,
            51.4706831
          ],
          [
            -0.4869432,
            51.4706827
          ]
        ]
      },
      "properties": {
        "highway": "footway",
        "indoor": "yes",
        "level": "1",
        "level_ref": "1",
        "osm_id": 1179822475,
        "osm_type": "way",
        "_category": "yes",
        "_level": 1,
        "_source": "level_1"
      }
    },
    {
      "type": "Feature",
      "geometry": {
        "type": "LineString",
        "coordinates": [
          [
            -0.486889,
            51.4707293
          ],
          [
            -0.4868888,
            51.4706831
          ],
          [
            -0.4868882,
            51.4706467
          ],
          [
            -0.4869439,
            51.4706463
          ]
        ]
      },
      "properties": {
        "highway": "footway",
        "indoor": "yes",
        "level": "1",
        "level_ref": "1",
        "osm_id": 1179822477,
        "osm_type": "way",
        "_category": "yes",
        "_level": 1,
        "_source": "level_1"
      }
    },
    {
      "type": "Feature",
      "geometry": {
        "type": "LineString",
        "coordinates": [
          [
            -0.4868904,
            51.4707655
          ],
          [
            -0.4868909,
            51.4708063
          ],
          [
            -0.4869476,
            51.4708059
          ]
        ]
      },
      "properties": {
        "highway": "footway",
        "indoor": "yes",
        "level": "1",
        "level_ref": "1",
        "osm_id": 1179822479,
        "osm_type": "way",
        "_category": "yes",
        "_level": 1,
        "_source": "level_1"
      }
    },
    {
      "type": "Feature",
      "geometry": {
        "type": "LineString",
        "coordinates": [
          [
            -0.4869508,
            51.4707291
          ],
          [
            -0.486889,
            51.4707293
          ],
          [
            -0.4868904,
            51.4707655
          ],
          [
            -0.4869488,
            51.4707653
          ]
        ]
      },
      "properties": {
        "highway": "footway",
        "indoor": "yes",
        "level": "1",
        "level_ref": "1",
        "osm_id": 1179822480,
        "osm_type": "way",
        "_category": "yes",
        "_level": 1,
        "_source": "level_1"
      }
    },
    {
      "type": "Feature",
      "geometry": {
        "type": "LineString",
        "coordinates": [
          [
            -0.4811913,
            51.4709746
          ],
          [
            -0.4810205,
            51.4709729
          ]
        ]
      },
      "properties": {
        "highway": "footway",
        "indoor": "yes",
        "level": "1",
        "osm_id": 1179971705,
        "osm_type": "way",
        "_category": "yes",
        "_level": 1,
        "_source": "level_1"
      }
    },
    {
      "type": "Feature",
      "geometry": {
        "type": "LineString",
        "coordinates": [
          [
            -0.4811902,
            51.4710264
          ],
          [
            -0.4810199,
            51.4710248
          ]
        ]
      },
      "properties": {
        "highway": "footway",
        "indoor": "yes",
        "level": "1",
        "osm_id": 1179971706,
        "osm_type": "way",
        "_category": "yes",
        "_level": 1,
        "_source": "level_1"
      }
    },
    {
      "type": "Feature",
      "geometry": {
        "type": "LineString",
        "coordinates": [
          [
            -0.4810194,
            51.4710583
          ],
          [
            -0.4811895,
            51.4710591
          ],
          [
            -0.4811902,
            51.4710264
          ],
          [
            -0.4811907,
            51.4709998
          ],
          [
            -0.4811909,
            51.4709932
          ],
          [
            -0.4811913,
            51.4709746
          ],
          [
            -0.481192,
            51.4709369
          ],
          [
            -0.4810205,
            51.4709372
          ]
        ]
      },
      "properties": {
        "highway": "footway",
        "indoor": "yes",
        "level": "1",
        "osm_id": 1179971707,
        "osm_type": "way",
        "_category": "yes",
        "_level": 1,
        "_source": "level_1"
      }
    },
    {
      "type": "Feature",
      "geometry": {
        "type": "LineString",
        "coordinates": [
          [
            -0.4870326,
            51.471177
          ],
          [
            -0.4869515,
            51.4711771
          ],
          [
            -0.486892,
            51.4711781
          ]
        ]
      },
      "properties": {
        "highway": "footway",
        "indoor": "yes",
        "level": "1",
        "level_ref": "1",
        "osm_id": 1179977548,
        "osm_type": "way",
        "_category": "yes",
        "_level": 1,
        "_source": "level_1"
      }
    },
    {
      "type": "Feature",
      "geometry": {
        "type": "LineString",
        "coordinates": [
          [
            -0.4869515,
            51.4711771
          ],
          [
            -0.4869517,
            51.4711872
          ],
          [
            -0.4869524,
            51.4712238
          ],
          [
            -0.4869542,
            51.4713128
          ],
          [
            -0.4868911,
            51.4713133
          ],
          [
            -0.4868156,
            51.4713139
          ]
        ]
      },
      "properties": {
        "highway": "footway",
        "indoor": "yes",
        "level": "1",
        "level_ref": "1",
        "osm_id": 1179977552,
        "osm_type": "way",
        "_category": "yes",
        "_level": 1,
        "_source": "level_1"
      }
    },
    {
      "type": "Feature",
      "geometry": {
        "type": "LineString",
        "coordinates": [
          [
            -0.4884961,
            51.473088
          ],
          [
            -0.488249,
            51.4730891
          ],
          [
            -0.4882486,
            51.4730583
          ],
          [
            -0.4882485,
            51.4730486
          ]
        ]
      },
      "properties": {
        "highway": "footway",
        "indoor": "yes",
        "level": "1",
        "level_ref": "1",
        "osm_id": 1179989961,
        "osm_type": "way",
        "_category": "yes",
        "_level": 1,
        "_source": "level_1"
      }
    },
    {
      "type": "Feature",
      "geometry": {
        "type": "LineString",
        "coordinates": [
          [
            -0.4880144,
            51.4732924
          ],
          [
            -0.4880109,
            51.4732463
          ]
        ]
      },
      "properties": {
        "highway": "footway",
        "indoor": "yes",
        "level": "1",
        "level_ref": "1",
        "osm_id": 1180025345,
        "osm_type": "way",
        "_category": "yes",
        "_level": 1,
        "_source": "level_1"
      }
    },
    {
      "type": "Feature",
      "geometry": {
        "type": "LineString",
        "coordinates": [
          [
            -0.4880567,
            51.4732924
          ],
          [
            -0.4880539,
            51.4732462
          ]
        ]
      },
      "properties": {
        "highway": "footway",
        "indoor": "yes",
        "level": "1",
        "level_ref": "1",
        "osm_id": 1180025346,
        "osm_type": "way",
        "_category": "yes",
        "_level": 1,
        "_source": "level_1"
      }
    },
    {
      "type": "Feature",
      "geometry": {
        "type": "LineString",
        "coordinates": [
          [
            -0.4875282,
            51.4732469
          ],
          [
            -0.4875304,
            51.473292
          ]
        ]
      },
      "properties": {
        "highway": "footway",
        "indoor": "yes",
        "level": "1",
        "level_ref": "1",
        "osm_id": 1180025347,
        "osm_type": "way",
        "_category": "yes",
        "_level": 1,
        "_source": "level_1"
      }
    },
    {
      "type": "Feature",
      "geometry": {
        "type": "LineString",
        "coordinates": [
          [
            -0.4883565,
            51.4732457
          ],
          [
            -0.4883564,
            51.4732921
          ]
        ]
      },
      "properties": {
        "highway": "footway",
        "indoor": "yes",
        "level": "1",
        "level_ref": "1",
        "osm_id": 1180025348,
        "osm_type": "way",
        "_category": "yes",
        "_level": 1,
        "_source": "level_1"
      }
    },
    {
      "type": "Feature",
      "geometry": {
        "type": "LineString",
        "coordinates": [
          [
            -0.4886568,
            51.4732464
          ],
          [
            -0.4886612,
            51.4732917
          ]
        ]
      },
      "properties": {
        "highway": "footway",
        "indoor": "yes",
        "level": "1",
        "level_ref": "1",
        "osm_id": 1180025349,
        "osm_type": "way",
        "_category": "yes",
        "_level": 1,
        "_source": "level_1"
      }
    },
    {
      "type": "Feature",
      "geometry": {
        "type": "LineString",
        "coordinates": [
          [
            -0.4874034,
            51.4732474
          ],
          [
            -0.4874025,
            51.4732918
          ]
        ]
      },
      "properties": {
        "highway": "footway",
        "indoor": "yes",
        "level": "1",
        "level_ref": "1",
        "osm_id": 1180025350,
        "osm_type": "way",
        "_category": "yes",
        "_level": 1,
        "_source": "level_1"
      }
    },
    {
      "type": "Feature",
      "geometry": {
        "type": "LineString",
        "coordinates": [
          [
            -0.4868774,
            51.4732906
          ],
          [
            -0.4874025,
            51.4732918
          ],
          [
            -0.4874145,
            51.4732921
          ],
          [
            -0.4874485,
            51.4732922
          ],
          [
            -0.4875304,
            51.473292
          ],
          [
            -0.4875553,
            51.473292
          ],
          [
            -0.4877282,
            51.4732918
          ],
          [
            -0.4877622,
            51.4732918
          ],
          [
            -0.4879753,
            51.4732925
          ],
          [
            -0.4880144,
            51.4732924
          ],
          [
            -0.4880567,
            51.4732924
          ],
          [
            -0.4881038,
            51.4732923
          ],
          [
            -0.4883051,
            51.4732921
          ],
          [
            -0.4883564,
            51.4732921
          ],
          [
            -0.488608,
            51.4732918
          ],
          [
            -0.4886612,
            51.4732917
          ],
          [
            -0.4889251,
            51.4732915
          ],
          [
            -0.4889818,
            51.4732914
          ],
          [
            -0.4889817,
            51.4732454
          ]
        ]
      },
      "properties": {
        "highway": "footway",
        "indoor": "yes",
        "level": "1",
        "level_ref": "1",
        "osm_id": 1180025351,
        "osm_type": "way",
        "_category": "yes",
        "_level": 1,
        "_source": "level_1"
      }
    },
    {
      "type": "Feature",
      "geometry": {
        "type": "LineString",
        "coordinates": [
          [
            -0.4868182,
            51.4721557
          ],
          [
            -0.4868372,
            51.4721558
          ],
          [
            -0.4868873,
            51.4721559
          ]
        ]
      },
      "properties": {
        "highway": "footway",
        "indoor": "yes",
        "level": "1",
        "level_ref": "1",
        "osm_id": 1180025368,
        "osm_type": "way",
        "_category": "yes",
        "_level": 1,
        "_source": "level_1"
      }
    },
    {
      "type": "Feature",
      "geometry": {
        "type": "LineString",
        "coordinates": [
          [
            -0.4868054,
            51.4724949
          ],
          [
            -0.4868271,
            51.4724947
          ],
          [
            -0.4868829,
            51.4724952
          ]
        ]
      },
      "properties": {
        "highway": "footway",
        "indoor": "yes",
        "level": "1",
        "level_ref": "1",
        "osm_id": 1180025369,
        "osm_type": "way",
        "_category": "yes",
        "_level": 1,
        "_source": "level_1"
      }
    },
    {
      "type": "Feature",
      "geometry": {
        "type": "LineString",
        "coordinates": [
          [
            -0.4868105,
            51.4710482
          ],
          [
            -0.48682,
            51.4710483
          ],
          [
            -0.4868889,
            51.4710489
          ],
          [
            -0.486892,
            51.4711781
          ],
          [
            -0.4868911,
            51.4713133
          ],
          [
            -0.4868883,
            51.471716
          ],
          [
            -0.4868873,
            51.4721559
          ],
          [
            -0.4868829,
            51.4724952
          ],
          [
            -0.4868812,
            51.4727366
          ],
          [
            -0.4868774,
            51.4732906
          ]
        ]
      },
      "properties": {
        "highway": "footway",
        "indoor": "yes",
        "level": "1",
        "level_ref": "1",
        "osm_id": 1180025374,
        "osm_type": "way",
        "_category": "yes",
        "_level": 1,
        "_source": "level_1"
      }
    },
    {
      "type": "Feature",
      "geometry": {
        "type": "LineString",
        "coordinates": [
          [
            -0.486929,
            51.4699697
          ],
          [
            -0.4869309,
            51.4699167
          ]
        ]
      },
      "properties": {
        "highway": "footway",
        "indoor": "yes",
        "level": "1",
        "level_ref": "1",
        "osm_id": 1180025438,
        "osm_type": "way",
        "_category": "yes",
        "_level": 1,
        "_source": "level_1"
      }
    },
    {
      "type": "Feature",
      "geometry": {
        "type": "LineString",
        "coordinates": [
          [
            -0.4878087,
            51.4699125
          ],
          [
            -0.4878081,
            51.4699685
          ]
        ]
      },
      "properties": {
        "highway": "footway",
        "indoor": "yes",
        "level": "1",
        "level_ref": "1",
        "osm_id": 1180025439,
        "osm_type": "way",
        "_category": "yes",
        "_level": 1,
        "_source": "level_1"
      }
    },
    {
      "type": "Feature",
      "geometry": {
        "type": "LineString",
        "coordinates": [
          [
            -0.4886113,
            51.469911
          ],
          [
            -0.4886128,
            51.4699673
          ]
        ]
      },
      "properties": {
        "highway": "footway",
        "indoor": "yes",
        "level": "1",
        "level_ref": "1",
        "osm_id": 1180025440,
        "osm_type": "way",
        "_category": "yes",
        "_level": 1,
        "_source": "level_1"
      }
    },
    {
      "type": "Feature",
      "geometry": {
        "type": "LineString",
        "coordinates": [
          [
            -0.4873614,
            51.4699146
          ],
          [
            -0.4873617,
            51.4699691
          ]
        ]
      },
      "properties": {
        "highway": "footway",
        "indoor": "yes",
        "level": "1",
        "level_ref": "1",
        "osm_id": 1180025441,
        "osm_type": "way",
        "_category": "yes",
        "_level": 1,
        "_source": "level_1"
      }
    },
    {
      "type": "Feature",
      "geometry": {
        "type": "LineString",
        "coordinates": [
          [
            -0.4881806,
            51.469968
          ],
          [
            -0.4881815,
            51.4699114
          ]
        ]
      },
      "properties": {
        "highway": "footway",
        "indoor": "yes",
        "level": "1",
        "level_ref": "1",
        "osm_id": 1180025443,
        "osm_type": "way",
        "_category": "yes",
        "_level": 1,
        "_source": "level_1"
      }
    },
    {
      "type": "Feature",
      "geometry": {
        "type": "LineString",
        "coordinates": [
          [
            -0.4890124,
            51.4699668
          ],
          [
            -0.4890123,
            51.4699103
          ]
        ]
      },
      "properties": {
        "highway": "footway",
        "indoor": "yes",
        "level": "1",
        "level_ref": "1",
        "osm_id": 1180025444,
        "osm_type": "way",
        "_category": "yes",
        "_level": 1,
        "_source": "level_1"
      }
    },
    {
      "type": "Feature",
      "geometry": {
        "type": "LineString",
        "coordinates": [
          [
            -0.4868882,
            51.4706467
          ],
          [
            -0.4868879,
            51.4705595
          ],
          [
            -0.4868876,
            51.4705217
          ],
          [
            -0.4868873,
            51.4704356
          ],
          [
            -0.4868856,
            51.4699698
          ],
          [
            -0.486929,
            51.4699697
          ],
          [
            -0.4869683,
            51.4699697
          ],
          [
            -0.4873617,
            51.4699691
          ],
          [
            -0.4874051,
            51.4699691
          ],
          [
            -0.4878081,
            51.4699685
          ],
          [
            -0.487838,
            51.4699684
          ],
          [
            -0.4881806,
            51.469968
          ],
          [
            -0.4882115,
            51.4699679
          ],
          [
            -0.4886128,
            51.4699673
          ],
          [
            -0.4886543,
            51.4699673
          ],
          [
            -0.4890124,
            51.4699668
          ],
          [
            -0.4890456,
            51.4699667
          ]
        ]
      },
      "properties": {
        "highway": "footway",
        "indoor": "yes",
        "level": "1",
        "level_ref": "1",
        "osm_id": 1180025446,
        "osm_type": "way",
        "_category": "yes",
        "_level": 1,
        "_source": "level_1"
      }
    },
    {
      "type": "Feature",
      "geometry": {
        "type": "LineString",
        "coordinates": [
          [
            -0.4514446,
            51.4685387
          ],
          [
            -0.4514471,
            51.4684664
          ],
          [
            -0.4514171,
            51.4684818
          ]
        ]
      },
      "properties": {
        "highway": "footway",
        "indoor": "yes",
        "level": "1",
        "osm_id": 1180056082,
        "osm_type": "way",
        "_category": "yes",
        "_level": 1,
        "_source": "level_1"
      }
    },
    {
      "type": "Feature",
      "geometry": {
        "type": "LineString",
        "coordinates": [
          [
            -0.4509353,
            51.4687463
          ],
          [
            -0.4510012,
            51.4687206
          ],
          [
            -0.4513923,
            51.4687207
          ],
          [
            -0.4513951,
            51.4686021
          ],
          [
            -0.4514421,
            51.4685476
          ],
          [
            -0.4514446,
            51.4685387
          ],
          [
            -0.4513809,
            51.4685571
          ],
          [
            -0.4513414,
            51.4685573
          ]
        ]
      },
      "properties": {
        "highway": "footway",
        "indoor": "yes",
        "level": "1",
        "osm_id": 1180056084,
        "osm_type": "way",
        "_category": "yes",
        "_level": 1,
        "_source": "level_1"
      }
    },
    {
      "type": "Feature",
      "geometry": {
        "type": "LineString",
        "coordinates": [
          [
            -0.4506943,
            51.4687454
          ],
          [
            -0.4506554,
            51.4687429
          ],
          [
            -0.4506557,
            51.4685592
          ],
          [
            -0.4506553,
            51.4684715
          ],
          [
            -0.450699,
            51.4684728
          ],
          [
            -0.4507358,
            51.468474
          ]
        ]
      },
      "properties": {
        "highway": "footway",
        "indoor": "yes",
        "level": "1",
        "osm_id": 1180056087,
        "osm_type": "way",
        "_category": "yes",
        "_level": 1,
        "_source": "level_1"
      }
    },
    {
      "type": "Feature",
      "geometry": {
        "type": "LineString",
        "coordinates": [
          [
            -0.4508378,
            51.4687454
          ],
          [
            -0.4508089,
            51.4687454
          ],
          [
            -0.4507727,
            51.4687454
          ],
          [
            -0.4507278,
            51.4687454
          ],
          [
            -0.4506943,
            51.4687454
          ]
        ]
      },
      "properties": {
        "highway": "footway",
        "indoor": "yes",
        "level": "1",
        "osm_id": 1180056096,
        "osm_type": "way",
        "_category": "yes",
        "_level": 1,
        "_source": "level_1"
      }
    },
    {
      "type": "Feature",
      "geometry": {
        "type": "LineString",
        "coordinates": [
          [
            -0.4499208,
            51.4689376
          ],
          [
            -0.4508418,
            51.4689184
          ],
          [
            -0.4508378,
            51.4687454
          ],
          [
            -0.4508552,
            51.4687458
          ],
          [
            -0.4508793,
            51.4687458
          ],
          [
            -0.4509173,
            51.4687462
          ],
          [
            -0.4509353,
            51.4687463
          ]
        ]
      },
      "properties": {
        "highway": "footway",
        "indoor": "yes",
        "level": "1",
        "osm_id": 1180056097,
        "osm_type": "way",
        "_category": "yes",
        "_level": 1,
        "_source": "level_1"
      }
    },
    {
      "type": "Feature",
      "geometry": {
        "type": "LineString",
        "coordinates": [
          [
            -0.4493761,
            51.4689412
          ],
          [
            -0.4493795,
            51.4686905
          ],
          [
            -0.449355,
            51.4686906
          ],
          [
            -0.4493286,
            51.4686908
          ],
          [
            -0.4492968,
            51.4686911
          ]
        ]
      },
      "properties": {
        "highway": "footway",
        "indoor": "yes",
        "level": "1",
        "osm_id": 1180056109,
        "osm_type": "way",
        "_category": "yes",
        "_level": 1,
        "_source": "level_1"
      }
    },
    {
      "type": "Feature",
      "geometry": {
        "type": "LineString",
        "coordinates": [
          [
            -0.4490541,
            51.4703795
          ],
          [
            -0.4490534,
            51.4703404
          ],
          [
            -0.4490246,
            51.4703411
          ],
          [
            -0.4490081,
            51.4703415
          ],
          [
            -0.4489797,
            51.4703421
          ],
          [
            -0.4489803,
            51.4703803
          ]
        ]
      },
      "properties": {
        "highway": "footway",
        "indoor": "yes",
        "level": "1",
        "osm_id": 1180056112,
        "osm_type": "way",
        "_category": "yes",
        "_level": 1,
        "_source": "level_1"
      }
    },
    {
      "type": "Feature",
      "geometry": {
        "type": "LineString",
        "coordinates": [
          [
            -0.4498608,
            51.4689388
          ],
          [
            -0.4499027,
            51.4689378
          ],
          [
            -0.4499208,
            51.4689376
          ]
        ]
      },
      "properties": {
        "highway": "footway",
        "indoor": "yes",
        "level": "1",
        "osm_id": 1180056130,
        "osm_type": "way",
        "_category": "yes",
        "_level": 1,
        "_source": "level_1"
      }
    },
    {
      "type": "Feature",
      "geometry": {
        "type": "LineString",
        "coordinates": [
          [
            -0.4486095,
            51.468943
          ],
          [
            -0.4493761,
            51.4689412
          ],
          [
            -0.4498608,
            51.4689388
          ],
          [
            -0.4498618,
            51.4689553
          ],
          [
            -0.4498608,
            51.4689727
          ],
          [
            -0.4498605,
            51.4689881
          ],
          [
            -0.4498604,
            51.4689956
          ],
          [
            -0.4498601,
            51.4690111
          ]
        ]
      },
      "properties": {
        "highway": "footway",
        "indoor": "yes",
        "level": "1",
        "osm_id": 1180056131,
        "osm_type": "way",
        "_category": "yes",
        "_level": 1,
        "_source": "level_1"
      }
    },
    {
      "type": "Feature",
      "geometry": {
        "type": "LineString",
        "coordinates": [
          [
            -0.4484397,
            51.4689639
          ],
          [
            -0.4484385,
            51.4689414
          ],
          [
            -0.4486095,
            51.468943
          ],
          [
            -0.4486135,
            51.4689923
          ]
        ]
      },
      "properties": {
        "highway": "footway",
        "indoor": "yes",
        "level": "1",
        "osm_id": 1180056134,
        "osm_type": "way",
        "_category": "yes",
        "_level": 1,
        "_source": "level_1"
      }
    },
    {
      "type": "Feature",
      "geometry": {
        "type": "LineString",
        "coordinates": [
          [
            -0.4484438,
            51.4690204
          ],
          [
            -0.4484399,
            51.4689704
          ]
        ]
      },
      "properties": {
        "highway": "footway",
        "indoor": "yes",
        "level": "1",
        "osm_id": 1180056140,
        "osm_type": "way",
        "_category": "yes",
        "_level": 1,
        "_source": "level_1"
      }
    },
    {
      "type": "Feature",
      "geometry": {
        "type": "LineString",
        "coordinates": [
          [
            -0.4478615,
            51.4690566
          ],
          [
            -0.4484438,
            51.4690204
          ],
          [
            -0.4485401,
            51.469022
          ]
        ]
      },
      "properties": {
        "highway": "footway",
        "indoor": "yes",
        "level": "1",
        "osm_id": 1180056141,
        "osm_type": "way",
        "_category": "yes",
        "_level": 1,
        "_source": "level_1"
      }
    },
    {
      "type": "Feature",
      "geometry": {
        "type": "LineString",
        "coordinates": [
          [
            -0.4476332,
            51.4690308
          ],
          [
            -0.4476349,
            51.4690454
          ],
          [
            -0.4476348,
            51.4690579
          ],
          [
            -0.4476346,
            51.4690698
          ],
          [
            -0.447616,
            51.4690698
          ],
          [
            -0.4475423,
            51.4690701
          ]
        ]
      },
      "properties": {
        "highway": "footway",
        "indoor": "yes",
        "level": "1",
        "osm_id": 1180056147,
        "osm_type": "way",
        "_category": "yes",
        "_level": 1,
        "_source": "level_1"
      }
    },
    {
      "type": "Feature",
      "geometry": {
        "type": "LineString",
        "coordinates": [
          [
            -0.451511,
            51.4697872
          ],
          [
            -0.4497756,
            51.469768
          ],
          [
            -0.4479666,
            51.4698068
          ],
          [
            -0.4479638,
            51.4697755
          ],
          [
            -0.4478619,
            51.4697321
          ],
          [
            -0.4478615,
            51.4690566
          ],
          [
            -0.4476348,
            51.4690579
          ]
        ]
      },
      "properties": {
        "highway": "footway",
        "indoor": "yes",
        "level": "1",
        "osm_id": 1180056149,
        "osm_type": "way",
        "_category": "yes",
        "_level": 1,
        "_source": "level_1"
      }
    },
    {
      "type": "Feature",
      "geometry": {
        "type": "LineString",
        "coordinates": [
          [
            -0.4476899,
            51.4698398
          ],
          [
            -0.4475563,
            51.4698389
          ]
        ]
      },
      "properties": {
        "highway": "footway",
        "indoor": "yes",
        "level": "1",
        "osm_id": 1180056154,
        "osm_type": "way",
        "_category": "yes",
        "_level": 1,
        "_source": "level_1"
      }
    },
    {
      "type": "Feature",
      "geometry": {
        "type": "LineString",
        "coordinates": [
          [
            -0.4479674,
            51.4698461
          ],
          [
            -0.4476899,
            51.4698398
          ],
          [
            -0.4476905,
            51.4698511
          ],
          [
            -0.447691,
            51.469864
          ],
          [
            -0.4476951,
            51.4698769
          ]
        ]
      },
      "properties": {
        "highway": "footway",
        "indoor": "yes",
        "level": "1",
        "osm_id": 1180056155,
        "osm_type": "way",
        "_category": "yes",
        "_level": 1,
        "_source": "level_1"
      }
    },
    {
      "type": "Feature",
      "geometry": {
        "type": "LineString",
        "coordinates": [
          [
            -0.4479705,
            51.4700797
          ],
          [
            -0.4478994,
            51.4700796
          ]
        ]
      },
      "properties": {
        "highway": "footway",
        "indoor": "yes",
        "level": "1",
        "osm_id": 1180056168,
        "osm_type": "way",
        "_category": "yes",
        "_level": 1,
        "_source": "level_1"
      }
    },
    {
      "type": "Feature",
      "geometry": {
        "type": "LineString",
        "coordinates": [
          [
            -0.4479004,
            51.4700436
          ],
          [
            -0.4479712,
            51.4700451
          ]
        ]
      },
      "properties": {
        "highway": "footway",
        "indoor": "yes",
        "level": "1",
        "osm_id": 1180056171,
        "osm_type": "way",
        "_category": "yes",
        "_level": 1,
        "_source": "level_1"
      }
    },
    {
      "type": "Feature",
      "geometry": {
        "type": "LineString",
        "coordinates": [
          [
            -0.4475766,
            51.4703307
          ],
          [
            -0.447577,
            51.4703214
          ],
          [
            -0.4475774,
            51.4703089
          ],
          [
            -0.447577,
            51.4702856
          ],
          [
            -0.4475763,
            51.4702739
          ],
          [
            -0.4475761,
            51.4702622
          ]
        ]
      },
      "properties": {
        "highway": "footway",
        "indoor": "yes",
        "level": "1",
        "osm_id": 1180056198,
        "osm_type": "way",
        "_category": "yes",
        "_level": 1,
        "_source": "level_1"
      }
    },
    {
      "type": "Feature",
      "geometry": {
        "type": "LineString",
        "coordinates": [
          [
            -0.4479712,
            51.4700451
          ],
          [
            -0.4479711,
            51.470058
          ],
          [
            -0.4479701,
            51.4700698
          ],
          [
            -0.4479705,
            51.4700797
          ],
          [
            -0.4479641,
            51.4703067
          ],
          [
            -0.4476496,
            51.4703308
          ],
          [
            -0.4475766,
            51.4703307
          ],
          [
            -0.4474113,
            51.4703313
          ]
        ]
      },
      "properties": {
        "highway": "footway",
        "indoor": "yes",
        "level": "1",
        "osm_id": 1180056204,
        "osm_type": "way",
        "_category": "yes",
        "_level": 1,
        "_source": "level_1"
      }
    },
    {
      "type": "Feature",
      "geometry": {
        "type": "LineString",
        "coordinates": [
          [
            -0.4572368,
            51.4700848
          ],
          [
            -0.4572241,
            51.4700744
          ]
        ]
      },
      "properties": {
        "highway": "footway",
        "indoor": "yes",
        "level": "1",
        "osm_id": 1180060892,
        "osm_type": "way",
        "_category": "yes",
        "_level": 1,
        "_source": "level_1"
      }
    },
    {
      "type": "Feature",
      "geometry": {
        "type": "LineString",
        "coordinates": [
          [
            -0.457327,
            51.4700967
          ],
          [
            -0.4572767,
            51.4701188
          ],
          [
            -0.4572368,
            51.4700848
          ],
          [
            -0.4572868,
            51.4700629
          ]
        ]
      },
      "properties": {
        "highway": "footway",
        "indoor": "yes",
        "level": "1",
        "osm_id": 1180060894,
        "osm_type": "way",
        "_category": "yes",
        "_level": 1,
        "_source": "level_1"
      }
    },
    {
      "type": "Feature",
      "geometry": {
        "type": "LineString",
        "coordinates": [
          [
            -0.4572241,
            51.4700744
          ],
          [
            -0.4570956,
            51.4699472
          ],
          [
            -0.4569693,
            51.4698319
          ],
          [
            -0.4570169,
            51.4698106
          ]
        ]
      },
      "properties": {
        "highway": "footway",
        "indoor": "yes",
        "level": "1",
        "osm_id": 1180064712,
        "osm_type": "way",
        "_category": "yes",
        "_level": 1,
        "_source": "level_1"
      }
    },
    {
      "type": "Feature",
      "geometry": {
        "type": "LineString",
        "coordinates": [
          [
            -0.4431975,
            51.4691874
          ],
          [
            -0.4431344,
            51.4691872
          ],
          [
            -0.4429876,
            51.4691867
          ],
          [
            -0.4429172,
            51.4691865
          ],
          [
            -0.4429185,
            51.4690738
          ]
        ]
      },
      "properties": {
        "highway": "footway",
        "indoor": "yes",
        "level": "1",
        "osm_id": 1180186996,
        "osm_type": "way",
        "_category": "yes",
        "_level": 1,
        "_source": "level_1"
      }
    },
    {
      "type": "Feature",
      "geometry": {
        "type": "LineString",
        "coordinates": [
          [
            -0.4432243,
            51.4734629
          ],
          [
            -0.443168,
            51.4734621
          ],
          [
            -0.4430285,
            51.4734602
          ],
          [
            -0.4429802,
            51.4734595
          ],
          [
            -0.4429682,
            51.4735489
          ]
        ]
      },
      "properties": {
        "highway": "footway",
        "indoor": "yes",
        "level": "1",
        "osm_id": 1180187004,
        "osm_type": "way",
        "_category": "yes",
        "_level": 1,
        "_source": "level_1"
      }
    },
    {
      "type": "Feature",
      "geometry": {
        "type": "LineString",
        "coordinates": [
          [
            -0.4431902,
            51.4731813
          ],
          [
            -0.4425806,
            51.4731875
          ],
          [
            -0.4425283,
            51.473188
          ]
        ]
      },
      "properties": {
        "highway": "footway",
        "indoor": "yes",
        "level": "1",
        "osm_id": 1180187009,
        "osm_type": "way",
        "_category": "yes",
        "_level": 1,
        "_source": "level_1"
      }
    },
    {
      "type": "Feature",
      "geometry": {
        "type": "LineString",
        "coordinates": [
          [
            -0.4431944,
            51.4729391
          ],
          [
            -0.4436199,
            51.4729383
          ],
          [
            -0.4436722,
            51.4729383
          ],
          [
            -0.4436736,
            51.4729775
          ]
        ]
      },
      "properties": {
        "highway": "footway",
        "indoor": "yes",
        "level": "1",
        "osm_id": 1180187015,
        "osm_type": "way",
        "_category": "yes",
        "_level": 1,
        "_source": "level_1"
      }
    },
    {
      "type": "Feature",
      "geometry": {
        "type": "LineString",
        "coordinates": [
          [
            -0.4432041,
            51.4723869
          ],
          [
            -0.442578,
            51.4723915
          ],
          [
            -0.4425216,
            51.4723919
          ]
        ]
      },
      "properties": {
        "highway": "footway",
        "indoor": "yes",
        "level": "1",
        "osm_id": 1180187019,
        "osm_type": "way",
        "_category": "yes",
        "_level": 1,
        "_source": "level_1"
      }
    },
    {
      "type": "Feature",
      "geometry": {
        "type": "LineString",
        "coordinates": [
          [
            -0.4432183,
            51.4715799
          ],
          [
            -0.4425799,
            51.4715868
          ],
          [
            -0.4425162,
            51.4715875
          ]
        ]
      },
      "properties": {
        "highway": "footway",
        "indoor": "yes",
        "level": "1",
        "osm_id": 1180187024,
        "osm_type": "way",
        "_category": "yes",
        "_level": 1,
        "_source": "level_1"
      }
    },
    {
      "type": "Feature",
      "geometry": {
        "type": "LineString",
        "coordinates": [
          [
            -0.4432226,
            51.4713327
          ],
          [
            -0.4436079,
            51.4713357
          ],
          [
            -0.4436561,
            51.471336
          ],
          [
            -0.4436561,
            51.4713786
          ]
        ]
      },
      "properties": {
        "highway": "footway",
        "indoor": "yes",
        "level": "1",
        "osm_id": 1180187030,
        "osm_type": "way",
        "_category": "yes",
        "_level": 1,
        "_source": "level_1"
      }
    },
    {
      "type": "Feature",
      "geometry": {
        "type": "LineString",
        "coordinates": [
          [
            -0.4431754,
            51.4706489
          ],
          [
            -0.4428602,
            51.4706606
          ],
          [
            -0.4427509,
            51.4706669
          ],
          [
            -0.4427496,
            51.4706953
          ],
          [
            -0.4426007,
            51.4706983
          ],
          [
            -0.4425417,
            51.4706995
          ]
        ]
      },
      "properties": {
        "highway": "footway",
        "indoor": "yes",
        "level": "1",
        "osm_id": 1180187034,
        "osm_type": "way",
        "_category": "yes",
        "_level": 1,
        "_source": "level_1"
      }
    },
    {
      "type": "Feature",
      "geometry": {
        "type": "LineString",
        "coordinates": [
          [
            -0.4432209,
            51.4704672
          ],
          [
            -0.4436186,
            51.470468
          ],
          [
            -0.4436682,
            51.4704681
          ],
          [
            -0.4436669,
            51.4704973
          ]
        ]
      },
      "properties": {
        "highway": "footway",
        "indoor": "yes",
        "level": "1",
        "osm_id": 1180187040,
        "osm_type": "way",
        "_category": "yes",
        "_level": 1,
        "_source": "level_1"
      }
    },
    {
      "type": "Feature",
      "geometry": {
        "type": "LineString",
        "coordinates": [
          [
            -0.4432137,
            51.4698966
          ],
          [
            -0.4425913,
            51.4699043
          ],
          [
            -0.4425377,
            51.469905
          ]
        ]
      },
      "properties": {
        "highway": "footway",
        "indoor": "yes",
        "level": "1",
        "osm_id": 1180187044,
        "osm_type": "way",
        "_category": "yes",
        "_level": 1,
        "_source": "level_1"
      }
    },
    {
      "type": "Feature",
      "geometry": {
        "type": "LineString",
        "coordinates": [
          [
            -0.4432082,
            51.4696544
          ],
          [
            -0.4436152,
            51.4696544
          ],
          [
            -0.4436421,
            51.4696544
          ],
          [
            -0.4436427,
            51.4696878
          ]
        ]
      },
      "properties": {
        "highway": "footway",
        "indoor": "yes",
        "level": "1",
        "osm_id": 1180187050,
        "osm_type": "way",
        "_category": "yes",
        "_level": 1,
        "_source": "level_1"
      }
    },
    {
      "type": "Feature",
      "geometry": {
        "type": "LineString",
        "coordinates": [
          [
            -0.443231,
            51.4708515
          ],
          [
            -0.4432275,
            51.4706474
          ],
          [
            -0.4432216,
            51.4706051
          ]
        ]
      },
      "properties": {
        "highway": "footway",
        "indoor": "yes",
        "level": "1",
        "osm_id": 1180187052,
        "osm_type": "way",
        "_category": "yes",
        "_level": 1,
        "_source": "level_1"
      }
    },
    {
      "type": "Feature",
      "geometry": {
        "type": "LineString",
        "coordinates": [
          [
            -0.4431164,
            51.4708511
          ],
          [
            -0.443231,
            51.4708515
          ],
          [
            -0.4432226,
            51.4713327
          ],
          [
            -0.4432183,
            51.4715799
          ],
          [
            -0.4432041,
            51.4723869
          ],
          [
            -0.4431944,
            51.4729391
          ],
          [
            -0.4431902,
            51.4731813
          ],
          [
            -0.4431921,
            51.4733726
          ],
          [
            -0.4432243,
            51.4734629
          ],
          [
            -0.4432528,
            51.4735529
          ]
        ]
      },
      "properties": {
        "highway": "footway",
        "indoor": "yes",
        "level": "1",
        "osm_id": 1180187053,
        "osm_type": "way",
        "_category": "yes",
        "_level": 1,
        "_source": "level_1"
      }
    },
    {
      "type": "Feature",
      "geometry": {
        "type": "LineString",
        "coordinates": [
          [
            -0.4431757,
            51.4706551
          ],
          [
            -0.4431754,
            51.4706489
          ],
          [
            -0.4431734,
            51.4706076
          ],
          [
            -0.4432216,
            51.4706051
          ],
          [
            -0.4432209,
            51.4704672
          ],
          [
            -0.4432137,
            51.4698966
          ],
          [
            -0.4432082,
            51.4696544
          ],
          [
            -0.4431975,
            51.4691874
          ],
          [
            -0.4432216,
            51.4690779
          ]
        ]
      },
      "properties": {
        "highway": "footway",
        "indoor": "yes",
        "level": "1",
        "osm_id": 1180187054,
        "osm_type": "way",
        "_category": "yes",
        "_level": 1,
        "_source": "level_1"
      }
    },
    {
      "type": "Feature",
      "geometry": {
        "type": "LineString",
        "coordinates": [
          [
            -0.4429873,
            51.471207
          ],
          [
            -0.4430218,
            51.471207
          ],
          [
            -0.4429963,
            51.4708511
          ],
          [
            -0.4430661,
            51.4708507
          ],
          [
            -0.4430674,
            51.4709365
          ],
          [
            -0.4430899,
            51.4709361
          ],
          [
            -0.4431164,
            51.4709357
          ]
        ]
      },
      "properties": {
        "highway": "footway",
        "indoor": "yes",
        "level": "1",
        "osm_id": 1180187066,
        "osm_type": "way",
        "_category": "yes",
        "_level": 1,
        "_source": "level_1"
      }
    },
    {
      "type": "Feature",
      "geometry": {
        "type": "LineString",
        "coordinates": [
          [
            -0.4430607,
            51.4707229
          ],
          [
            -0.4430621,
            51.4707565
          ],
          [
            -0.4430626,
            51.4707674
          ],
          [
            -0.4430661,
            51.4708507
          ],
          [
            -0.4430895,
            51.470851
          ],
          [
            -0.4431164,
            51.4708511
          ]
        ]
      },
      "properties": {
        "highway": "footway",
        "indoor": "yes",
        "level": "1",
        "osm_id": 1180187077,
        "osm_type": "way",
        "_category": "yes",
        "_level": 1,
        "_source": "level_1"
      }
    },
    {
      "type": "Feature",
      "geometry": {
        "type": "LineString",
        "coordinates": [
          [
            -0.447453,
            51.4684079
          ],
          [
            -0.4474645,
            51.4684788
          ]
        ]
      },
      "properties": {
        "highway": "footway",
        "indoor": "yes",
        "level": "1",
        "osm_id": 1180187094,
        "osm_type": "way",
        "_category": "yes",
        "_level": 1,
        "_source": "level_1"
      }
    },
    {
      "type": "Feature",
      "geometry": {
        "type": "LineString",
        "coordinates": [
          [
            -0.4482703,
            51.4686577
          ],
          [
            -0.4478373,
            51.468675
          ],
          [
            -0.4475735,
            51.4685203
          ],
          [
            -0.447453,
            51.4684079
          ],
          [
            -0.4473582,
            51.4684092
          ],
          [
            -0.4473026,
            51.4684104
          ],
          [
            -0.44723,
            51.468411
          ],
          [
            -0.4472282,
            51.4684777
          ]
        ]
      },
      "properties": {
        "highway": "footway",
        "indoor": "yes",
        "level": "1",
        "osm_id": 1180187096,
        "osm_type": "way",
        "_category": "yes",
        "_level": 1,
        "_source": "level_1"
      }
    },
    {
      "type": "Feature",
      "geometry": {
        "type": "LineString",
        "coordinates": [
          [
            -0.448371,
            51.4686826
          ],
          [
            -0.4482696,
            51.4686817
          ]
        ]
      },
      "properties": {
        "highway": "footway",
        "indoor": "yes",
        "level": "1",
        "osm_id": 1180187103,
        "osm_type": "way",
        "_category": "yes",
        "_level": 1,
        "_source": "level_1"
      }
    },
    {
      "type": "Feature",
      "geometry": {
        "type": "LineString",
        "coordinates": [
          [
            -0.4484385,
            51.4689414
          ],
          [
            -0.4483674,
            51.4689434
          ],
          [
            -0.4483707,
            51.4686951
          ],
          [
            -0.448371,
            51.4686826
          ],
          [
            -0.4483712,
            51.4686715
          ],
          [
            -0.4483715,
            51.4686556
          ],
          [
            -0.4482703,
            51.4686577
          ]
        ]
      },
      "properties": {
        "highway": "footway",
        "indoor": "yes",
        "level": "1",
        "osm_id": 1180187105,
        "osm_type": "way",
        "_category": "yes",
        "_level": 1,
        "_source": "level_1"
      }
    },
    {
      "type": "Feature",
      "geometry": {
        "type": "LineString",
        "coordinates": [
          [
            -0.4460259,
            51.4605149
          ],
          [
            -0.4460996,
            51.4604581
          ]
        ]
      },
      "properties": {
        "highway": "footway",
        "indoor": "yes",
        "level": "1",
        "osm_id": 1180188070,
        "osm_type": "way",
        "_category": "yes",
        "_level": 1,
        "_source": "level_1"
      }
    },
    {
      "type": "Feature",
      "geometry": {
        "type": "LineString",
        "coordinates": [
          [
            -0.4463397,
            51.459894
          ],
          [
            -0.4466227,
            51.4601079
          ],
          [
            -0.4460996,
            51.4604581
          ]
        ]
      },
      "properties": {
        "highway": "footway",
        "indoor": "yes",
        "level": "1",
        "osm_id": 1180188072,
        "osm_type": "way",
        "_category": "yes",
        "_level": 1,
        "_source": "level_1"
      }
    },
    {
      "type": "Feature",
      "geometry": {
        "type": "LineString",
        "coordinates": [
          [
            -0.4460292,
            51.4610508
          ],
          [
            -0.4457966,
            51.4609644
          ],
          [
            -0.4458063,
            51.4609507
          ],
          [
            -0.4458158,
            51.4609374
          ]
        ]
      },
      "properties": {
        "highway": "footway",
        "indoor": "yes",
        "level": "1",
        "osm_id": 1180188077,
        "osm_type": "way",
        "_category": "yes",
        "_level": 1,
        "_source": "level_1"
      }
    },
    {
      "type": "Feature",
      "geometry": {
        "type": "LineString",
        "coordinates": [
          [
            -0.4484975,
            51.4592698
          ],
          [
            -0.4476447,
            51.4598851
          ],
          [
            -0.447284,
            51.4601454
          ],
          [
            -0.446711,
            51.4605588
          ],
          [
            -0.4466512,
            51.460602
          ],
          [
            -0.446159,
            51.4609571
          ],
          [
            -0.4460292,
            51.4610508
          ],
          [
            -0.445918,
            51.461131
          ],
          [
            -0.4457697,
            51.461238
          ],
          [
            -0.445627,
            51.461341
          ],
          [
            -0.4454371,
            51.461478
          ],
          [
            -0.4452641,
            51.4616028
          ],
          [
            -0.4451877,
            51.4616579
          ],
          [
            -0.4449034,
            51.4617356
          ]
        ]
      },
      "properties": {
        "highway": "footway",
        "indoor": "yes",
        "level": "1",
        "osm_id": 1180188080,
        "osm_type": "way",
        "_category": "yes",
        "_level": 1,
        "_source": "level_1"
      }
    },
    {
      "type": "Feature",
      "geometry": {
        "type": "LineString",
        "coordinates": [
          [
            -0.4589032,
            51.4714262
          ],
          [
            -0.4583278,
            51.4716602
          ]
        ]
      },
      "properties": {
        "highway": "footway",
        "indoor": "yes",
        "level": "1",
        "osm_id": 1180196700,
        "osm_type": "way",
        "_category": "yes",
        "_level": 1,
        "_source": "level_1"
      }
    },
    {
      "type": "Feature",
      "geometry": {
        "type": "LineString",
        "coordinates": [
          [
            -0.4563956,
            51.4716275
          ],
          [
            -0.4563844,
            51.4716175
          ],
          [
            -0.4563504,
            51.4716305
          ]
        ]
      },
      "properties": {
        "highway": "footway",
        "indoor": "yes",
        "level": "1",
        "osm_id": 1180196737,
        "osm_type": "way",
        "_category": "yes",
        "_level": 1,
        "_source": "level_1"
      }
    },
    {
      "type": "Feature",
      "geometry": {
        "type": "LineString",
        "coordinates": [
          [
            -0.4573542,
            51.4717796
          ],
          [
            -0.4570846,
            51.4715921
          ],
          [
            -0.4566997,
            51.4716096
          ],
          [
            -0.4563956,
            51.4716275
          ],
          [
            -0.4563608,
            51.4716405
          ]
        ]
      },
      "properties": {
        "highway": "footway",
        "indoor": "yes",
        "level": "1",
        "osm_id": 1180196739,
        "osm_type": "way",
        "_category": "yes",
        "_level": 1,
        "_source": "level_1"
      }
    },
    {
      "type": "Feature",
      "geometry": {
        "type": "LineString",
        "coordinates": [
          [
            -0.4570956,
            51.4699472
          ],
          [
            -0.4562612,
            51.470306
          ]
        ]
      },
      "properties": {
        "highway": "footway",
        "indoor": "yes",
        "level": "1",
        "osm_id": 1180196761,
        "osm_type": "way",
        "_category": "yes",
        "_level": 1,
        "_source": "level_1"
      }
    },
    {
      "type": "Feature",
      "geometry": {
        "type": "LineString",
        "coordinates": [
          [
            -0.4573777,
            51.4718018
          ],
          [
            -0.4574016,
            51.4718248
          ],
          [
            -0.4574246,
            51.4718469
          ],
          [
            -0.4573696,
            51.4718669
          ]
        ]
      },
      "properties": {
        "highway": "footway",
        "indoor": "yes",
        "level": "1",
        "osm_id": 1180196769,
        "osm_type": "way",
        "_category": "yes",
        "_level": 1,
        "_source": "level_1"
      }
    },
    {
      "type": "Feature",
      "geometry": {
        "type": "LineString",
        "coordinates": [
          [
            -0.4573777,
            51.4718018
          ],
          [
            -0.4573542,
            51.4717796
          ],
          [
            -0.4573032,
            51.4717992
          ]
        ]
      },
      "properties": {
        "highway": "footway",
        "indoor": "yes",
        "level": "1",
        "osm_id": 1180196770,
        "osm_type": "way",
        "_category": "yes",
        "_level": 1,
        "_source": "level_1"
      }
    },
    {
      "type": "Feature",
      "geometry": {
        "type": "LineString",
        "coordinates": [
          [
            -0.4585632,
            51.471316
          ],
          [
            -0.4574023,
            51.4717917
          ],
          [
            -0.4573777,
            51.4718018
          ],
          [
            -0.457324,
            51.4718205
          ]
        ]
      },
      "properties": {
        "highway": "footway",
        "indoor": "yes",
        "level": "1",
        "osm_id": 1180196774,
        "osm_type": "way",
        "_category": "yes",
        "_level": 1,
        "_source": "level_1"
      }
    },
    {
      "type": "Feature",
      "geometry": {
        "type": "LineString",
        "coordinates": [
          [
            -0.4585759,
            51.4712784
          ],
          [
            -0.4586018,
            51.4712995
          ]
        ]
      },
      "properties": {
        "highway": "footway",
        "indoor": "yes",
        "level": "1",
        "osm_id": 1180196783,
        "osm_type": "way",
        "_category": "yes",
        "_level": 1,
        "_source": "level_1"
      }
    },
    {
      "type": "Feature",
      "geometry": {
        "type": "LineString",
        "coordinates": [
          [
            -0.4585397,
            51.4712943
          ],
          [
            -0.4585632,
            51.471316
          ]
        ]
      },
      "properties": {
        "highway": "footway",
        "indoor": "yes",
        "level": "1",
        "osm_id": 1180196784,
        "osm_type": "way",
        "_category": "yes",
        "_level": 1,
        "_source": "level_1"
      }
    },
    {
      "type": "Feature",
      "geometry": {
        "type": "LineString",
        "coordinates": [
          [
            -0.4585632,
            51.471316
          ],
          [
            -0.4585777,
            51.4713098
          ],
          [
            -0.4585854,
            51.4713065
          ],
          [
            -0.4586018,
            51.4712995
          ]
        ]
      },
      "properties": {
        "highway": "footway",
        "indoor": "yes",
        "level": "1",
        "osm_id": 1180196785,
        "osm_type": "way",
        "_category": "yes",
        "_level": 1,
        "_source": "level_1"
      }
    },
    {
      "type": "Feature",
      "geometry": {
        "type": "LineString",
        "coordinates": [
          [
            -0.4588703,
            51.4708519
          ],
          [
            -0.4591204,
            51.4710729
          ],
          [
            -0.4586018,
            51.4712995
          ]
        ]
      },
      "properties": {
        "highway": "footway",
        "indoor": "yes",
        "level": "1",
        "osm_id": 1180196787,
        "osm_type": "way",
        "_category": "yes",
        "_level": 1,
        "_source": "level_1"
      }
    },
    {
      "type": "Feature",
      "geometry": {
        "type": "LineString",
        "coordinates": [
          [
            -0.4580154,
            51.470481
          ],
          [
            -0.4579657,
            51.4705023
          ]
        ]
      },
      "properties": {
        "highway": "footway",
        "indoor": "yes",
        "level": "1",
        "osm_id": 1180196789,
        "osm_type": "way",
        "_category": "yes",
        "_level": 1,
        "_source": "level_1"
      }
    },
    {
      "type": "Feature",
      "geometry": {
        "type": "LineString",
        "coordinates": [
          [
            -0.4580449,
            51.4705065
          ],
          [
            -0.4579939,
            51.470529
          ]
        ]
      },
      "properties": {
        "highway": "footway",
        "indoor": "yes",
        "level": "1",
        "osm_id": 1180196790,
        "osm_type": "way",
        "_category": "yes",
        "_level": 1,
        "_source": "level_1"
      }
    },
    {
      "type": "Feature",
      "geometry": {
        "type": "LineString",
        "coordinates": [
          [
            -0.4580713,
            51.4705305
          ],
          [
            -0.4580449,
            51.4705065
          ],
          [
            -0.4580154,
            51.470481
          ],
          [
            -0.4576234,
            51.4701393
          ],
          [
            -0.4575631,
            51.4701637
          ]
        ]
      },
      "properties": {
        "highway": "footway",
        "indoor": "yes",
        "level": "1",
        "osm_id": 1180196791,
        "osm_type": "way",
        "_category": "yes",
        "_level": 1,
        "_source": "level_1"
      }
    },
    {
      "type": "Feature",
      "geometry": {
        "type": "LineString",
        "coordinates": [
          [
            -0.4588703,
            51.4708519
          ],
          [
            -0.4586033,
            51.4706256
          ],
          [
            -0.4583972,
            51.4704509
          ],
          [
            -0.4580998,
            51.4701988
          ]
        ]
      },
      "properties": {
        "highway": "footway",
        "indoor": "yes",
        "level": "1",
        "osm_id": 1180196795,
        "osm_type": "way",
        "_category": "yes",
        "_level": 1,
        "_source": "level_1"
      }
    },
    {
      "type": "Feature",
      "geometry": {
        "type": "LineString",
        "coordinates": [
          [
            -0.4580998,
            51.4701988
          ],
          [
            -0.4578544,
            51.469981
          ]
        ]
      },
      "properties": {
        "highway": "footway",
        "indoor": "yes",
        "level": "1",
        "osm_id": 1180196803,
        "osm_type": "way",
        "_category": "yes",
        "_level": 1,
        "_source": "level_1"
      }
    },
    {
      "type": "Feature",
      "geometry": {
        "type": "LineString",
        "coordinates": [
          [
            -0.4575265,
            51.4701297
          ],
          [
            -0.4574675,
            51.4701537
          ]
        ]
      },
      "properties": {
        "highway": "footway",
        "indoor": "yes",
        "level": "1",
        "osm_id": 1180196808,
        "osm_type": "way",
        "_category": "yes",
        "_level": 1,
        "_source": "level_1"
      }
    },
    {
      "type": "Feature",
      "geometry": {
        "type": "LineString",
        "coordinates": [
          [
            -0.457546,
            51.4701477
          ],
          [
            -0.4574866,
            51.4701709
          ]
        ]
      },
      "properties": {
        "highway": "footway",
        "indoor": "yes",
        "level": "1",
        "osm_id": 1180196809,
        "osm_type": "way",
        "_category": "yes",
        "_level": 1,
        "_source": "level_1"
      }
    },
    {
      "type": "Feature",
      "geometry": {
        "type": "LineString",
        "coordinates": [
          [
            -0.4574025,
            51.4700149
          ],
          [
            -0.457518,
            51.4701218
          ],
          [
            -0.4575265,
            51.4701297
          ],
          [
            -0.457546,
            51.4701477
          ],
          [
            -0.4575631,
            51.4701637
          ]
        ]
      },
      "properties": {
        "highway": "footway",
        "indoor": "yes",
        "level": "1",
        "osm_id": 1180196810,
        "osm_type": "way",
        "_category": "yes",
        "_level": 1,
        "_source": "level_1"
      }
    },
    {
      "type": "Feature",
      "geometry": {
        "type": "LineString",
        "coordinates": [
          [
            -0.4575808,
            51.4699409
          ],
          [
            -0.4577351,
            51.4698749
          ],
          [
            -0.45779,
            51.4699228
          ],
          [
            -0.4578231,
            51.4699516
          ],
          [
            -0.4578544,
            51.469981
          ]
        ]
      },
      "properties": {
        "highway": "footway",
        "indoor": "yes",
        "level": "1",
        "osm_id": 1180196815,
        "osm_type": "way",
        "_category": "yes",
        "_level": 1,
        "_source": "level_1"
      }
    },
    {
      "type": "Feature",
      "geometry": {
        "type": "LineString",
        "coordinates": [
          [
            -0.4572868,
            51.4700629
          ],
          [
            -0.4574025,
            51.4700149
          ],
          [
            -0.4575808,
            51.4699409
          ],
          [
            -0.4574938,
            51.4698609
          ],
          [
            -0.4574454,
            51.4698164
          ]
        ]
      },
      "properties": {
        "highway": "footway",
        "indoor": "yes",
        "level": "1",
        "osm_id": 1180196819,
        "osm_type": "way",
        "_category": "yes",
        "_level": 1,
        "_source": "level_1"
      }
    },
    {
      "type": "Feature",
      "geometry": {
        "type": "LineString",
        "coordinates": [
          [
            -0.4517232,
            51.4698392
          ],
          [
            -0.4516809,
            51.4698417
          ]
        ]
      },
      "properties": {
        "highway": "footway",
        "indoor": "yes",
        "level": "1",
        "osm_id": 1180376193,
        "osm_type": "way",
        "_category": "yes",
        "_level": 1,
        "_source": "level_1"
      }
    },
    {
      "type": "Feature",
      "geometry": {
        "type": "LineString",
        "coordinates": [
          [
            -0.4517239,
            51.4698659
          ],
          [
            -0.4516802,
            51.4698668
          ]
        ]
      },
      "properties": {
        "highway": "footway",
        "indoor": "yes",
        "level": "1",
        "osm_id": 1180376194,
        "osm_type": "way",
        "_category": "yes",
        "_level": 1,
        "_source": "level_1"
      }
    },
    {
      "type": "Feature",
      "geometry": {
        "type": "LineString",
        "coordinates": [
          [
            -0.4516941,
            51.4692833
          ],
          [
            -0.4516587,
            51.4692841
          ]
        ]
      },
      "properties": {
        "highway": "footway",
        "indoor": "yes",
        "level": "1",
        "osm_id": 1180376218,
        "osm_type": "way",
        "_category": "yes",
        "_level": 1,
        "_source": "level_1"
      }
    },
    {
      "type": "Feature",
      "geometry": {
        "type": "LineString",
        "coordinates": [
          [
            -0.4516945,
            51.4692908
          ],
          [
            -0.451659,
            51.4692916
          ]
        ]
      },
      "properties": {
        "highway": "footway",
        "indoor": "yes",
        "level": "1",
        "osm_id": 1180376219,
        "osm_type": "way",
        "_category": "yes",
        "_level": 1,
        "_source": "level_1"
      }
    },
    {
      "type": "Feature",
      "geometry": {
        "type": "LineString",
        "coordinates": [
          [
            -0.4516949,
            51.4692982
          ],
          [
            -0.4516594,
            51.469299
          ]
        ]
      },
      "properties": {
        "highway": "footway",
        "indoor": "yes",
        "level": "1",
        "osm_id": 1180376220,
        "osm_type": "way",
        "_category": "yes",
        "_level": 1,
        "_source": "level_1"
      }
    },
    {
      "type": "Feature",
      "geometry": {
        "type": "LineString",
        "coordinates": [
          [
            -0.4516952,
            51.469303
          ],
          [
            -0.4516594,
            51.4693037
          ]
        ]
      },
      "properties": {
        "highway": "footway",
        "indoor": "yes",
        "level": "1",
        "osm_id": 1180376221,
        "osm_type": "way",
        "_category": "yes",
        "_level": 1,
        "_source": "level_1"
      }
    },
    {
      "type": "Feature",
      "geometry": {
        "type": "LineString",
        "coordinates": [
          [
            -0.4516956,
            51.4693105
          ],
          [
            -0.4516597,
            51.4693107
          ]
        ]
      },
      "properties": {
        "highway": "footway",
        "indoor": "yes",
        "level": "1",
        "osm_id": 1180376222,
        "osm_type": "way",
        "_category": "yes",
        "_level": 1,
        "_source": "level_1"
      }
    },
    {
      "type": "Feature",
      "geometry": {
        "type": "LineString",
        "coordinates": [
          [
            -0.4516959,
            51.469317
          ],
          [
            -0.4516599,
            51.4693178
          ]
        ]
      },
      "properties": {
        "highway": "footway",
        "indoor": "yes",
        "level": "1",
        "osm_id": 1180376223,
        "osm_type": "way",
        "_category": "yes",
        "_level": 1,
        "_source": "level_1"
      }
    },
    {
      "type": "Feature",
      "geometry": {
        "type": "LineString",
        "coordinates": [
          [
            -0.4516963,
            51.469324
          ],
          [
            -0.4516594,
            51.4693248
          ]
        ]
      },
      "properties": {
        "highway": "footway",
        "indoor": "yes",
        "level": "1",
        "osm_id": 1180376224,
        "osm_type": "way",
        "_category": "yes",
        "_level": 1,
        "_source": "level_1"
      }
    },
    {
      "type": "Feature",
      "geometry": {
        "type": "LineString",
        "coordinates": [
          [
            -0.4517098,
            51.4695777
          ],
          [
            -0.451703,
            51.4694505
          ],
          [
            -0.4516963,
            51.469324
          ],
          [
            -0.4516959,
            51.469317
          ],
          [
            -0.4516956,
            51.4693105
          ],
          [
            -0.4516952,
            51.469303
          ],
          [
            -0.4516949,
            51.4692982
          ],
          [
            -0.4516945,
            51.4692908
          ],
          [
            -0.4516941,
            51.4692833
          ],
          [
            -0.4516937,
            51.4692762
          ]
        ]
      },
      "properties": {
        "highway": "footway",
        "indoor": "yes",
        "level": "1",
        "osm_id": 1180376240,
        "osm_type": "way",
        "_category": "yes",
        "_level": 1,
        "_source": "level_1"
      }
    },
    {
      "type": "Feature",
      "geometry": {
        "type": "LineString",
        "coordinates": [
          [
            -0.4527971,
            51.4695863
          ],
          [
            -0.4528,
            51.469448
          ],
          [
            -0.4529379,
            51.4694483
          ],
          [
            -0.4529381,
            51.469443
          ]
        ]
      },
      "properties": {
        "highway": "footway",
        "indoor": "yes",
        "level": "1",
        "osm_id": 1180376250,
        "osm_type": "way",
        "_category": "yes",
        "_level": 1,
        "_source": "level_1"
      }
    },
    {
      "type": "Feature",
      "geometry": {
        "type": "LineString",
        "coordinates": [
          [
            -0.4517226,
            51.4698136
          ],
          [
            -0.4517098,
            51.4695777
          ],
          [
            -0.4527971,
            51.4695863
          ],
          [
            -0.4528075,
            51.4698235
          ],
          [
            -0.4529282,
            51.4698248
          ],
          [
            -0.4529282,
            51.46983
          ]
        ]
      },
      "properties": {
        "highway": "footway",
        "indoor": "yes",
        "level": "1",
        "osm_id": 1180376262,
        "osm_type": "way",
        "_category": "yes",
        "_level": 1,
        "_source": "level_1"
      }
    },
    {
      "type": "Feature",
      "geometry": {
        "type": "LineString",
        "coordinates": [
          [
            -0.4516789,
            51.4698977
          ],
          [
            -0.4517247,
            51.4698978
          ],
          [
            -0.4517239,
            51.4698659
          ],
          [
            -0.4517232,
            51.4698392
          ],
          [
            -0.4517226,
            51.4698136
          ],
          [
            -0.4516802,
            51.4698146
          ]
        ]
      },
      "properties": {
        "highway": "footway",
        "indoor": "yes",
        "layer": "1",
        "level": "1",
        "osm_id": 1180376268,
        "osm_type": "way",
        "_category": "yes",
        "_level": 1,
        "_source": "level_1"
      }
    },
    {
      "type": "Feature",
      "geometry": {
        "type": "LineString",
        "coordinates": [
          [
            -0.4517247,
            51.4698978
          ],
          [
            -0.4517248,
            51.4699426
          ],
          [
            -0.4517252,
            51.4701105
          ],
          [
            -0.4517316,
            51.4703398
          ],
          [
            -0.4529259,
            51.4703488
          ],
          [
            -0.4529262,
            51.4703549
          ]
        ]
      },
      "properties": {
        "highway": "footway",
        "indoor": "yes",
        "layer": "1",
        "level": "1",
        "osm_id": 1180376281,
        "osm_type": "way",
        "_category": "yes",
        "_level": 1,
        "_source": "level_1"
      }
    },
    {
      "type": "Feature",
      "geometry": {
        "type": "LineString",
        "coordinates": [
          [
            -0.4515229,
            51.4702953
          ],
          [
            -0.4514875,
            51.4702951
          ]
        ]
      },
      "properties": {
        "highway": "footway",
        "indoor": "yes",
        "level": "1",
        "osm_id": 1180381646,
        "osm_type": "way",
        "_category": "yes",
        "_level": 1,
        "_source": "level_1"
      }
    },
    {
      "type": "Feature",
      "geometry": {
        "type": "LineString",
        "coordinates": [
          [
            -0.4515236,
            51.4703229
          ],
          [
            -0.4514886,
            51.4703227
          ]
        ]
      },
      "properties": {
        "highway": "footway",
        "indoor": "yes",
        "level": "1",
        "osm_id": 1180381647,
        "osm_type": "way",
        "_category": "yes",
        "_level": 1,
        "_source": "level_1"
      }
    },
    {
      "type": "Feature",
      "geometry": {
        "type": "LineString",
        "coordinates": [
          [
            -0.4515224,
            51.4701088
          ],
          [
            -0.4515229,
            51.4702953
          ],
          [
            -0.4515236,
            51.4703229
          ],
          [
            -0.4515229,
            51.4703398
          ],
          [
            -0.4515221,
            51.4703591
          ],
          [
            -0.4514901,
            51.4703595
          ]
        ]
      },
      "properties": {
        "highway": "footway",
        "indoor": "yes",
        "level": "1",
        "osm_id": 1180381648,
        "osm_type": "way",
        "_category": "yes",
        "_level": 1,
        "_source": "level_1"
      }
    },
    {
      "type": "Feature",
      "geometry": {
        "type": "LineString",
        "coordinates": [
          [
            -0.4514962,
            51.4694495
          ],
          [
            -0.4514944,
            51.4693668
          ],
          [
            -0.451451,
            51.469367
          ]
        ]
      },
      "properties": {
        "highway": "footway",
        "indoor": "yes",
        "level": "1",
        "osm_id": 1180381654,
        "osm_type": "way",
        "_category": "yes",
        "_level": 1,
        "_source": "level_1"
      }
    },
    {
      "type": "Feature",
      "geometry": {
        "type": "LineString",
        "coordinates": [
          [
            -0.451703,
            51.4694505
          ],
          [
            -0.451576,
            51.4694522
          ],
          [
            -0.4514962,
            51.4694495
          ],
          [
            -0.451511,
            51.4697872
          ],
          [
            -0.4515197,
            51.470042
          ],
          [
            -0.45152,
            51.4700493
          ],
          [
            -0.4515224,
            51.4701088
          ],
          [
            -0.4515833,
            51.4701097
          ]
        ]
      },
      "properties": {
        "highway": "footway",
        "indoor": "yes",
        "level": "1",
        "osm_id": 1180381655,
        "osm_type": "way",
        "_category": "yes",
        "_level": 1,
        "_source": "level_1"
      }
    },
    {
      "type": "Feature",
      "geometry": {
        "type": "LineString",
        "coordinates": [
          [
            -0.4517252,
            51.4701105
          ],
          [
            -0.4515833,
            51.4701097
          ]
        ]
      },
      "properties": {
        "highway": "footway",
        "indoor": "yes",
        "level": "1",
        "osm_id": 1180381656,
        "osm_type": "way",
        "_category": "yes",
        "_level": 1,
        "_source": "level_1"
      }
    },
    {
      "type": "Feature",
      "geometry": {
        "type": "LineString",
        "coordinates": [
          [
            -0.463943,
            51.4698062
          ],
          [
            -0.4645693,
            51.4703661
          ],
          [
            -0.4646729,
            51.4703311
          ],
          [
            -0.4646666,
            51.4703243
          ],
          [
            -0.4646582,
            51.4703168
          ]
        ]
      },
      "properties": {
        "highway": "footway",
        "indoor": "yes",
        "level": "1",
        "osm_id": 1180384083,
        "osm_type": "way",
        "_category": "yes",
        "_level": 1,
        "_source": "level_1"
      }
    },
    {
      "type": "Feature",
      "geometry": {
        "type": "LineString",
        "coordinates": [
          [
            -0.4603004,
            51.4697805
          ],
          [
            -0.4628207,
            51.468766
          ],
          [
            -0.4631661,
            51.4690912
          ],
          [
            -0.4631759,
            51.4691005
          ],
          [
            -0.4639327,
            51.4697973
          ],
          [
            -0.463943,
            51.4698062
          ]
        ]
      },
      "properties": {
        "highway": "footway",
        "indoor": "yes",
        "level": "1",
        "osm_id": 1180384089,
        "osm_type": "way",
        "_category": "yes",
        "_level": 1,
        "_source": "level_1"
      }
    },
    {
      "type": "Feature",
      "geometry": {
        "type": "LineString",
        "coordinates": [
          [
            -0.4599905,
            51.4697046
          ],
          [
            -0.460001,
            51.4697138
          ],
          [
            -0.4600127,
            51.4697241
          ],
          [
            -0.4600253,
            51.4697351
          ]
        ]
      },
      "properties": {
        "highway": "footway",
        "indoor": "yes",
        "level": "1",
        "osm_id": 1180384093,
        "osm_type": "way",
        "_category": "yes",
        "_level": 1,
        "_source": "level_1"
      }
    },
    {
      "type": "Feature",
      "geometry": {
        "type": "LineString",
        "coordinates": [
          [
            -0.4599905,
            51.4697046
          ],
          [
            -0.4595549,
            51.4698891
          ],
          [
            -0.4597092,
            51.4700336
          ],
          [
            -0.4603004,
            51.4697805
          ],
          [
            -0.4604729,
            51.4699037
          ]
        ]
      },
      "properties": {
        "highway": "footway",
        "indoor": "yes",
        "level": "1",
        "osm_id": 1180384095,
        "osm_type": "way",
        "_category": "yes",
        "_level": 1,
        "_source": "level_1"
      }
    },
    {
      "type": "Feature",
      "geometry": {
        "type": "LineString",
        "coordinates": [
          [
            -0.4604317,
            51.4699744
          ],
          [
            -0.4604422,
            51.4699837
          ],
          [
            -0.4604539,
            51.4699939
          ],
          [
            -0.4604666,
            51.4700049
          ]
        ]
      },
      "properties": {
        "highway": "footway",
        "indoor": "yes",
        "level": "1",
        "osm_id": 1180384101,
        "osm_type": "way",
        "_category": "yes",
        "_level": 1,
        "_source": "level_1"
      }
    },
    {
      "type": "Feature",
      "geometry": {
        "type": "LineString",
        "coordinates": [
          [
            -0.4598741,
            51.470184
          ],
          [
            -0.4598847,
            51.4701932
          ],
          [
            -0.4598964,
            51.4702035
          ],
          [
            -0.459909,
            51.4702145
          ]
        ]
      },
      "properties": {
        "highway": "footway",
        "indoor": "yes",
        "level": "1",
        "osm_id": 1180384102,
        "osm_type": "way",
        "_category": "yes",
        "_level": 1,
        "_source": "level_1"
      }
    },
    {
      "type": "Feature",
      "geometry": {
        "type": "LineString",
        "coordinates": [
          [
            -0.4604166,
            51.4711247
          ],
          [
            -0.4603744,
            51.4711389
          ],
          [
            -0.460261,
            51.4710261
          ]
        ]
      },
      "properties": {
        "highway": "footway",
        "indoor": "yes",
        "level": "1",
        "osm_id": 1180384106,
        "osm_type": "way",
        "_category": "yes",
        "_level": 1,
        "_source": "level_1"
      }
    },
    {
      "type": "Feature",
      "geometry": {
        "type": "LineString",
        "coordinates": [
          [
            -0.460261,
            51.4710261
          ],
          [
            -0.4602322,
            51.4709927
          ],
          [
            -0.4593598,
            51.4701949
          ],
          [
            -0.4597092,
            51.4700336
          ],
          [
            -0.4598741,
            51.470184
          ]
        ]
      },
      "properties": {
        "highway": "footway",
        "indoor": "yes",
        "level": "1",
        "osm_id": 1180384107,
        "osm_type": "way",
        "_category": "yes",
        "_level": 1,
        "_source": "level_1"
      }
    },
    {
      "type": "Feature",
      "geometry": {
        "type": "LineString",
        "coordinates": [
          [
            -0.4549921,
            51.4687997
          ],
          [
            -0.4550578,
            51.4688002
          ],
          [
            -0.455058,
            51.4688514
          ]
        ]
      },
      "properties": {
        "highway": "footway",
        "indoor": "yes",
        "level": "1",
        "osm_id": 1180384111,
        "osm_type": "way",
        "_category": "yes",
        "_level": 1,
        "_source": "level_1"
      }
    },
    {
      "type": "Feature",
      "geometry": {
        "type": "LineString",
        "coordinates": [
          [
            -0.4562769,
            51.4688064
          ],
          [
            -0.4563426,
            51.4688068
          ],
          [
            -0.4563428,
            51.4688581
          ]
        ]
      },
      "properties": {
        "highway": "footway",
        "indoor": "yes",
        "level": "1",
        "osm_id": 1180384117,
        "osm_type": "way",
        "_category": "yes",
        "_level": 1,
        "_source": "level_1"
      }
    },
    {
      "type": "Feature",
      "geometry": {
        "type": "LineString",
        "coordinates": [
          [
            -0.4575657,
            51.4687855
          ],
          [
            -0.4576314,
            51.468786
          ],
          [
            -0.4576316,
            51.4688372
          ]
        ]
      },
      "properties": {
        "highway": "footway",
        "indoor": "yes",
        "level": "1",
        "osm_id": 1180384123,
        "osm_type": "way",
        "_category": "yes",
        "_level": 1,
        "_source": "level_1"
      }
    },
    {
      "type": "Feature",
      "geometry": {
        "type": "LineString",
        "coordinates": [
          [
            -0.4588515,
            51.4688106
          ],
          [
            -0.4589172,
            51.468811
          ],
          [
            -0.4589174,
            51.4688623
          ]
        ]
      },
      "properties": {
        "highway": "footway",
        "indoor": "yes",
        "level": "1",
        "osm_id": 1180384129,
        "osm_type": "way",
        "_category": "yes",
        "_level": 1,
        "_source": "level_1"
      }
    },
    {
      "type": "Feature",
      "geometry": {
        "type": "LineString",
        "coordinates": [
          [
            -0.4645871,
            51.4737479
          ],
          [
            -0.4645865,
            51.4737275
          ]
        ]
      },
      "properties": {
        "highway": "footway",
        "indoor": "yes",
        "level": "1",
        "osm_id": 1180384134,
        "osm_type": "way",
        "_category": "yes",
        "_level": 1,
        "_source": "level_1"
      }
    },
    {
      "type": "Feature",
      "geometry": {
        "type": "LineString",
        "coordinates": [
          [
            -0.4644929,
            51.4737262
          ],
          [
            -0.4644926,
            51.4737483
          ],
          [
            -0.4645871,
            51.4737479
          ]
        ]
      },
      "properties": {
        "highway": "footway",
        "indoor": "yes",
        "level": "1",
        "osm_id": 1180384137,
        "osm_type": "way",
        "_category": "yes",
        "_level": 1,
        "_source": "level_1"
      }
    },
    {
      "type": "Feature",
      "geometry": {
        "type": "LineString",
        "coordinates": [
          [
            -0.4644718,
            51.473328
          ],
          [
            -0.4644714,
            51.4733501
          ],
          [
            -0.464566,
            51.4733497
          ]
        ]
      },
      "properties": {
        "highway": "footway",
        "indoor": "yes",
        "level": "1",
        "osm_id": 1180384140,
        "osm_type": "way",
        "_category": "yes",
        "_level": 1,
        "_source": "level_1"
      }
    },
    {
      "type": "Feature",
      "geometry": {
        "type": "LineString",
        "coordinates": [
          [
            -0.464566,
            51.4733497
          ],
          [
            -0.4645653,
            51.4733292
          ]
        ]
      },
      "properties": {
        "highway": "footway",
        "indoor": "yes",
        "level": "1",
        "osm_id": 1180384142,
        "osm_type": "way",
        "_category": "yes",
        "_level": 1,
        "_source": "level_1"
      }
    },
    {
      "type": "Feature",
      "geometry": {
        "type": "LineString",
        "coordinates": [
          [
            -0.4626244,
            51.4734048
          ],
          [
            -0.4626465,
            51.473424
          ],
          [
            -0.4627337,
            51.4733906
          ]
        ]
      },
      "properties": {
        "highway": "footway",
        "indoor": "yes",
        "level": "1",
        "osm_id": 1180384146,
        "osm_type": "way",
        "_category": "yes",
        "_level": 1,
        "_source": "level_1"
      }
    },
    {
      "type": "Feature",
      "geometry": {
        "type": "LineString",
        "coordinates": [
          [
            -0.4621882,
            51.4730076
          ],
          [
            -0.4622103,
            51.4730268
          ],
          [
            -0.4622975,
            51.4729934
          ]
        ]
      },
      "properties": {
        "highway": "footway",
        "indoor": "yes",
        "level": "1",
        "osm_id": 1180384152,
        "osm_type": "way",
        "_category": "yes",
        "_level": 1,
        "_source": "level_1"
      }
    },
    {
      "type": "Feature",
      "geometry": {
        "type": "LineString",
        "coordinates": [
          [
            -0.4621687,
            51.4727176
          ],
          [
            -0.4619719,
            51.4728006
          ]
        ]
      },
      "properties": {
        "highway": "footway",
        "indoor": "yes",
        "level": "1",
        "osm_id": 1180384157,
        "osm_type": "way",
        "_category": "yes",
        "_level": 1,
        "_source": "level_1"
      }
    },
    {
      "type": "Feature",
      "geometry": {
        "type": "LineString",
        "coordinates": [
          [
            -0.4621111,
            51.4726671
          ],
          [
            -0.462159,
            51.4726489
          ],
          [
            -0.4622075,
            51.4726301
          ],
          [
            -0.4622512,
            51.4726117
          ],
          [
            -0.4622009,
            51.4725637
          ]
        ]
      },
      "properties": {
        "highway": "footway",
        "indoor": "yes",
        "level": "1",
        "osm_id": 1180384163,
        "osm_type": "way",
        "_category": "yes",
        "_level": 1,
        "_source": "level_1"
      }
    },
    {
      "type": "Feature",
      "geometry": {
        "type": "LineString",
        "coordinates": [
          [
            -0.4609774,
            51.4716395
          ],
          [
            -0.4611294,
            51.4715749
          ],
          [
            -0.4611474,
            51.4715902
          ],
          [
            -0.4611629,
            51.4716033
          ]
        ]
      },
      "properties": {
        "highway": "footway",
        "indoor": "yes",
        "level": "1",
        "osm_id": 1180384166,
        "osm_type": "way",
        "_category": "yes",
        "_level": 1,
        "_source": "level_1"
      }
    },
    {
      "type": "Feature",
      "geometry": {
        "type": "LineString",
        "coordinates": [
          [
            -0.4609144,
            51.4715816
          ],
          [
            -0.4609629,
            51.4715628
          ],
          [
            -0.4610167,
            51.4715419
          ],
          [
            -0.4609665,
            51.4714931
          ]
        ]
      },
      "properties": {
        "highway": "footway",
        "indoor": "yes",
        "level": "1",
        "osm_id": 1180384171,
        "osm_type": "way",
        "_category": "yes",
        "_level": 1,
        "_source": "level_1"
      }
    },
    {
      "type": "Feature",
      "geometry": {
        "type": "LineString",
        "coordinates": [
          [
            -0.4604166,
            51.4711247
          ],
          [
            -0.4604816,
            51.4710979
          ],
          [
            -0.4604059,
            51.4710328
          ]
        ]
      },
      "properties": {
        "highway": "footway",
        "indoor": "yes",
        "level": "1",
        "osm_id": 1180384174,
        "osm_type": "way",
        "_category": "yes",
        "_level": 1,
        "_source": "level_1"
      }
    },
    {
      "type": "Feature",
      "geometry": {
        "type": "LineString",
        "coordinates": [
          [
            -0.461344,
            51.4719759
          ],
          [
            -0.4609774,
            51.4716395
          ],
          [
            -0.4609144,
            51.4715816
          ],
          [
            -0.4604166,
            51.4711247
          ]
        ]
      },
      "properties": {
        "highway": "footway",
        "indoor": "yes",
        "level": "1",
        "osm_id": 1180384177,
        "osm_type": "way",
        "_category": "yes",
        "_level": 1,
        "_source": "level_1"
      }
    },
    {
      "type": "Feature",
      "geometry": {
        "type": "LineString",
        "coordinates": [
          [
            -0.4610489,
            51.4720971
          ],
          [
            -0.461344,
            51.4719759
          ],
          [
            -0.4621111,
            51.4726671
          ],
          [
            -0.4621687,
            51.4727176
          ],
          [
            -0.4631055,
            51.4735385
          ],
          [
            -0.4645801,
            51.4735798
          ],
          [
            -0.4645794,
            51.4736097
          ]
        ]
      },
      "properties": {
        "highway": "footway",
        "indoor": "yes",
        "level": "1",
        "osm_id": 1180384179,
        "osm_type": "way",
        "_category": "yes",
        "_level": 1,
        "_source": "level_1"
      }
    },
    {
      "type": "Feature",
      "geometry": {
        "type": "LineString",
        "coordinates": [
          [
            -0.4611817,
            51.4722265
          ],
          [
            -0.4613628,
            51.4722984
          ],
          [
            -0.4615009,
            51.4722483
          ],
          [
            -0.4616749,
            51.4724151
          ],
          [
            -0.4617047,
            51.4724437
          ],
          [
            -0.4615993,
            51.4724883
          ]
        ]
      },
      "properties": {
        "highway": "footway",
        "indoor": "yes",
        "level": "1",
        "osm_id": 1180384187,
        "osm_type": "way",
        "_category": "yes",
        "_level": 1,
        "_source": "level_1"
      }
    },
    {
      "type": "Feature",
      "geometry": {
        "type": "LineString",
        "coordinates": [
          [
            -0.4611817,
            51.4722265
          ],
          [
            -0.461069,
            51.4722675
          ],
          [
            -0.4610485,
            51.4722479
          ],
          [
            -0.4609724,
            51.4721756
          ],
          [
            -0.4609336,
            51.4721388
          ],
          [
            -0.4610489,
            51.4720971
          ]
        ]
      },
      "properties": {
        "highway": "footway",
        "indoor": "yes",
        "level": "1",
        "osm_id": 1180384193,
        "osm_type": "way",
        "_category": "yes",
        "_level": 1,
        "_source": "level_1"
      }
    },
    {
      "type": "Feature",
      "geometry": {
        "type": "LineString",
        "coordinates": [
          [
            -0.4604186,
            51.4714563
          ],
          [
            -0.4604387,
            51.4714481
          ],
          [
            -0.4604615,
            51.4714388
          ]
        ]
      },
      "properties": {
        "highway": "footway",
        "indoor": "yes",
        "level": "1",
        "osm_id": 1180384197,
        "osm_type": "way",
        "_category": "yes",
        "_level": 1,
        "_source": "level_1"
      }
    },
    {
      "type": "Feature",
      "geometry": {
        "type": "LineString",
        "coordinates": [
          [
            -0.4602014,
            51.4715098
          ],
          [
            -0.4602295,
            51.4715332
          ],
          [
            -0.4604186,
            51.4714563
          ]
        ]
      },
      "properties": {
        "highway": "footway",
        "indoor": "yes",
        "level": "1",
        "osm_id": 1180384198,
        "osm_type": "way",
        "_category": "yes",
        "_level": 1,
        "_source": "level_1"
      }
    },
    {
      "type": "Feature",
      "geometry": {
        "type": "LineString",
        "coordinates": [
          [
            -0.4596064,
            51.4710017
          ],
          [
            -0.4596414,
            51.4710328
          ]
        ]
      },
      "properties": {
        "highway": "footway",
        "indoor": "yes",
        "level": "1",
        "osm_id": 1180384201,
        "osm_type": "way",
        "_category": "yes",
        "_level": 1,
        "_source": "level_1"
      }
    },
    {
      "type": "Feature",
      "geometry": {
        "type": "LineString",
        "coordinates": [
          [
            -0.4599824,
            51.4714108
          ],
          [
            -0.460076,
            51.4713688
          ]
        ]
      },
      "properties": {
        "highway": "footway",
        "indoor": "yes",
        "level": "1",
        "osm_id": 1180384209,
        "osm_type": "way",
        "_category": "yes",
        "_level": 1,
        "_source": "level_1"
      }
    },
    {
      "type": "Feature",
      "geometry": {
        "type": "LineString",
        "coordinates": [
          [
            -0.4602014,
            51.4715098
          ],
          [
            -0.4601256,
            51.4715415
          ],
          [
            -0.4599824,
            51.4714108
          ],
          [
            -0.4595648,
            51.4710191
          ],
          [
            -0.4596064,
            51.4710017
          ],
          [
            -0.4596502,
            51.4709835
          ]
        ]
      },
      "properties": {
        "highway": "footway",
        "indoor": "yes",
        "level": "1",
        "osm_id": 1180384215,
        "osm_type": "way",
        "_category": "yes",
        "_level": 1,
        "_source": "level_1"
      }
    },
    {
      "type": "Feature",
      "geometry": {
        "type": "LineString",
        "coordinates": [
          [
            -0.440927,
            51.4613538
          ],
          [
            -0.440923,
            51.461292
          ]
        ]
      },
      "properties": {
        "highway": "footway",
        "indoor": "yes",
        "level": "1",
        "osm_id": 1203896985,
        "osm_type": "way",
        "_category": "yes",
        "_level": 1,
        "_source": "level_1"
      }
    },
    {
      "type": "Feature",
      "geometry": {
        "type": "LineString",
        "coordinates": [
          [
            -0.4411896,
            51.4613886
          ],
          [
            -0.4409847,
            51.461353
          ],
          [
            -0.440927,
            51.4613538
          ],
          [
            -0.4409324,
            51.4614206
          ]
        ]
      },
      "properties": {
        "highway": "footway",
        "indoor": "yes",
        "level": "1",
        "osm_id": 1203896986,
        "osm_type": "way",
        "_category": "yes",
        "_level": 1,
        "_source": "level_1"
      }
    },
    {
      "type": "Feature",
      "geometry": {
        "type": "LineString",
        "coordinates": [
          [
            -0.4424733,
            51.4600561
          ],
          [
            -0.4422534,
            51.4601405
          ],
          [
            -0.4420763,
            51.4600983
          ]
        ]
      },
      "properties": {
        "highway": "footway",
        "indoor": "yes",
        "level": "1",
        "osm_id": 1203896988,
        "osm_type": "way",
        "_category": "yes",
        "_level": 1,
        "_source": "level_1"
      }
    },
    {
      "type": "Feature",
      "geometry": {
        "type": "LineString",
        "coordinates": [
          [
            -0.4421608,
            51.460621
          ],
          [
            -0.4418457,
            51.460738
          ],
          [
            -0.4416618,
            51.4607014
          ]
        ]
      },
      "properties": {
        "highway": "footway",
        "indoor": "yes",
        "level": "1",
        "osm_id": 1203896989,
        "osm_type": "way",
        "_category": "yes",
        "_level": 1,
        "_source": "level_1"
      }
    },
    {
      "type": "Feature",
      "geometry": {
        "type": "LineString",
        "coordinates": [
          [
            -0.4412539,
            51.461295
          ],
          [
            -0.4414085,
            51.4613371
          ],
          [
            -0.4416512,
            51.4612702
          ]
        ]
      },
      "properties": {
        "highway": "footway",
        "indoor": "yes",
        "level": "1",
        "osm_id": 1203896990,
        "osm_type": "way",
        "_category": "yes",
        "_level": 1,
        "_source": "level_1"
      }
    },
    {
      "type": "Feature",
      "geometry": {
        "type": "LineString",
        "coordinates": [
          [
            -0.4479599,
            51.4601719
          ],
          [
            -0.4482105,
            51.4602859
          ],
          [
            -0.4486263,
            51.4601923
          ]
        ]
      },
      "properties": {
        "highway": "footway",
        "indoor": "yes",
        "level": "1",
        "osm_id": 1203897013,
        "osm_type": "way",
        "_category": "yes",
        "_level": 1,
        "_source": "level_1"
      }
    },
    {
      "type": "Feature",
      "geometry": {
        "type": "LineString",
        "coordinates": [
          [
            -0.4476447,
            51.4598851
          ],
          [
            -0.4480416,
            51.4601105
          ],
          [
            -0.4479599,
            51.4601719
          ],
          [
            -0.4477063,
            51.4603628
          ],
          [
            -0.447284,
            51.4601454
          ]
        ]
      },
      "properties": {
        "highway": "footway",
        "indoor": "yes",
        "level": "1",
        "osm_id": 1203897014,
        "osm_type": "way",
        "_category": "yes",
        "_level": 1,
        "_source": "level_1"
      }
    },
    {
      "type": "Feature",
      "geometry": {
        "type": "LineString",
        "coordinates": [
          [
            -0.4471497,
            51.4605859
          ],
          [
            -0.4472771,
            51.4606385
          ]
        ]
      },
      "properties": {
        "highway": "footway",
        "indoor": "yes",
        "level": "1",
        "osm_id": 1203897015,
        "osm_type": "way",
        "_category": "yes",
        "_level": 1,
        "_source": "level_1"
      }
    },
    {
      "type": "Feature",
      "geometry": {
        "type": "LineString",
        "coordinates": [
          [
            -0.4466512,
            51.460602
          ],
          [
            -0.4465301,
            51.4605583
          ],
          [
            -0.4463437,
            51.4605617
          ],
          [
            -0.4462391,
            51.4605074
          ],
          [
            -0.4460219,
            51.4606402
          ],
          [
            -0.4459035,
            51.4605957
          ],
          [
            -0.4456893,
            51.4605032
          ],
          [
            -0.4456933,
            51.4603519
          ],
          [
            -0.4450368,
            51.4599784
          ],
          [
            -0.4445326,
            51.4597123
          ],
          [
            -0.44397,
            51.4595769
          ],
          [
            -0.4428273,
            51.4595556
          ],
          [
            -0.442421,
            51.4596007
          ],
          [
            -0.4423331,
            51.4597244
          ],
          [
            -0.4420763,
            51.4600983
          ],
          [
            -0.4416618,
            51.4607014
          ],
          [
            -0.4412539,
            51.461295
          ],
          [
            -0.4411896,
            51.4613886
          ],
          [
            -0.4409471,
            51.4617415
          ],
          [
            -0.4410222,
            51.4618
          ],
          [
            -0.4412408,
            51.461876
          ]
        ]
      },
      "properties": {
        "highway": "footway",
        "indoor": "yes",
        "level": "1",
        "osm_id": 1203897017,
        "osm_type": "way",
        "_category": "yes",
        "_level": 1,
        "_source": "level_1"
      }
    },
    {
      "type": "Feature",
      "geometry": {
        "type": "LineString",
        "coordinates": [
          [
            -0.4470109,
            51.4607352
          ],
          [
            -0.4471497,
            51.4605859
          ],
          [
            -0.4469137,
            51.4604615
          ]
        ]
      },
      "properties": {
        "highway": "footway",
        "indoor": "yes",
        "level": "1",
        "osm_id": 1203897018,
        "osm_type": "way",
        "_category": "yes",
        "_level": 1,
        "_source": "level_1"
      }
    },
    {
      "type": "Feature",
      "geometry": {
        "type": "LineString",
        "coordinates": [
          [
            -0.446711,
            51.4605588
          ],
          [
            -0.4470109,
            51.4607352
          ],
          [
            -0.4470626,
            51.4607655
          ],
          [
            -0.4472771,
            51.4606385
          ],
          [
            -0.4473817,
            51.460702
          ],
          [
            -0.4478712,
            51.4607238
          ]
        ]
      },
      "properties": {
        "highway": "footway",
        "indoor": "yes",
        "level": "1",
        "osm_id": 1203897019,
        "osm_type": "way",
        "_category": "yes",
        "_level": 1,
        "_source": "level_1"
      }
    },
    {
      "type": "Feature",
      "geometry": {
        "type": "LineString",
        "coordinates": [
          [
            -0.4464939,
            51.4611482
          ],
          [
            -0.446159,
            51.4609571
          ]
        ]
      },
      "properties": {
        "highway": "footway",
        "indoor": "yes",
        "level": "1",
        "osm_id": 1203897020,
        "osm_type": "way",
        "_category": "yes",
        "_level": 1,
        "_source": "level_1"
      }
    },
    {
      "type": "Feature",
      "geometry": {
        "type": "LineString",
        "coordinates": [
          [
            -0.4462726,
            51.461317
          ],
          [
            -0.445918,
            51.461131
          ]
        ]
      },
      "properties": {
        "highway": "footway",
        "indoor": "yes",
        "level": "1",
        "osm_id": 1203897021,
        "osm_type": "way",
        "_category": "yes",
        "_level": 1,
        "_source": "level_1"
      }
    },
    {
      "type": "Feature",
      "geometry": {
        "type": "LineString",
        "coordinates": [
          [
            -0.4462378,
            51.4613479
          ],
          [
            -0.4462753,
            51.4613659
          ],
          [
            -0.4465704,
            51.4613688
          ],
          [
            -0.4468158,
            51.4615159
          ]
        ]
      },
      "properties": {
        "aeroway": "jet_bridge",
        "highway": "corridor",
        "indoor": "yes",
        "layer": "1",
        "level": "1",
        "osm_id": 1203897022,
        "osm_type": "way",
        "_category": "corridor",
        "_level": 1,
        "_source": "level_1"
      }
    },
    {
      "type": "Feature",
      "geometry": {
        "type": "LineString",
        "coordinates": [
          [
            -0.4465128,
            51.4611451
          ],
          [
            -0.4465529,
            51.4612109
          ],
          [
            -0.4465583,
            51.4612552
          ],
          [
            -0.4465972,
            51.4612752
          ],
          [
            -0.4470512,
            51.461246
          ]
        ]
      },
      "properties": {
        "highway": "footway",
        "indoor": "yes",
        "level": "1",
        "osm_id": 1203897023,
        "osm_type": "way",
        "_category": "yes",
        "_level": 1,
        "_source": "level_1"
      }
    },
    {
      "type": "Feature",
      "geometry": {
        "type": "LineString",
        "coordinates": [
          [
            -0.4457697,
            51.461238
          ],
          [
            -0.4462378,
            51.4613479
          ],
          [
            -0.4462726,
            51.461317
          ],
          [
            -0.4464939,
            51.4611482
          ],
          [
            -0.4465128,
            51.4611451
          ],
          [
            -0.4466079,
            51.461129
          ],
          [
            -0.4468319,
            51.4611875
          ]
        ]
      },
      "properties": {
        "highway": "footway",
        "indoor": "yes",
        "level": "1",
        "osm_id": 1203897024,
        "osm_type": "way",
        "_category": "yes",
        "_level": 1,
        "_source": "level_1"
      }
    },
    {
      "type": "Feature",
      "geometry": {
        "type": "LineString",
        "coordinates": [
          [
            -0.4454961,
            51.4618535
          ],
          [
            -0.4452051,
            51.4617799
          ],
          [
            -0.4452978,
            51.4617126
          ]
        ]
      },
      "properties": {
        "highway": "footway",
        "indoor": "yes",
        "level": "1",
        "osm_id": 1203897025,
        "osm_type": "way",
        "_category": "yes",
        "_level": 1,
        "_source": "level_1"
      }
    },
    {
      "type": "Feature",
      "geometry": {
        "type": "LineString",
        "coordinates": [
          [
            -0.4453238,
            51.461012
          ],
          [
            -0.4452118,
            51.4609753
          ],
          [
            -0.4450093,
            51.4610496
          ]
        ]
      },
      "properties": {
        "highway": "footway",
        "indoor": "yes",
        "level": "1",
        "osm_id": 1203897026,
        "osm_type": "way",
        "_category": "yes",
        "_level": 1,
        "_source": "level_1"
      }
    },
    {
      "type": "Feature",
      "geometry": {
        "type": "LineString",
        "coordinates": [
          [
            -0.4455712,
            51.4605558
          ],
          [
            -0.4456078,
            51.4605048
          ],
          [
            -0.4454881,
            51.4604773
          ],
          [
            -0.445307,
            51.4605483
          ]
        ]
      },
      "properties": {
        "highway": "footway",
        "indoor": "yes",
        "level": "1",
        "osm_id": 1203897027,
        "osm_type": "way",
        "_category": "yes",
        "_level": 1,
        "_source": "level_1"
      }
    },
    {
      "type": "Feature",
      "geometry": {
        "type": "LineString",
        "coordinates": [
          [
            -0.445627,
            51.461341
          ],
          [
            -0.4455042,
            51.4612811
          ],
          [
            -0.4452413,
            51.4611382
          ],
          [
            -0.4453238,
            51.461012
          ],
          [
            -0.4454559,
            51.4608098
          ],
          [
            -0.4455526,
            51.460839
          ],
          [
            -0.4456718,
            51.4608992
          ],
          [
            -0.4458489,
            51.4607071
          ],
          [
            -0.4457952,
            51.4606469
          ],
          [
            -0.4457251,
            51.4605961
          ],
          [
            -0.4455712,
            51.4605558
          ],
          [
            -0.4455297,
            51.4606135
          ]
        ]
      },
      "properties": {
        "highway": "footway",
        "indoor": "yes",
        "level": "1",
        "osm_id": 1203897028,
        "osm_type": "way",
        "_category": "yes",
        "_level": 1,
        "_source": "level_1"
      }
    },
    {
      "type": "Feature",
      "geometry": {
        "type": "LineString",
        "coordinates": [
          [
            -0.4458063,
            51.4609507
          ],
          [
            -0.4456718,
            51.4608992
          ],
          [
            -0.4456088,
            51.4609594
          ]
        ]
      },
      "properties": {
        "highway": "footway",
        "indoor": "yes",
        "level": "1",
        "osm_id": 1203897029,
        "osm_type": "way",
        "_category": "yes",
        "_level": 1,
        "_source": "level_1"
      }
    },
    {
      "type": "Feature",
      "geometry": {
        "type": "LineString",
        "coordinates": [
          [
            -0.4447022,
            51.4617933
          ],
          [
            -0.4447304,
            51.4617198
          ],
          [
            -0.4443938,
            51.4617223
          ]
        ]
      },
      "properties": {
        "highway": "footway",
        "indoor": "yes",
        "level": "1",
        "osm_id": 1203897030,
        "osm_type": "way",
        "_category": "yes",
        "_level": 1,
        "_source": "level_1"
      }
    },
    {
      "type": "Feature",
      "geometry": {
        "type": "LineString",
        "coordinates": [
          [
            -0.4445815,
            51.461952
          ],
          [
            -0.4445171,
            51.4619529
          ],
          [
            -0.4443374,
            51.4620197
          ]
        ]
      },
      "properties": {
        "highway": "footway",
        "indoor": "yes",
        "level": "1",
        "osm_id": 1203897031,
        "osm_type": "way",
        "_category": "yes",
        "_level": 1,
        "_source": "level_1"
      }
    },
    {
      "type": "Feature",
      "geometry": {
        "type": "LineString",
        "coordinates": [
          [
            -0.4446659,
            51.46198
          ],
          [
            -0.4445815,
            51.461952
          ],
          [
            -0.4447022,
            51.4617933
          ],
          [
            -0.4447733,
            51.4618058
          ]
        ]
      },
      "properties": {
        "highway": "footway",
        "indoor": "yes",
        "level": "1",
        "osm_id": 1203897032,
        "osm_type": "way",
        "_category": "yes",
        "_level": 1,
        "_source": "level_1"
      }
    },
    {
      "type": "Feature",
      "geometry": {
        "type": "LineString",
        "coordinates": [
          [
            -0.4450327,
            51.4618787
          ],
          [
            -0.4447733,
            51.4618058
          ],
          [
            -0.4446659,
            51.46198
          ],
          [
            -0.4446177,
            51.4620582
          ]
        ]
      },
      "properties": {
        "highway": "footway",
        "indoor": "yes",
        "level": "1",
        "osm_id": 1203897033,
        "osm_type": "way",
        "_category": "yes",
        "_level": 1,
        "_source": "level_1"
      }
    },
    {
      "type": "Feature",
      "geometry": {
        "type": "LineString",
        "coordinates": [
          [
            -0.4443673,
            51.4624257
          ],
          [
            -0.4441899,
            51.4623932
          ],
          [
            -0.4437983,
            51.4625252
          ]
        ]
      },
      "properties": {
        "highway": "footway",
        "indoor": "yes",
        "level": "1",
        "osm_id": 1203897034,
        "osm_type": "way",
        "_category": "yes",
        "_level": 1,
        "_source": "level_1"
      }
    },
    {
      "type": "Feature",
      "geometry": {
        "type": "Polygon",
        "coordinates": [
          [
            [
              -0.4447451,
              51.4623047
            ],
            [
              -0.4446486,
              51.462445
            ],
            [
              -0.4444689,
              51.4624901
            ],
            [
              -0.4443401,
              51.4624701
            ],
            [
              -0.4443673,
              51.4624257
            ],
            [
              -0.4444608,
              51.4622729
            ],
            [
              -0.4445413,
              51.4622913
            ],
            [
              -0.4446137,
              51.4622361
            ],
            [
              -0.4447451,
              51.4623047
            ]
          ]
        ]
      },
      "properties": {
        "highway": "footway",
        "indoor": "yes",
        "level": "1",
        "osm_id": 1203897035,
        "osm_type": "way",
        "_category": "yes",
        "_level": 1,
        "_source": "level_1"
      }
    },
    {
      "type": "Feature",
      "geometry": {
        "type": "LineString",
        "coordinates": [
          [
            -0.4450938,
            51.4623431
          ],
          [
            -0.4449423,
            51.4622946
          ],
          [
            -0.4447818,
            51.4622503
          ]
        ]
      },
      "properties": {
        "highway": "footway",
        "indoor": "yes",
        "level": "1",
        "osm_id": 1203897036,
        "osm_type": "way",
        "_category": "yes",
        "_level": 1,
        "_source": "level_1"
      }
    },
    {
      "type": "Feature",
      "geometry": {
        "type": "LineString",
        "coordinates": [
          [
            -0.4449034,
            51.4617356
          ],
          [
            -0.4450683,
            51.4618259
          ],
          [
            -0.4450327,
            51.4618787
          ],
          [
            -0.4447818,
            51.4622503
          ],
          [
            -0.4447451,
            51.4623047
          ],
          [
            -0.4450133,
            51.4624383
          ],
          [
            -0.445295,
            51.4625085
          ],
          [
            -0.4453325,
            51.4624784
          ],
          [
            -0.4452065,
            51.4623698
          ],
          [
            -0.4450938,
            51.4623431
          ],
          [
            -0.4451448,
            51.4622579
          ],
          [
            -0.4453298,
            51.4623598
          ]
        ]
      },
      "properties": {
        "highway": "footway",
        "indoor": "yes",
        "level": "1",
        "osm_id": 1203897037,
        "osm_type": "way",
        "_category": "yes",
        "_level": 1,
        "_source": "level_1"
      }
    },
    {
      "type": "Feature",
      "geometry": {
        "type": "LineString",
        "coordinates": [
          [
            -0.4449872,
            51.4614912
          ],
          [
            -0.4451086,
            51.4613421
          ],
          [
            -0.4452145,
            51.4613705
          ],
          [
            -0.445091,
            51.461559
          ]
        ]
      },
      "properties": {
        "highway": "footway",
        "indoor": "yes",
        "level": "1",
        "osm_id": 1203897038,
        "osm_type": "way",
        "_category": "yes",
        "_level": 1,
        "_source": "level_1"
      }
    },
    {
      "type": "Feature",
      "geometry": {
        "type": "LineString",
        "coordinates": [
          [
            -0.4452641,
            51.4616028
          ],
          [
            -0.445091,
            51.461559
          ],
          [
            -0.4449617,
            51.4615263
          ],
          [
            -0.4449872,
            51.4614912
          ],
          [
            -0.4446248,
            51.4613901
          ]
        ]
      },
      "properties": {
        "highway": "footway",
        "indoor": "yes",
        "level": "1",
        "osm_id": 1203897039,
        "osm_type": "way",
        "_category": "yes",
        "_level": 1,
        "_source": "level_1"
      }
    },
    {
      "type": "Feature",
      "geometry": {
        "type": "LineString",
        "coordinates": [
          [
            -0.4457469,
            51.4617799
          ],
          [
            -0.4457013,
            51.4618108
          ],
          [
            -0.4457885,
            51.4618601
          ],
          [
            -0.4461855,
            51.4618501
          ]
        ]
      },
      "properties": {
        "highway": "footway",
        "indoor": "yes",
        "level": "1",
        "osm_id": 1203897040,
        "osm_type": "way",
        "_category": "yes",
        "_level": 1,
        "_source": "level_1"
      }
    },
    {
      "type": "Feature",
      "geometry": {
        "type": "LineString",
        "coordinates": [
          [
            -0.4457885,
            51.4616646
          ],
          [
            -0.4458462,
            51.4617097
          ],
          [
            -0.4457469,
            51.4617799
          ],
          [
            -0.4457858,
            51.461795
          ],
          [
            -0.445991,
            51.4618033
          ]
        ]
      },
      "properties": {
        "highway": "footway",
        "indoor": "yes",
        "level": "1",
        "osm_id": 1203897041,
        "osm_type": "way",
        "_category": "yes",
        "_level": 1,
        "_source": "level_1"
      }
    },
    {
      "type": "Feature",
      "geometry": {
        "type": "LineString",
        "coordinates": [
          [
            -0.445531,
            51.4618284
          ],
          [
            -0.4454961,
            51.4618535
          ],
          [
            -0.4457456,
            51.4619846
          ],
          [
            -0.4460138,
            51.4619813
          ]
        ]
      },
      "properties": {
        "highway": "footway",
        "indoor": "yes",
        "level": "1",
        "osm_id": 1203897042,
        "osm_type": "way",
        "_category": "yes",
        "_level": 1,
        "_source": "level_1"
      }
    },
    {
      "type": "Feature",
      "geometry": {
        "type": "LineString",
        "coordinates": [
          [
            -0.4451877,
            51.4616579
          ],
          [
            -0.4452978,
            51.4617126
          ],
          [
            -0.445531,
            51.4618284
          ],
          [
            -0.4457885,
            51.4616646
          ],
          [
            -0.4456155,
            51.4615744
          ],
          [
            -0.4454371,
            51.461478
          ]
        ]
      },
      "properties": {
        "highway": "footway",
        "indoor": "yes",
        "level": "1",
        "osm_id": 1203897043,
        "osm_type": "way",
        "_category": "yes",
        "_level": 1,
        "_source": "level_1"
      }
    },
    {
      "type": "Feature",
      "geometry": {
        "type": "LineString",
        "coordinates": [
          [
            -0.4593598,
            51.4701949
          ],
          [
            -0.458643,
            51.4695683
          ],
          [
            -0.45779,
            51.4699228
          ]
        ]
      },
      "properties": {
        "highway": "footway",
        "indoor": "yes",
        "level": "1",
        "osm_id": 1216036420,
        "osm_type": "way",
        "_category": "yes",
        "_level": 1,
        "_source": "level_1"
      }
    },
    {
      "type": "Feature",
      "geometry": {
        "type": "LineString",
        "coordinates": [
          [
            -0.4479712,
            51.4700451
          ],
          [
            -0.4479674,
            51.4698461
          ],
          [
            -0.4479666,
            51.4698068
          ]
        ]
      },
      "properties": {
        "highway": "footway",
        "indoor": "yes",
        "level": "1",
        "osm_id": 1370664638,
        "osm_type": "way",
        "_category": "yes",
        "_level": 1,
        "_source": "level_1"
      }
    },
    {
      "type": "Feature",
      "geometry": {
        "type": "LineString",
        "coordinates": [
          [
            -0.4573468,
            51.4718439
          ],
          [
            -0.4574016,
            51.4718248
          ]
        ]
      },
      "properties": {
        "highway": "footway",
        "indoor": "yes",
        "level": "1",
        "osm_id": 1370665640,
        "osm_type": "way",
        "_category": "yes",
        "_level": 1,
        "_source": "level_1"
      }
    },
    {
      "type": "Feature",
      "geometry": {
        "type": "LineString",
        "coordinates": [
          [
            -0.4890051,
            51.4729286
          ],
          [
            -0.4890053,
            51.4729567
          ]
        ]
      },
      "properties": {
        "highway": "footway",
        "indoor": "yes",
        "level": "1",
        "level_ref": "1",
        "osm_id": 1461185193,
        "osm_type": "way",
        "_category": "yes",
        "_level": 1,
        "_source": "level_1"
      }
    },
    {
      "type": "Feature",
      "geometry": {
        "type": "LineString",
        "coordinates": [
          [
            -0.4890508,
            51.47272
          ],
          [
            -0.4890512,
            51.4727397
          ]
        ]
      },
      "properties": {
        "highway": "footway",
        "indoor": "yes",
        "level": "1",
        "osm_id": 1461185194,
        "osm_type": "way",
        "_category": "yes",
        "_level": 1,
        "_source": "level_1"
      }
    },
    {
      "type": "Feature",
      "geometry": {
        "type": "LineString",
        "coordinates": [
          [
            -0.4890053,
            51.4729567
          ],
          [
            -0.4888915,
            51.4729571
          ],
          [
            -0.4888895,
            51.4727206
          ],
          [
            -0.4889746,
            51.4727203
          ]
        ]
      },
      "properties": {
        "highway": "footway",
        "indoor": "yes",
        "level": "1",
        "level_ref": "1",
        "osm_id": 1461185195,
        "osm_type": "way",
        "_category": "yes",
        "_level": 1,
        "_source": "level_1"
      }
    },
    {
      "type": "Feature",
      "geometry": {
        "type": "LineString",
        "coordinates": [
          [
            -0.4889741,
            51.4726833
          ],
          [
            -0.4889746,
            51.4727203
          ],
          [
            -0.4890508,
            51.47272
          ],
          [
            -0.4890774,
            51.4727199
          ],
          [
            -0.4890773,
            51.4726829
          ]
        ]
      },
      "properties": {
        "highway": "footway",
        "indoor": "yes",
        "level": "1",
        "level_ref": "1",
        "osm_id": 1461185196,
        "osm_type": "way",
        "_category": "yes",
        "_level": 1,
        "_source": "level_1"
      }
    },
    {
      "type": "Feature",
      "geometry": {
        "type": "LineString",
        "coordinates": [
          [
            -0.4867758,
            51.4710265
          ],
          [
            -0.4868196,
            51.4710259
          ],
          [
            -0.48682,
            51.4710483
          ]
        ]
      },
      "properties": {
        "highway": "footway",
        "indoor": "yes",
        "level": "1",
        "level_ref": "1",
        "osm_id": 1461185211,
        "osm_type": "way",
        "_category": "yes",
        "_level": 1,
        "_source": "level_1"
      }
    },
    {
      "type": "Feature",
      "geometry": {
        "type": "LineString",
        "coordinates": [
          [
            -0.4868372,
            51.4721558
          ],
          [
            -0.4868372,
            51.4721452
          ],
          [
            -0.4867934,
            51.4721449
          ]
        ]
      },
      "properties": {
        "highway": "footway",
        "indoor": "yes",
        "level": "1",
        "level_ref": "1",
        "osm_id": 1461185215,
        "osm_type": "way",
        "_category": "yes",
        "_level": 1,
        "_source": "level_1"
      }
    },
    {
      "type": "Feature",
      "geometry": {
        "type": "LineString",
        "coordinates": [
          [
            -0.4867827,
            51.4724521
          ],
          [
            -0.4868274,
            51.4724518
          ],
          [
            -0.4868271,
            51.4724947
          ]
        ]
      },
      "properties": {
        "highway": "footway",
        "indoor": "yes",
        "level": "1",
        "level_ref": "1",
        "osm_id": 1461185220,
        "osm_type": "way",
        "_category": "yes",
        "_level": 1,
        "_source": "level_1"
      }
    },
    {
      "type": "Feature",
      "geometry": {
        "type": "LineString",
        "coordinates": [
          [
            -0.4868812,
            51.4727366
          ],
          [
            -0.4868467,
            51.4727365
          ],
          [
            -0.4868343,
            51.4727366
          ]
        ]
      },
      "properties": {
        "highway": "footway",
        "indoor": "yes",
        "level": "1",
        "level_ref": "1",
        "osm_id": 1461185221,
        "osm_type": "way",
        "_category": "yes",
        "_level": 1,
        "_source": "level_1"
      }
    },
    {
      "type": "Feature",
      "geometry": {
        "type": "LineString",
        "coordinates": [
          [
            -0.4868467,
            51.4727365
          ],
          [
            -0.4868467,
            51.4727942
          ],
          [
            -0.486805,
            51.4727943
          ]
        ]
      },
      "properties": {
        "highway": "footway",
        "indoor": "yes",
        "level": "1",
        "level_ref": "1",
        "osm_id": 1461185222,
        "osm_type": "way",
        "_category": "yes",
        "_level": 1,
        "_source": "level_1"
      }
    },
    {
      "type": "Feature",
      "geometry": {
        "type": "LineString",
        "coordinates": [
          [
            -0.4868909,
            51.4708063
          ],
          [
            -0.4868908,
            51.4708399
          ],
          [
            -0.4868902,
            51.4709949
          ]
        ]
      },
      "properties": {
        "highway": "footway",
        "indoor": "yes",
        "level": "1",
        "level_ref": "1",
        "osm_id": 1461185225,
        "osm_type": "way",
        "_category": "yes",
        "_level": 1,
        "_source": "level_1"
      }
    },
    {
      "type": "Feature",
      "geometry": {
        "type": "LineString",
        "coordinates": [
          [
            -0.4868902,
            51.4709949
          ],
          [
            -0.4868889,
            51.4710489
          ]
        ]
      },
      "properties": {
        "highway": "footway",
        "indoor": "yes",
        "level": "1",
        "level_ref": "1",
        "osm_id": 1461185226,
        "osm_type": "way",
        "_category": "yes",
        "_level": 1,
        "_source": "level_1"
      }
    },
    {
      "type": "Feature",
      "geometry": {
        "type": "LineString",
        "coordinates": [
          [
            -0.4867671,
            51.4707786
          ],
          [
            -0.4868152,
            51.4707786
          ],
          [
            -0.4868152,
            51.4708401
          ],
          [
            -0.4868908,
            51.4708399
          ]
        ]
      },
      "properties": {
        "highway": "footway",
        "indoor": "yes",
        "level": "1",
        "level_ref": "1",
        "osm_id": 1461185229,
        "osm_type": "way",
        "_category": "yes",
        "_level": 1,
        "_source": "level_1"
      }
    },
    {
      "type": "Feature",
      "geometry": {
        "type": "LineString",
        "coordinates": [
          [
            -0.487728,
            51.4732463
          ],
          [
            -0.4877282,
            51.4732918
          ]
        ]
      },
      "properties": {
        "highway": "footway",
        "indoor": "yes",
        "level": "1",
        "level_ref": "1",
        "osm_id": 1461185234,
        "osm_type": "way",
        "_category": "yes",
        "_level": 1,
        "_source": "level_1"
      }
    },
    {
      "type": "Feature",
      "geometry": {
        "type": "LineString",
        "coordinates": [
          [
            -0.4867849,
            51.4717459
          ],
          [
            -0.4867846,
            51.4717161
          ]
        ]
      },
      "properties": {
        "highway": "footway",
        "indoor": "yes",
        "level": "1",
        "level_ref": "1",
        "osm_id": 1461185235,
        "osm_type": "way",
        "_category": "yes",
        "_level": 1,
        "_source": "level_1"
      }
    },
    {
      "type": "Feature",
      "geometry": {
        "type": "LineString",
        "coordinates": [
          [
            -0.4867597,
            51.4717163
          ],
          [
            -0.4867846,
            51.4717161
          ],
          [
            -0.4868883,
            51.471716
          ]
        ]
      },
      "properties": {
        "highway": "footway",
        "indoor": "yes",
        "level": "1",
        "level_ref": "1",
        "osm_id": 1461185236,
        "osm_type": "way",
        "_category": "yes",
        "_level": 1,
        "_source": "level_1"
      }
    },
    {
      "type": "Feature",
      "geometry": {
        "type": "LineString",
        "coordinates": [
          [
            -0.4869102,
            51.4712239
          ],
          [
            -0.4869524,
            51.4712238
          ]
        ]
      },
      "properties": {
        "highway": "footway",
        "indoor": "yes",
        "level": "1",
        "level_ref": "1",
        "osm_id": 1461185240,
        "osm_type": "way",
        "_category": "yes",
        "_level": 1,
        "_source": "level_1"
      }
    },
    {
      "type": "Feature",
      "geometry": {
        "type": "LineString",
        "coordinates": [
          [
            -0.4869259,
            51.4709945
          ],
          [
            -0.4869059,
            51.4709948
          ],
          [
            -0.4868902,
            51.4709949
          ]
        ]
      },
      "properties": {
        "highway": "footway",
        "indoor": "yes",
        "level": "1",
        "level_ref": "1",
        "osm_id": 1461185245,
        "osm_type": "way",
        "_category": "yes",
        "_level": 1,
        "_source": "level_1"
      }
    },
    {
      "type": "Feature",
      "geometry": {
        "type": "LineString",
        "coordinates": [
          [
            -0.4869542,
            51.4713128
          ],
          [
            -0.4871238,
            51.4713114
          ]
        ]
      },
      "properties": {
        "highway": "footway",
        "indoor": "yes",
        "level": "1",
        "level_ref": "1",
        "osm_id": 1461185250,
        "osm_type": "way",
        "_category": "yes",
        "_level": 1,
        "_source": "level_1"
      }
    },
    {
      "type": "Feature",
      "geometry": {
        "type": "LineString",
        "coordinates": [
          [
            -0.4870316,
            51.4711416
          ],
          [
            -0.4870326,
            51.471177
          ]
        ]
      },
      "properties": {
        "highway": "footway",
        "indoor": "yes",
        "level": "1",
        "level_ref": "1",
        "osm_id": 1461185251,
        "osm_type": "way",
        "_category": "yes",
        "_level": 1,
        "_source": "level_1"
      }
    },
    {
      "type": "Feature",
      "geometry": {
        "type": "LineString",
        "coordinates": [
          [
            -0.4868307,
            51.4704357
          ],
          [
            -0.4868494,
            51.4704357
          ],
          [
            -0.4868873,
            51.4704356
          ]
        ]
      },
      "properties": {
        "highway": "footway",
        "indoor": "yes",
        "level": "1",
        "level_ref": "1",
        "osm_id": 1461185252,
        "osm_type": "way",
        "_category": "yes",
        "_level": 1,
        "_source": "level_1"
      }
    },
    {
      "type": "Feature",
      "geometry": {
        "type": "LineString",
        "coordinates": [
          [
            -0.4868879,
            51.4705595
          ],
          [
            -0.4868184,
            51.470559
          ],
          [
            -0.4867901,
            51.470559
          ]
        ]
      },
      "properties": {
        "highway": "footway",
        "indoor": "yes",
        "level": "1",
        "level_ref": "1",
        "osm_id": 1461185253,
        "osm_type": "way",
        "_category": "yes",
        "_level": 1,
        "_source": "level_1"
      }
    },
    {
      "type": "Feature",
      "geometry": {
        "type": "LineString",
        "coordinates": [
          [
            -0.4867598,
            51.4706097
          ],
          [
            -0.4868184,
            51.4706097
          ],
          [
            -0.4868184,
            51.470559
          ]
        ]
      },
      "properties": {
        "highway": "footway",
        "indoor": "yes",
        "level": "1",
        "level_ref": "1",
        "osm_id": 1461185255,
        "osm_type": "way",
        "_category": "yes",
        "_level": 1,
        "_source": "level_1"
      }
    },
    {
      "type": "Feature",
      "geometry": {
        "type": "LineString",
        "coordinates": [
          [
            -0.4869683,
            51.4699697
          ],
          [
            -0.4869651,
            51.4698966
          ]
        ]
      },
      "properties": {
        "highway": "footway",
        "indoor": "yes",
        "level": "1",
        "level_ref": "1",
        "osm_id": 1461185270,
        "osm_type": "way",
        "_category": "yes",
        "_level": 1,
        "_source": "level_1"
      }
    },
    {
      "type": "Feature",
      "geometry": {
        "type": "LineString",
        "coordinates": [
          [
            -0.4874051,
            51.4699691
          ],
          [
            -0.4874063,
            51.4698957
          ]
        ]
      },
      "properties": {
        "highway": "footway",
        "indoor": "yes",
        "level": "1",
        "level_ref": "1",
        "osm_id": 1461185271,
        "osm_type": "way",
        "_category": "yes",
        "_level": 1,
        "_source": "level_1"
      }
    },
    {
      "type": "Feature",
      "geometry": {
        "type": "LineString",
        "coordinates": [
          [
            -0.487838,
            51.4699684
          ],
          [
            -0.4878426,
            51.469892
          ]
        ]
      },
      "properties": {
        "highway": "footway",
        "indoor": "yes",
        "level": "1",
        "level_ref": "1",
        "osm_id": 1461185272,
        "osm_type": "way",
        "_category": "yes",
        "_level": 1,
        "_source": "level_1"
      }
    },
    {
      "type": "Feature",
      "geometry": {
        "type": "LineString",
        "coordinates": [
          [
            -0.4882115,
            51.4699679
          ],
          [
            -0.4882128,
            51.4698923
          ]
        ]
      },
      "properties": {
        "highway": "footway",
        "indoor": "yes",
        "level": "1",
        "level_ref": "1",
        "osm_id": 1461185273,
        "osm_type": "way",
        "_category": "yes",
        "_level": 1,
        "_source": "level_1"
      }
    },
    {
      "type": "Feature",
      "geometry": {
        "type": "LineString",
        "coordinates": [
          [
            -0.4886543,
            51.4699673
          ],
          [
            -0.4886535,
            51.4698929
          ]
        ]
      },
      "properties": {
        "highway": "footway",
        "indoor": "yes",
        "level": "1",
        "level_ref": "1",
        "osm_id": 1461185274,
        "osm_type": "way",
        "_category": "yes",
        "_level": 1,
        "_source": "level_1"
      }
    },
    {
      "type": "Feature",
      "geometry": {
        "type": "LineString",
        "coordinates": [
          [
            -0.4890456,
            51.4699667
          ],
          [
            -0.4890475,
            51.4698907
          ]
        ]
      },
      "properties": {
        "highway": "footway",
        "indoor": "yes",
        "level": "1",
        "level_ref": "1",
        "osm_id": 1461185275,
        "osm_type": "way",
        "_category": "yes",
        "_level": 1,
        "_source": "level_1"
      }
    },
    {
      "type": "Feature",
      "geometry": {
        "type": "LineString",
        "coordinates": [
          [
            -0.4890202,
            51.470217
          ],
          [
            -0.4890203,
            51.4702367
          ]
        ]
      },
      "properties": {
        "highway": "footway",
        "indoor": "yes",
        "level": "1",
        "level_ref": "1",
        "osm_id": 1461185281,
        "osm_type": "way",
        "_category": "yes",
        "_level": 1,
        "_source": "level_1"
      }
    },
    {
      "type": "Feature",
      "geometry": {
        "type": "LineString",
        "coordinates": [
          [
            -0.4889709,
            51.4702369
          ],
          [
            -0.4889708,
            51.4702172
          ]
        ]
      },
      "properties": {
        "highway": "footway",
        "indoor": "yes",
        "level": "1",
        "level_ref": "1",
        "osm_id": 1461185282,
        "osm_type": "way",
        "_category": "yes",
        "_level": 1,
        "_source": "level_1"
      }
    },
    {
      "type": "Feature",
      "geometry": {
        "type": "LineString",
        "coordinates": [
          [
            -0.4889724,
            51.4704252
          ],
          [
            -0.4889723,
            51.4704461
          ]
        ]
      },
      "properties": {
        "highway": "footway",
        "indoor": "yes",
        "level": "1",
        "level_ref": "1",
        "osm_id": 1461185286,
        "osm_type": "way",
        "_category": "yes",
        "_level": 1,
        "_source": "level_1"
      }
    },
    {
      "type": "Feature",
      "geometry": {
        "type": "LineString",
        "coordinates": [
          [
            -0.4890209,
            51.4704456
          ],
          [
            -0.4890208,
            51.4704254
          ]
        ]
      },
      "properties": {
        "highway": "footway",
        "indoor": "yes",
        "level": "1",
        "level_ref": "1",
        "osm_id": 1461185288,
        "osm_type": "way",
        "_category": "yes",
        "_level": 1,
        "_source": "level_1"
      }
    },
    {
      "type": "Feature",
      "geometry": {
        "type": "LineString",
        "coordinates": [
          [
            -0.4890476,
            51.4704826
          ],
          [
            -0.4890474,
            51.4704455
          ],
          [
            -0.4890209,
            51.4704456
          ],
          [
            -0.4889723,
            51.4704461
          ],
          [
            -0.4889443,
            51.4704458
          ]
        ]
      },
      "properties": {
        "highway": "footway",
        "indoor": "yes",
        "level": "1",
        "level_ref": "1",
        "osm_id": 1461185291,
        "osm_type": "way",
        "_category": "yes",
        "_level": 1,
        "_source": "level_1"
      }
    },
    {
      "type": "Feature",
      "geometry": {
        "type": "LineString",
        "coordinates": [
          [
            -0.4889443,
            51.4704458
          ],
          [
            -0.4889446,
            51.4704831
          ]
        ]
      },
      "properties": {
        "highway": "footway",
        "indoor": "yes",
        "level": "1",
        "level_ref": "1",
        "osm_id": 1461185295,
        "osm_type": "way",
        "_category": "yes",
        "_level": 1,
        "_source": "level_1"
      }
    },
    {
      "type": "Feature",
      "geometry": {
        "type": "LineString",
        "coordinates": [
          [
            -0.4890202,
            51.470217
          ],
          [
            -0.4889708,
            51.4702172
          ],
          [
            -0.4888683,
            51.4702175
          ],
          [
            -0.4888698,
            51.470446
          ],
          [
            -0.4889443,
            51.4704458
          ]
        ]
      },
      "properties": {
        "highway": "footway",
        "indoor": "yes",
        "level": "1",
        "level_ref": "1",
        "osm_id": 1461185298,
        "osm_type": "way",
        "_category": "yes",
        "_level": 1,
        "_source": "level_1"
      }
    },
    {
      "type": "Feature",
      "geometry": {
        "type": "LineString",
        "coordinates": [
          [
            -0.4890269,
            51.4708721
          ],
          [
            -0.489027,
            51.4708917
          ]
        ]
      },
      "properties": {
        "highway": "footway",
        "indoor": "yes",
        "level": "1",
        "level_ref": "1",
        "osm_id": 1461185340,
        "osm_type": "way",
        "_category": "yes",
        "_level": 1,
        "_source": "level_1"
      }
    },
    {
      "type": "Feature",
      "geometry": {
        "type": "LineString",
        "coordinates": [
          [
            -0.4889781,
            51.4708919
          ],
          [
            -0.488978,
            51.4708722
          ]
        ]
      },
      "properties": {
        "highway": "footway",
        "indoor": "yes",
        "level": "1",
        "level_ref": "1",
        "osm_id": 1461185341,
        "osm_type": "way",
        "_category": "yes",
        "_level": 1,
        "_source": "level_1"
      }
    },
    {
      "type": "Feature",
      "geometry": {
        "type": "LineString",
        "coordinates": [
          [
            -0.4895433,
            51.471818
          ],
          [
            -0.4895524,
            51.4726568
          ]
        ]
      },
      "properties": {
        "covered": "yes",
        "highway": "footway",
        "indoor": "yes",
        "level": "1",
        "level_ref": "2",
        "osm_id": 1461185351,
        "osm_type": "way",
        "_category": "yes",
        "_level": 1,
        "_source": "level_1"
      }
    },
    {
      "type": "Feature",
      "geometry": {
        "type": "LineString",
        "coordinates": [
          [
            -0.489543,
            51.4717863
          ],
          [
            -0.4895433,
            51.471818
          ],
          [
            -0.4894995,
            51.4718177
          ]
        ]
      },
      "properties": {
        "covered": "yes",
        "highway": "footway",
        "indoor": "yes",
        "level": "1",
        "level_ref": "2",
        "osm_id": 1461185352,
        "osm_type": "way",
        "_category": "yes",
        "_level": 1,
        "_source": "level_1"
      }
    },
    {
      "type": "Feature",
      "geometry": {
        "type": "LineString",
        "coordinates": [
          [
            -0.489494,
            51.4717146
          ],
          [
            -0.4895424,
            51.4717149
          ],
          [
            -0.4895422,
            51.4716827
          ],
          [
            -0.4894926,
            51.4716824
          ]
        ]
      },
      "properties": {
        "covered": "yes",
        "highway": "footway",
        "indoor": "yes",
        "level": "1",
        "level_ref": "2",
        "osm_id": 1461185353,
        "osm_type": "way",
        "_category": "yes",
        "_level": 1,
        "_source": "level_1"
      }
    },
    {
      "type": "Feature",
      "geometry": {
        "type": "LineString",
        "coordinates": [
          [
            -0.4895424,
            51.4717149
          ],
          [
            -0.489543,
            51.4717863
          ],
          [
            -0.4894972,
            51.471786
          ]
        ]
      },
      "properties": {
        "covered": "yes",
        "highway": "footway",
        "indoor": "yes",
        "level": "1",
        "level_ref": "2",
        "osm_id": 1461185354,
        "osm_type": "way",
        "_category": "yes",
        "_level": 1,
        "_source": "level_1"
      }
    },
    {
      "type": "Feature",
      "geometry": {
        "type": "LineString",
        "coordinates": [
          [
            -0.4890269,
            51.4708721
          ],
          [
            -0.488978,
            51.4708722
          ],
          [
            -0.4888755,
            51.4708724
          ],
          [
            -0.4888761,
            51.4711016
          ],
          [
            -0.488951,
            51.4711012
          ]
        ]
      },
      "properties": {
        "highway": "footway",
        "indoor": "yes",
        "level": "1",
        "level_ref": "1",
        "osm_id": 1461185356,
        "osm_type": "way",
        "_category": "yes",
        "_level": 1,
        "_source": "level_1"
      }
    },
    {
      "type": "Feature",
      "geometry": {
        "type": "LineString",
        "coordinates": [
          [
            -0.4889857,
            51.4719745
          ],
          [
            -0.4888832,
            51.4719752
          ],
          [
            -0.4888814,
            51.471746
          ],
          [
            -0.4889536,
            51.4717457
          ]
        ]
      },
      "properties": {
        "highway": "footway",
        "indoor": "yes",
        "level": "1",
        "level_ref": "1",
        "osm_id": 1461185361,
        "osm_type": "way",
        "_category": "yes",
        "_level": 1,
        "_source": "level_1"
      }
    },
    {
      "type": "Feature",
      "geometry": {
        "type": "LineString",
        "coordinates": [
          [
            -0.4889853,
            51.4719548
          ],
          [
            -0.4889857,
            51.4719745
          ],
          [
            -0.4890346,
            51.4719742
          ],
          [
            -0.4890343,
            51.4719546
          ]
        ]
      },
      "properties": {
        "highway": "footway",
        "indoor": "yes",
        "level": "1",
        "level_ref": "1",
        "osm_id": 1461185364,
        "osm_type": "way",
        "_category": "yes",
        "_level": 1,
        "_source": "level_1"
      }
    },
    {
      "type": "Feature",
      "geometry": {
        "type": "LineString",
        "coordinates": [
          [
            -0.4882152,
            51.4730429
          ],
          [
            -0.4882153,
            51.4730498
          ]
        ]
      },
      "properties": {
        "highway": "footway",
        "indoor": "yes",
        "level": "1",
        "level_ref": "1",
        "osm_id": 1461185391,
        "osm_type": "way",
        "_category": "yes",
        "_level": 1,
        "_source": "level_1"
      }
    },
    {
      "type": "Feature",
      "geometry": {
        "type": "LineString",
        "coordinates": [
          [
            -0.4882486,
            51.4730583
          ],
          [
            -0.4882373,
            51.4730584
          ],
          [
            -0.4882371,
            51.4730428
          ],
          [
            -0.4882152,
            51.4730429
          ],
          [
            -0.4881969,
            51.473043
          ],
          [
            -0.488197,
            51.4730495
          ]
        ]
      },
      "properties": {
        "highway": "footway",
        "indoor": "yes",
        "level": "1",
        "level_ref": "1",
        "osm_id": 1461185392,
        "osm_type": "way",
        "_category": "yes",
        "_level": 1,
        "_source": "level_1"
      }
    },
    {
      "type": "Feature",
      "geometry": {
        "type": "LineString",
        "coordinates": [
          [
            -0.4882595,
            51.4718006
          ],
          [
            -0.4882592,
            51.4717258
          ],
          [
            -0.4882589,
            51.4716446
          ],
          [
            -0.4882578,
            51.4713452
          ]
        ]
      },
      "properties": {
        "highway": "footway",
        "indoor": "yes",
        "level": "1",
        "level_ref": "1",
        "osm_id": 1461185479,
        "osm_type": "way",
        "_category": "yes",
        "_level": 1,
        "_source": "level_1"
      }
    },
    {
      "type": "Feature",
      "geometry": {
        "type": "LineString",
        "coordinates": [
          [
            -0.4871228,
            51.4715667
          ],
          [
            -0.4872808,
            51.4715676
          ],
          [
            -0.4874719,
            51.4715687
          ]
        ]
      },
      "properties": {
        "highway": "footway",
        "indoor": "yes",
        "level": "1",
        "level_ref": "1",
        "oneway:foot": "yes",
        "osm_id": 1461185480,
        "osm_type": "way",
        "_category": "yes",
        "_level": 1,
        "_source": "level_1"
      }
    },
    {
      "type": "Feature",
      "geometry": {
        "type": "LineString",
        "coordinates": [
          [
            -0.4870326,
            51.471177
          ],
          [
            -0.4871243,
            51.4711768
          ],
          [
            -0.4871238,
            51.4713114
          ],
          [
            -0.4871228,
            51.4715667
          ]
        ]
      },
      "properties": {
        "highway": "footway",
        "indoor": "yes",
        "level": "1",
        "level_ref": "1",
        "osm_id": 1461185481,
        "osm_type": "way",
        "_category": "yes",
        "_level": 1,
        "_source": "level_1"
      }
    },
    {
      "type": "Feature",
      "geometry": {
        "type": "LineString",
        "coordinates": [
          [
            -0.4874719,
            51.4715687
          ],
          [
            -0.4874743,
            51.471341
          ],
          [
            -0.4882578,
            51.4713452
          ]
        ]
      },
      "properties": {
        "highway": "footway",
        "indoor": "yes",
        "level": "1",
        "level_ref": "1",
        "osm_id": 1461185482,
        "osm_type": "way",
        "_category": "yes",
        "_level": 1,
        "_source": "level_1"
      }
    },
    {
      "type": "Feature",
      "geometry": {
        "type": "Point",
        "coordinates": [
          -0.4875577,
          51.4731675
        ]
      },
      "properties": {
        "access": "yes",
        "amenity": "drinking_water",
        "bottle": "yes",
        "check_date": "2023-10-08",
        "description": "near Gate A7",
        "fee": "no",
        "fountain": "bubbler",
        "indoor": "yes",
        "level": "2",
        "osm_id": 4095537116,
        "osm_type": "node",
        "_category": "yes",
        "_level": 2,
        "_source": "level_2"
      }
    },
    {
      "type": "Feature",
      "geometry": {
        "type": "Point",
        "coordinates": [
          -0.4888558,
          51.4730926
        ]
      },
      "properties": {
        "amenity": "toilets",
        "fee": "no",
        "indoor": "yes",
        "level": "2",
        "wheelchair": "yes",
        "osm_id": 4095537118,
        "osm_type": "node",
        "_category": "toilet",
        "_level": 2,
        "_source": "level_2"
      }
    },
    {
      "type": "Feature",
      "geometry": {
        "type": "Point",
        "coordinates": [
          -0.4876511,
          51.4707507
        ]
      },
      "properties": {
        "amenity": "device_charging_station",
        "check_date": "2026-02-04",
        "indoor": "yes",
        "level": "2",
        "osm_id": 4360359397,
        "osm_type": "node",
        "_category": "yes",
        "_level": 2,
        "_source": "level_2"
      }
    },
    {
      "type": "Feature",
      "geometry": {
        "type": "Point",
        "coordinates": [
          -0.4879965,
          51.4708667
        ]
      },
      "properties": {
        "amenity": "post_box",
        "indoor": "yes",
        "level": "2",
        "osm_id": 4360359398,
        "osm_type": "node",
        "_category": "yes",
        "_level": 2,
        "_source": "level_2"
      }
    },
    {
      "type": "Feature",
      "geometry": {
        "type": "Point",
        "coordinates": [
          -0.4877391,
          51.4709272
        ]
      },
      "properties": {
        "amenity": "atm",
        "check_date": "2026-02-04",
        "indoor": "yes",
        "level": "2",
        "osm_id": 4360359409,
        "osm_type": "node",
        "_category": "atm",
        "_level": 2,
        "_source": "level_2"
      }
    },
    {
      "type": "Feature",
      "geometry": {
        "type": "Point",
        "coordinates": [
          -0.4884979,
          51.4713725
        ]
      },
      "properties": {
        "amenity": "toilets",
        "changing_table": "yes",
        "check_date": "2026-02-04",
        "drinking_water": "yes",
        "fee": "no",
        "indoor": "yes",
        "level": "2",
        "wheelchair": "yes",
        "osm_id": 4360359439,
        "osm_type": "node",
        "_category": "toilet",
        "_level": 2,
        "_source": "level_2"
      }
    },
    {
      "type": "Feature",
      "geometry": {
        "type": "Point",
        "coordinates": [
          -0.488493,
          51.4719007
        ]
      },
      "properties": {
        "amenity": "toilets",
        "changing_table": "no",
        "check_date": "2026-02-04",
        "fee": "no",
        "indoor": "yes",
        "level": "2",
        "wheelchair": "yes",
        "osm_id": 4360359487,
        "osm_type": "node",
        "_category": "toilet",
        "_level": 2,
        "_source": "level_2"
      }
    },
    {
      "type": "Feature",
      "geometry": {
        "type": "Point",
        "coordinates": [
          -0.4876609,
          51.4722212
        ]
      },
      "properties": {
        "amenity": "atm",
        "indoor": "yes",
        "level": "2",
        "osm_id": 4360359507,
        "osm_type": "node",
        "_category": "atm",
        "_level": 2,
        "_source": "level_2"
      }
    },
    {
      "type": "Feature",
      "geometry": {
        "type": "Point",
        "coordinates": [
          -0.4877906,
          51.4726291
        ]
      },
      "properties": {
        "amenity": "atm",
        "indoor": "yes",
        "level": "2",
        "osm_id": 4360359559,
        "osm_type": "node",
        "_category": "atm",
        "_level": 2,
        "_source": "level_2"
      }
    },
    {
      "type": "Feature",
      "geometry": {
        "type": "Point",
        "coordinates": [
          -0.4867959,
          51.4716332
        ]
      },
      "properties": {
        "indoor": "area",
        "level": "2",
        "name": "Quiet Area",
        "room": "lounge",
        "osm_id": 5074872087,
        "osm_type": "node",
        "_category": "lounge",
        "_level": 2,
        "_source": "level_2"
      }
    },
    {
      "type": "Feature",
      "geometry": {
        "type": "Point",
        "coordinates": [
          -0.4871683,
          51.4700864
        ]
      },
      "properties": {
        "amenity": "drinking_water",
        "check_date": "2024-09-08",
        "fountain": "bubbler",
        "indoor": "yes",
        "level": "2",
        "note": "lower level",
        "osm_id": 5075155213,
        "osm_type": "node",
        "_category": "yes",
        "_level": 2,
        "_source": "level_2"
      }
    },
    {
      "type": "Feature",
      "geometry": {
        "type": "Point",
        "coordinates": [
          -0.4869217,
          51.4723534
        ]
      },
      "properties": {
        "amenity": "device_charging_station",
        "indoor": "yes",
        "level": "2",
        "osm_id": 5297611022,
        "osm_type": "node",
        "_category": "yes",
        "_level": 2,
        "_source": "level_2"
      }
    },
    {
      "type": "Feature",
      "geometry": {
        "type": "Point",
        "coordinates": [
          -0.4868233,
          51.47006
        ]
      },
      "properties": {
        "airside": "yes",
        "amenity": "lounge",
        "charge": "45.00 GBP",
        "check_date": "2026-02-04",
        "fee": "yes",
        "food": "yes",
        "indoor": "yes",
        "internet_access": "wlan",
        "level": "2",
        "membership": "yes",
        "name": "Club Aspire",
        "opening_hours": "Mo-Su 05:00-21:00",
        "operator": "Swissport International AG",
        "shower": "yes",
        "toilets": "no",
        "website": "https://www.executivelounges.com/airport-lounges/london-heathrow-terminal-5-aspire-airport-lounge",
        "wheelchair": "yes",
        "osm_id": 5459152927,
        "osm_type": "node",
        "_category": "yes",
        "_level": 2,
        "_source": "level_2"
      }
    },
    {
      "type": "Feature",
      "geometry": {
        "type": "Point",
        "coordinates": [
          -0.48819,
          51.4712677
        ]
      },
      "properties": {
        "amenity": "drinking_water",
        "bottle": "yes",
        "covered": "yes",
        "fee": "no",
        "indoor": "yes",
        "level": "2",
        "panoramax": "949d1d27-942a-4d6b-b80e-91f8dcc0780b",
        "wheelchair": "yes",
        "osm_id": 11247657498,
        "osm_type": "node",
        "_category": "yes",
        "_level": 2,
        "_source": "level_2"
      }
    },
    {
      "type": "Feature",
      "geometry": {
        "type": "LineString",
        "coordinates": [
          [
            -0.4879074,
            51.4699918
          ],
          [
            -0.4879062,
            51.4701293
          ],
          [
            -0.4879019,
            51.4704346
          ],
          [
            -0.4879048,
            51.4707832
          ],
          [
            -0.4879071,
            51.4709509
          ],
          [
            -0.4879131,
            51.4712244
          ],
          [
            -0.4879193,
            51.4715086
          ],
          [
            -0.4878251,
            51.4715081
          ],
          [
            -0.487827,
            51.4718219
          ]
        ]
      },
      "properties": {
        "highway": "footway",
        "indoor": "yes",
        "level": "2",
        "level_ref": "2",
        "osm_id": 136853388,
        "osm_type": "way",
        "_category": "yes",
        "_level": 2,
        "_source": "level_2"
      }
    },
    {
      "type": "Feature",
      "geometry": {
        "type": "LineString",
        "coordinates": [
          [
            -0.4890116,
            51.4699881
          ],
          [
            -0.4889538,
            51.4699883
          ],
          [
            -0.4886115,
            51.4699894
          ],
          [
            -0.4885601,
            51.4699896
          ],
          [
            -0.4881797,
            51.4699909
          ],
          [
            -0.4881207,
            51.4699911
          ],
          [
            -0.4879074,
            51.4699918
          ],
          [
            -0.4878085,
            51.4699919
          ],
          [
            -0.4877514,
            51.4699919
          ],
          [
            -0.4873625,
            51.4699921
          ],
          [
            -0.4873185,
            51.4699921
          ],
          [
            -0.4869322,
            51.4699924
          ],
          [
            -0.4868853,
            51.4699924
          ]
        ]
      },
      "properties": {
        "highway": "footway",
        "indoor": "yes",
        "level": "2",
        "level_ref": "2",
        "osm_id": 136853424,
        "osm_type": "way",
        "_category": "yes",
        "_level": 2,
        "_source": "level_2"
      }
    },
    {
      "type": "Feature",
      "geometry": {
        "type": "LineString",
        "coordinates": [
          [
            -0.4879071,
            51.4709509
          ],
          [
            -0.4874032,
            51.4709495
          ]
        ]
      },
      "properties": {
        "highway": "footway",
        "indoor": "yes",
        "level": "2",
        "level_ref": "2",
        "lit": "24/7",
        "surface": "paving_stones",
        "osm_id": 137514846,
        "osm_type": "way",
        "_category": "yes",
        "_level": 2,
        "_source": "level_2"
      }
    },
    {
      "type": "Feature",
      "geometry": {
        "type": "LineString",
        "coordinates": [
          [
            -0.4873143,
            51.4709453
          ],
          [
            -0.4874032,
            51.4709495
          ],
          [
            -0.487403,
            51.470905
          ],
          [
            -0.4873142,
            51.4709049
          ]
        ]
      },
      "properties": {
        "highway": "footway",
        "indoor": "yes",
        "level": "2",
        "level_ref": "2",
        "lit": "24/7",
        "surface": "paving_stones",
        "osm_id": 137514850,
        "osm_type": "way",
        "_category": "yes",
        "_level": 2,
        "_source": "level_2"
      }
    },
    {
      "type": "Feature",
      "geometry": {
        "type": "LineString",
        "coordinates": [
          [
            -0.4879019,
            51.4704346
          ],
          [
            -0.4878271,
            51.4704345
          ],
          [
            -0.48776,
            51.4704345
          ]
        ]
      },
      "properties": {
        "highway": "footway",
        "indoor": "yes",
        "level": "2",
        "level_ref": "2",
        "lit": "24/7",
        "surface": "paving_stones",
        "osm_id": 137514852,
        "osm_type": "way",
        "_category": "yes",
        "_level": 2,
        "_source": "level_2"
      }
    },
    {
      "type": "Feature",
      "geometry": {
        "type": "LineString",
        "coordinates": [
          [
            -0.4876995,
            51.472655
          ],
          [
            -0.4877522,
            51.4726546
          ],
          [
            -0.4878015,
            51.4726542
          ],
          [
            -0.4880276,
            51.4726524
          ]
        ]
      },
      "properties": {
        "highway": "footway",
        "indoor": "yes",
        "level": "2",
        "level_ref": "2",
        "osm_id": 137514854,
        "osm_type": "way",
        "_category": "yes",
        "_level": 2,
        "_source": "level_2"
      }
    },
    {
      "type": "Feature",
      "geometry": {
        "type": "Polygon",
        "coordinates": [
          [
            [
              -0.4876138,
              51.4729927
            ],
            [
              -0.4875008,
              51.472994
            ],
            [
              -0.4875026,
              51.473152
            ],
            [
              -0.4876156,
              51.4731507
            ],
            [
              -0.4876138,
              51.4729927
            ]
          ]
        ]
      },
      "properties": {
        "amenity": "toilets",
        "changing_table": "yes",
        "check_date": "2026-02-04",
        "fee": "no",
        "indoor": "room",
        "level": "2",
        "level_ref": "2",
        "wheelchair": "yes",
        "osm_id": 438299656,
        "osm_type": "way",
        "_category": "toilet",
        "_level": 2,
        "_source": "level_2"
      }
    },
    {
      "type": "Feature",
      "geometry": {
        "type": "Polygon",
        "coordinates": [
          [
            [
              -0.487619,
              51.4700441
            ],
            [
              -0.487619,
              51.4702265
            ],
            [
              -0.4875142,
              51.4702265
            ],
            [
              -0.4875142,
              51.4700441
            ],
            [
              -0.487619,
              51.4700441
            ]
          ]
        ]
      },
      "properties": {
        "amenity": "toilets",
        "changing_table": "yes",
        "check_date": "2026-02-04",
        "drinking_water": "yes",
        "fee": "no",
        "indoor": "room",
        "level": "2",
        "level_ref": "2",
        "wheelchair": "yes",
        "osm_id": 438299658,
        "osm_type": "way",
        "_category": "toilet",
        "_level": 2,
        "_source": "level_2"
      }
    },
    {
      "type": "Feature",
      "geometry": {
        "type": "Polygon",
        "coordinates": [
          [
            [
              -0.487103,
              51.4731601
            ],
            [
              -0.4871032,
              51.4730818
            ],
            [
              -0.4869085,
              51.4730817
            ],
            [
              -0.4869083,
              51.4731599
            ],
            [
              -0.487103,
              51.4731601
            ]
          ]
        ]
      },
      "properties": {
        "access": "yes",
        "indoor": "area",
        "leisure": "playground",
        "level": "2",
        "level_ref": "2",
        "osm_id": 438299659,
        "osm_type": "way",
        "_category": "area",
        "_level": 2,
        "_source": "level_2"
      }
    },
    {
      "type": "Feature",
      "geometry": {
        "type": "Polygon",
        "coordinates": [
          [
            [
              -0.4887182,
              51.4700529
            ],
            [
              -0.4885988,
              51.470053
            ],
            [
              -0.4885989,
              51.4700955
            ],
            [
              -0.4887183,
              51.4700954
            ],
            [
              -0.4887182,
              51.4700529
            ]
          ]
        ]
      },
      "properties": {
        "amenity": "toilets",
        "changing_table": "yes",
        "check_date": "2026-02-04",
        "fee": "no",
        "indoor": "room",
        "level": "2",
        "level_ref": "2",
        "wheelchair": "yes",
        "osm_id": 438299660,
        "osm_type": "way",
        "_category": "toilet",
        "_level": 2,
        "_source": "level_2"
      }
    },
    {
      "type": "Feature",
      "geometry": {
        "type": "Polygon",
        "coordinates": [
          [
            [
              -0.4880593,
              51.4722075
            ],
            [
              -0.4883719,
              51.4722106
            ],
            [
              -0.4883719,
              51.4722606
            ],
            [
              -0.4880593,
              51.4722576
            ],
            [
              -0.4880593,
              51.4722075
            ]
          ]
        ]
      },
      "properties": {
        "brand": "JD Sports",
        "brand:wikidata": "Q6108019",
        "check_date": "2025-11-17",
        "indoor": "room",
        "level": "2",
        "level_ref": "2",
        "name": "JD Sports",
        "payment:cash": "yes",
        "payment:credit_cards": "yes",
        "payment:debit_cards": "yes",
        "shop": "sports",
        "osm_id": 438299661,
        "osm_type": "way",
        "_category": "shop",
        "_level": 2,
        "_source": "level_2"
      }
    },
    {
      "type": "Feature",
      "geometry": {
        "type": "Polygon",
        "coordinates": [
          [
            [
              -0.4880592,
              51.4727825
            ],
            [
              -0.488372,
              51.4727823
            ],
            [
              -0.4883767,
              51.4729567
            ],
            [
              -0.4880639,
              51.4729596
            ],
            [
              -0.4880592,
              51.4727825
            ]
          ]
        ]
      },
      "properties": {
        "brand": "Boots",
        "brand:wikidata": "Q6123139",
        "check_date": "2025-11-17",
        "check_date:opening_hours": "2025-05-10",
        "contact:website": "https://www.boots.com/StoreLookupView?catalogId=28501&storeId=11352&langId=-1",
        "indoor": "room",
        "level": "2",
        "level_ref": "2",
        "name": "Boots",
        "opening_hours": "05:00-22:00",
        "payment:cash": "yes",
        "payment:credit_cards": "yes",
        "payment:debit_cards": "yes",
        "shop": "chemist",
        "wheelchair": "yes",
        "osm_id": 438299663,
        "osm_type": "way",
        "_category": "shop",
        "_level": 2,
        "_source": "level_2"
      }
    },
    {
      "type": "Feature",
      "geometry": {
        "type": "Polygon",
        "coordinates": [
          [
            [
              -0.4876208,
              51.4704347
            ],
            [
              -0.4876216,
              51.4705611
            ],
            [
              -0.487395,
              51.470562
            ],
            [
              -0.487394,
              51.4704356
            ],
            [
              -0.4876208,
              51.4704347
            ]
          ]
        ]
      },
      "properties": {
        "brand": "Bottega Veneta",
        "brand:wikidata": "Q894874",
        "check_date": "2026-02-04",
        "disused:shop": "fashion_accessories",
        "indoor": "room",
        "level": "2",
        "level_ref": "2",
        "name": "Bottega Veneta",
        "osm_id": 438299665,
        "osm_type": "way",
        "_category": "room",
        "_level": 2,
        "_source": "level_2"
      }
    },
    {
      "type": "Feature",
      "geometry": {
        "type": "Polygon",
        "coordinates": [
          [
            [
              -0.4880922,
              51.4705467
            ],
            [
              -0.4884034,
              51.470549
            ],
            [
              -0.4884028,
              51.4706277
            ],
            [
              -0.4880914,
              51.4706254
            ],
            [
              -0.4880922,
              51.4705467
            ]
          ]
        ]
      },
      "properties": {
        "brand": "Burberry",
        "brand:wikidata": "Q390107",
        "brand:wikipedia": "en:Burberry",
        "check_date": "2026-02-04",
        "clothes": "men;women",
        "indoor": "room",
        "level": "2",
        "level_ref": "2",
        "name": "Burberry",
        "shop": "clothes",
        "osm_id": 438299666,
        "osm_type": "way",
        "_category": "shop",
        "_level": 2,
        "_source": "level_2"
      }
    },
    {
      "type": "Feature",
      "geometry": {
        "type": "Polygon",
        "coordinates": [
          [
            [
              -0.4880906,
              51.4707021
            ],
            [
              -0.4884022,
              51.4707043
            ],
            [
              -0.4884016,
              51.4707789
            ],
            [
              -0.4880898,
              51.4707766
            ],
            [
              -0.4880906,
              51.4707021
            ]
          ]
        ]
      },
      "properties": {
        "brand": "Cartier",
        "brand:wikidata": "Q538587",
        "brand:wikipedia": "en:Cartier (jeweler)",
        "check_date": "2026-02-04",
        "indoor": "room",
        "level": "2",
        "level_ref": "2",
        "name": "Cartier",
        "shop": "jewelry",
        "osm_id": 438299669,
        "osm_type": "way",
        "_category": "shop",
        "_level": 2,
        "_source": "level_2"
      }
    },
    {
      "type": "Feature",
      "geometry": {
        "type": "Polygon",
        "coordinates": [
          [
            [
              -0.4880587,
              51.4725504
            ],
            [
              -0.4883714,
              51.4725502
            ],
            [
              -0.4883716,
              51.4726082
            ],
            [
              -0.4880588,
              51.4726085
            ],
            [
              -0.4880587,
              51.4725504
            ]
          ]
        ]
      },
      "properties": {
        "brand": "InMotion",
        "brand:wikidata": "Q109648041",
        "check_date": "2025-11-17",
        "indoor": "room",
        "level": "2",
        "level_ref": "2",
        "name": "InMotion",
        "payment:cash": "yes",
        "payment:credit_cards": "yes",
        "payment:debit_cards": "yes",
        "shop": "electronics",
        "wheelchair": "yes",
        "osm_id": 438299670,
        "osm_type": "way",
        "_category": "shop",
        "_level": 2,
        "_source": "level_2"
      }
    },
    {
      "type": "Feature",
      "geometry": {
        "type": "Polygon",
        "coordinates": [
          [
            [
              -0.4870291,
              51.4712178
            ],
            [
              -0.4871544,
              51.4712184
            ],
            [
              -0.4872343,
              51.471173
            ],
            [
              -0.4873617,
              51.4711372
            ],
            [
              -0.4874871,
              51.4711226
            ],
            [
              -0.4875747,
              51.4711329
            ],
            [
              -0.4876337,
              51.4711627
            ],
            [
              -0.487681,
              51.4712282
            ],
            [
              -0.487686,
              51.471285
            ],
            [
              -0.4870247,
              51.471288
            ],
            [
              -0.4870291,
              51.4712178
            ]
          ]
        ]
      },
      "properties": {
        "check_date": "2026-02-04",
        "indoor": "room",
        "level": "2",
        "level_ref": "2",
        "name": "Channel",
        "shop": "cosmetics",
        "osm_id": 438299672,
        "osm_type": "way",
        "_category": "shop",
        "_level": 2,
        "_source": "level_2"
      }
    },
    {
      "type": "Feature",
      "geometry": {
        "type": "Polygon",
        "coordinates": [
          [
            [
              -0.4880873,
              51.4710149
            ],
            [
              -0.4883997,
              51.4710172
            ],
            [
              -0.4883991,
              51.4710938
            ],
            [
              -0.4880866,
              51.4710915
            ],
            [
              -0.4880873,
              51.4710149
            ]
          ]
        ]
      },
      "properties": {
        "brand": "Dior",
        "brand:wikidata": "Q542767",
        "brand:wikipedia": "en:Christian Dior (fashion house)",
        "check_date": "2026-02-04",
        "disused:shop": "clothes",
        "indoor": "room",
        "level": "2",
        "level_ref": "2",
        "name": "Dior",
        "osm_id": 438299674,
        "osm_type": "way",
        "_category": "room",
        "_level": 2,
        "_source": "level_2"
      }
    },
    {
      "type": "Feature",
      "geometry": {
        "type": "Polygon",
        "coordinates": [
          [
            [
              -0.487619,
              51.4702265
            ],
            [
              -0.4875142,
              51.4702265
            ],
            [
              -0.4873878,
              51.4702265
            ],
            [
              -0.487391,
              51.4703342
            ],
            [
              -0.4876199,
              51.4703363
            ],
            [
              -0.487619,
              51.4702265
            ]
          ]
        ]
      },
      "properties": {
        "amenity": "deli",
        "check_date": "2026-02-04",
        "indoor": "room",
        "level": "2",
        "level_ref": "2",
        "name": "Fortnum & Mason",
        "shop": "gift",
        "osm_id": 438299681,
        "osm_type": "way",
        "_category": "shop",
        "_level": 2,
        "_source": "level_2"
      }
    },
    {
      "type": "Feature",
      "geometry": {
        "type": "Polygon",
        "coordinates": [
          [
            [
              -0.4880914,
              51.4706254
            ],
            [
              -0.4884028,
              51.4706277
            ],
            [
              -0.4884023,
              51.4706844
            ],
            [
              -0.4884022,
              51.4707043
            ],
            [
              -0.4880906,
              51.4707021
            ],
            [
              -0.4880914,
              51.4706254
            ]
          ]
        ]
      },
      "properties": {
        "brand": "Gucci",
        "brand:wikidata": "Q178516",
        "brand:wikipedia": "en:Gucci",
        "check_date": "2026-02-04",
        "indoor": "room",
        "level": "2",
        "level_ref": "2",
        "name": "Gucci",
        "shop": "clothes",
        "osm_id": 438299685,
        "osm_type": "way",
        "_category": "shop",
        "_level": 2,
        "_source": "level_2"
      }
    },
    {
      "type": "Feature",
      "geometry": {
        "type": "Polygon",
        "coordinates": [
          [
            [
              -0.488089,
              51.470855
            ],
            [
              -0.488401,
              51.4708556
            ],
            [
              -0.4884004,
              51.4709313
            ],
            [
              -0.4880882,
              51.470929
            ],
            [
              -0.488089,
              51.470855
            ]
          ]
        ]
      },
      "properties": {
        "brand": "Hermès",
        "brand:wikidata": "Q843887",
        "check_date": "2026-02-04",
        "disused:shop": "clothes",
        "indoor": "room",
        "level": "2",
        "level_ref": "2",
        "name": "Hermès",
        "osm_id": 438299689,
        "osm_type": "way",
        "_category": "room",
        "_level": 2,
        "_source": "level_2"
      }
    },
    {
      "type": "Feature",
      "geometry": {
        "type": "Polygon",
        "coordinates": [
          [
            [
              -0.4880592,
              51.4723078
            ],
            [
              -0.4883719,
              51.4723106
            ],
            [
              -0.4883718,
              51.4723605
            ],
            [
              -0.4880592,
              51.4723579
            ],
            [
              -0.4880592,
              51.4723078
            ]
          ]
        ]
      },
      "properties": {
        "brand": "Paul Smith",
        "brand:wikidata": "Q56356277",
        "check_date": "2025-11-17",
        "indoor": "room",
        "level": "2",
        "level_ref": "2",
        "name": "Paul Smith",
        "payment:cash": "yes",
        "payment:credit_cards": "yes",
        "payment:debit_cards": "yes",
        "shop": "clothes",
        "wheelchair": "yes",
        "osm_id": 438299692,
        "osm_type": "way",
        "_category": "shop",
        "_level": 2,
        "_source": "level_2"
      }
    },
    {
      "type": "Feature",
      "geometry": {
        "type": "Polygon",
        "coordinates": [
          [
            [
              -0.4876216,
              51.4705611
            ],
            [
              -0.4875983,
              51.4706933
            ],
            [
              -0.487548,
              51.4707392
            ],
            [
              -0.4874856,
              51.4707578
            ],
            [
              -0.4874157,
              51.4707454
            ],
            [
              -0.4873931,
              51.4707002
            ],
            [
              -0.487395,
              51.470562
            ],
            [
              -0.4876216,
              51.4705611
            ]
          ]
        ]
      },
      "properties": {
        "brand": "Louis Vuitton",
        "brand:wikidata": "Q191485",
        "brand:wikipedia": "en:Louis Vuitton",
        "check_date": "2026-02-04",
        "indoor": "room",
        "level": "2",
        "level_ref": "2",
        "name": "Louis Vuitton",
        "shop": "clothes",
        "osm_id": 438299693,
        "osm_type": "way",
        "_category": "shop",
        "_level": 2,
        "_source": "level_2"
      }
    },
    {
      "type": "Feature",
      "geometry": {
        "type": "Polygon",
        "coordinates": [
          [
            [
              -0.4880588,
              51.4726085
            ],
            [
              -0.4883716,
              51.4726082
            ],
            [
              -0.4883717,
              51.4726662
            ],
            [
              -0.488059,
              51.4726665
            ],
            [
              -0.4880588,
              51.4726085
            ]
          ]
        ]
      },
      "properties": {
        "brand": "Rituals",
        "brand:wikidata": "Q62874140",
        "check_date": "2025-11-17",
        "indoor": "room",
        "level": "2",
        "level_ref": "2",
        "name": "Rituals",
        "opening_hours": "Mo-Su 05:30-22:00",
        "payment:cash": "yes",
        "payment:credit_cards": "yes",
        "payment:debit_cards": "yes",
        "shop": "cosmetics",
        "wheelchair": "yes",
        "osm_id": 438299694,
        "osm_type": "way",
        "_category": "shop",
        "_level": 2,
        "_source": "level_2"
      }
    },
    {
      "type": "Feature",
      "geometry": {
        "type": "Polygon",
        "coordinates": [
          [
            [
              -0.4880591,
              51.4724081
            ],
            [
              -0.4883718,
              51.4724105
            ],
            [
              -0.4883718,
              51.4724605
            ],
            [
              -0.4880591,
              51.4724582
            ],
            [
              -0.4880591,
              51.4724081
            ]
          ]
        ]
      },
      "properties": {
        "brand": "Hugo Boss",
        "brand:wikidata": "Q491627",
        "check_date": "2025-11-17",
        "indoor": "room",
        "level": "2",
        "level_ref": "2",
        "name": "Hugo Boss",
        "payment:cash": "yes",
        "payment:credit_cards": "yes",
        "payment:debit_cards": "yes",
        "shop": "clothes",
        "short_name": "Boss",
        "wheelchair": "yes",
        "osm_id": 438299695,
        "osm_type": "way",
        "_category": "shop",
        "_level": 2,
        "_source": "level_2"
      }
    },
    {
      "type": "Feature",
      "geometry": {
        "type": "Polygon",
        "coordinates": [
          [
            [
              -0.4880941,
              51.470355
            ],
            [
              -0.4884049,
              51.4703573
            ],
            [
              -0.4884045,
              51.4704076
            ],
            [
              -0.4884041,
              51.4704568
            ],
            [
              -0.4880931,
              51.4704566
            ],
            [
              -0.4880941,
              51.470355
            ]
          ]
        ]
      },
      "properties": {
        "check_date": "2026-02-04",
        "indoor": "room",
        "level": "2",
        "level_ref": "2",
        "name": "Watches of Switzerland",
        "shop": "watches",
        "osm_id": 438299696,
        "osm_type": "way",
        "_category": "shop",
        "_level": 2,
        "_source": "level_2"
      }
    },
    {
      "type": "Feature",
      "geometry": {
        "type": "Polygon",
        "coordinates": [
          [
            [
              -0.4880882,
              51.470929
            ],
            [
              -0.4884004,
              51.4709313
            ],
            [
              -0.4883997,
              51.4710172
            ],
            [
              -0.4880873,
              51.4710149
            ],
            [
              -0.4880882,
              51.470929
            ]
          ]
        ]
      },
      "properties": {
        "brand": "Prada",
        "brand:wikidata": "Q193136",
        "brand:wikipedia": "en:Prada",
        "check_date": "2026-02-04",
        "disused:shop": "clothes",
        "indoor": "room",
        "level": "2",
        "level_ref": "2",
        "name": "Prada",
        "osm_id": 438299698,
        "osm_type": "way",
        "_category": "room",
        "_level": 2,
        "_source": "level_2"
      }
    },
    {
      "type": "Feature",
      "geometry": {
        "type": "Polygon",
        "coordinates": [
          [
            [
              -0.4876107,
              51.4724594
            ],
            [
              -0.4876107,
              51.4723866
            ],
            [
              -0.4873192,
              51.4723866
            ],
            [
              -0.4873192,
              51.4724594
            ],
            [
              -0.4876107,
              51.4724594
            ]
          ]
        ]
      },
      "properties": {
        "addr:floor": "2",
        "addr:housename": "Terminal 5 Departures Level 1 (airside)",
        "addr:locality": "London Heathrow Airport",
        "addr:postcode": "TW6 2GA",
        "addr:street": "Wellington Road",
        "amenity": "fast_food",
        "brand": "Pret A Manger",
        "brand:wikidata": "Q2109109",
        "brand:wikipedia": "en:Pret a Manger",
        "check_date": "2025-11-17",
        "cuisine": "sandwich",
        "diet:vegan": "yes",
        "diet:vegetarian": "yes",
        "fhrs:id": "519395",
        "indoor": "area",
        "indoor_seating": "yes",
        "level": "2",
        "level_ref": "2",
        "name": "Pret A Manger",
        "outdoor_seating": "no",
        "payment:cash": "yes",
        "payment:credit_cards": "yes",
        "payment:debit_cards": "yes",
        "short_name": "Pret",
        "smoking": "no",
        "source:addr": "FHRS Open Data",
        "takeaway": "yes",
        "wheelchair": "yes",
        "osm_id": 438299699,
        "osm_type": "way",
        "_category": "food",
        "_level": 2,
        "_source": "level_2"
      }
    },
    {
      "type": "Feature",
      "geometry": {
        "type": "Polygon",
        "coordinates": [
          [
            [
              -0.4880931,
              51.4704566
            ],
            [
              -0.4884041,
              51.4704568
            ],
            [
              -0.4884039,
              51.4704748
            ],
            [
              -0.4884034,
              51.470549
            ],
            [
              -0.4880922,
              51.4705467
            ],
            [
              -0.4880931,
              51.4704566
            ]
          ]
        ]
      },
      "properties": {
        "brand": "Rolex",
        "brand:wikidata": "Q62288",
        "check_date": "2026-02-04",
        "indoor": "room",
        "level": "2",
        "level_ref": "2",
        "name": "Rolex",
        "shop": "watches",
        "osm_id": 438299701,
        "osm_type": "way",
        "_category": "shop",
        "_level": 2,
        "_source": "level_2"
      }
    },
    {
      "type": "Feature",
      "geometry": {
        "type": "Polygon",
        "coordinates": [
          [
            [
              -0.4880591,
              51.4727245
            ],
            [
              -0.4883718,
              51.4727242
            ],
            [
              -0.488372,
              51.4727823
            ],
            [
              -0.4880592,
              51.4727825
            ],
            [
              -0.4880591,
              51.4727245
            ]
          ]
        ]
      },
      "properties": {
        "check_date": "2025-11-17",
        "indoor": "room",
        "level": "2",
        "level_ref": "2",
        "name": "Case",
        "payment:cash": "yes",
        "payment:credit_cards": "yes",
        "payment:debit_cards": "yes",
        "shop": "bag",
        "wheelchair": "yes",
        "osm_id": 438299702,
        "osm_type": "way",
        "_category": "shop",
        "_level": 2,
        "_source": "level_2"
      }
    },
    {
      "type": "Feature",
      "geometry": {
        "type": "Polygon",
        "coordinates": [
          [
            [
              -0.4876199,
              51.4703363
            ],
            [
              -0.4876208,
              51.4704347
            ],
            [
              -0.487394,
              51.4704356
            ],
            [
              -0.487391,
              51.4703342
            ],
            [
              -0.4876199,
              51.4703363
            ]
          ]
        ]
      },
      "properties": {
        "alcohol": "whisky",
        "check_date": "2026-02-04",
        "indoor": "room",
        "level": "2",
        "level_ref": "2",
        "name": "The Macallan",
        "shop": "alcohol",
        "osm_id": 438299704,
        "osm_type": "way",
        "_category": "shop",
        "_level": 2,
        "_source": "level_2"
      }
    },
    {
      "type": "Feature",
      "geometry": {
        "type": "Polygon",
        "coordinates": [
          [
            [
              -0.4870785,
              51.472174
            ],
            [
              -0.4870776,
              51.4722582
            ],
            [
              -0.4875867,
              51.4722604
            ],
            [
              -0.4875871,
              51.4722209
            ],
            [
              -0.4875876,
              51.4721761
            ],
            [
              -0.4870785,
              51.472174
            ]
          ]
        ]
      },
      "properties": {
        "addr:floor": "2",
        "addr:housename": "Terminal 5 Departures Level 1 (airside)",
        "addr:street": "Wellington Road",
        "amenity": "cafe",
        "brand": "Starbucks",
        "brand:wikidata": "Q37158",
        "brand:wikipedia": "en:Starbucks",
        "check_date": "2025-11-17",
        "cuisine": "coffee_shop",
        "diet:vegan": "yes",
        "diet:vegetarian": "yes",
        "indoor": "area",
        "indoor_seating": "yes",
        "level": "2",
        "level_ref": "2",
        "name": "Starbucks",
        "official_name": "Starbucks Coffee",
        "outdoor_seating": "no",
        "payment:cash": "yes",
        "payment:credit_cards": "yes",
        "payment:debit_cards": "yes",
        "takeaway": "yes",
        "website": "https://www.starbucks.com/store-locator/store/1011849/heathrow-sspemea-lhr-t-5-airs-terminal-5-airside-hounslow-eng-tw-6-2-ga-gb",
        "osm_id": 438299705,
        "osm_type": "way",
        "_category": "food",
        "_level": 2,
        "_source": "level_2"
      }
    },
    {
      "type": "Feature",
      "geometry": {
        "type": "Polygon",
        "coordinates": [
          [
            [
              -0.4880586,
              51.4724924
            ],
            [
              -0.4883713,
              51.4724921
            ],
            [
              -0.4883714,
              51.4725502
            ],
            [
              -0.4880587,
              51.4725504
            ],
            [
              -0.4880586,
              51.4724924
            ]
          ]
        ]
      },
      "properties": {
        "brand": "Sunglass Hut",
        "brand:wikidata": "Q136311",
        "brand:wikipedia": "en:Sunglass Hut",
        "check_date": "2025-11-17",
        "indoor": "room",
        "level": "2",
        "level_ref": "2",
        "name": "Sunglass Hut",
        "payment:cash": "yes",
        "payment:credit_cards": "yes",
        "payment:debit_cards": "yes",
        "shop": "optician",
        "wheelchair": "yes",
        "osm_id": 438299707,
        "osm_type": "way",
        "_category": "shop",
        "_level": 2,
        "_source": "level_2"
      }
    },
    {
      "type": "Feature",
      "geometry": {
        "type": "Polygon",
        "coordinates": [
          [
            [
              -0.4880592,
              51.4723579
            ],
            [
              -0.4883718,
              51.4723605
            ],
            [
              -0.4883718,
              51.4724105
            ],
            [
              -0.4880591,
              51.4724081
            ],
            [
              -0.4880592,
              51.4723579
            ]
          ]
        ]
      },
      "properties": {
        "brand": "Lululemon",
        "brand:wikidata": "Q6702957",
        "check_date": "2025-11-17",
        "clothes": "men;women",
        "indoor": "room",
        "level": "2",
        "level_ref": "2",
        "name": "Lululemon",
        "official_name": "Lululemon Athletica",
        "payment:cash": "yes",
        "payment:credit_cards": "yes",
        "payment:debit_cards": "yes",
        "shop": "clothes",
        "wheelchair": "yes",
        "osm_id": 438299709,
        "osm_type": "way",
        "_category": "shop",
        "_level": 2,
        "_source": "level_2"
      }
    },
    {
      "type": "Feature",
      "geometry": {
        "type": "Polygon",
        "coordinates": [
          [
            [
              -0.4876138,
              51.4729927
            ],
            [
              -0.487612,
              51.4729428
            ],
            [
              -0.4874989,
              51.4729443
            ],
            [
              -0.4875008,
              51.472994
            ],
            [
              -0.4876138,
              51.4729927
            ]
          ]
        ]
      },
      "properties": {
        "brand": "WHSmith",
        "brand:wikidata": "Q1548712",
        "check_date": "2025-11-17",
        "indoor": "room",
        "level": "2",
        "level_ref": "2",
        "name": "WHSmith",
        "operator": "W. H. Smith",
        "shop": "books",
        "wheelchair": "yes",
        "osm_id": 438299711,
        "osm_type": "way",
        "_category": "shop",
        "_level": 2,
        "_source": "level_2"
      }
    },
    {
      "type": "Feature",
      "geometry": {
        "type": "Polygon",
        "coordinates": [
          [
            [
              -0.4877148,
              51.4730042
            ],
            [
              -0.4879761,
              51.4730018
            ],
            [
              -0.4879156,
              51.4731488
            ],
            [
              -0.4877188,
              51.4731494
            ],
            [
              -0.4877148,
              51.4730042
            ]
          ]
        ]
      },
      "properties": {
        "amenity": "pub",
        "brand": "Wetherspoon",
        "brand:wikidata": "Q6109362",
        "check_date": "2026-02-04",
        "diet:vegan": "yes",
        "diet:vegetarian": "yes",
        "dog": "no",
        "fhrs:id": "519358",
        "food": "yes",
        "indoor": "area",
        "indoor_seating": "yes",
        "level": "2",
        "level_ref": "2",
        "name": "The Crown Rivers",
        "outdoor_seating": "no",
        "smoking": "no",
        "website": "https://www.jdwetherspoon.com/pubs/all-pubs/england/middlesex/the-crown-rivers-after-security-terminal-5",
        "website:menu": "https://order.jdwetherspoon.com/venue/jdw/5509/menus",
        "wheelchair": "yes",
        "wikidata": "Q88916761",
        "osm_id": 438299712,
        "osm_type": "way",
        "_category": "area",
        "_level": 2,
        "_source": "level_2"
      }
    },
    {
      "type": "Feature",
      "geometry": {
        "type": "Polygon",
        "coordinates": [
          [
            [
              -0.488059,
              51.4726665
            ],
            [
              -0.4883717,
              51.4726662
            ],
            [
              -0.4883718,
              51.4727242
            ],
            [
              -0.4880591,
              51.4727245
            ],
            [
              -0.488059,
              51.4726665
            ]
          ]
        ]
      },
      "properties": {
        "check_date": "2025-11-17",
        "indoor": "room",
        "level": "2",
        "level_ref": "2",
        "name": "Orlebar Brown",
        "payment:cash": "yes",
        "payment:credit_cards": "yes",
        "payment:debit_cards": "yes",
        "shop": "clothes",
        "wheelchair": "yes",
        "osm_id": 438299713,
        "osm_type": "way",
        "_category": "shop",
        "_level": 2,
        "_source": "level_2"
      }
    },
    {
      "type": "Feature",
      "geometry": {
        "type": "Polygon",
        "coordinates": [
          [
            [
              -0.4880898,
              51.4707766
            ],
            [
              -0.4884016,
              51.4707789
            ],
            [
              -0.4884013,
              51.470812
            ],
            [
              -0.488401,
              51.4708556
            ],
            [
              -0.488089,
              51.470855
            ],
            [
              -0.4880898,
              51.4707766
            ]
          ]
        ]
      },
      "properties": {
        "brand": "Tiffany & Company",
        "brand:wikidata": "Q1066858",
        "check_date": "2026-02-04",
        "indoor": "room",
        "level": "2",
        "level_ref": "2",
        "name": "Tiffany & Company",
        "official_name": "Tiffany & Co.",
        "shop": "jewelry",
        "osm_id": 438299714,
        "osm_type": "way",
        "_category": "shop",
        "_level": 2,
        "_source": "level_2"
      }
    },
    {
      "type": "Feature",
      "geometry": {
        "type": "Polygon",
        "coordinates": [
          [
            [
              -0.4876609,
              51.4722212
            ],
            [
              -0.4876614,
              51.4721765
            ],
            [
              -0.4875876,
              51.4721761
            ],
            [
              -0.4875871,
              51.4722209
            ],
            [
              -0.4876609,
              51.4722212
            ]
          ]
        ]
      },
      "properties": {
        "amenity": "bureau_de_change",
        "indoor": "room",
        "level": "2",
        "level_ref": "2",
        "name": "Travelex",
        "osm_id": 438299715,
        "osm_type": "way",
        "_category": "currency",
        "_level": 2,
        "_source": "level_2"
      }
    },
    {
      "type": "Feature",
      "geometry": {
        "type": "Polygon",
        "coordinates": [
          [
            [
              -0.4877391,
              51.4709272
            ],
            [
              -0.4877412,
              51.4708599
            ],
            [
              -0.4876554,
              51.4708589
            ],
            [
              -0.4876534,
              51.4709262
            ],
            [
              -0.4877391,
              51.4709272
            ]
          ]
        ]
      },
      "properties": {
        "amenity": "bureau_de_change",
        "check_date": "2026-02-04",
        "indoor": "room",
        "level": "2",
        "level_ref": "2",
        "osm_id": 438299719,
        "osm_type": "way",
        "_category": "currency",
        "_level": 2,
        "_source": "level_2"
      }
    },
    {
      "type": "Feature",
      "geometry": {
        "type": "Polygon",
        "coordinates": [
          [
            [
              -0.4880626,
              51.4720849
            ],
            [
              -0.4880619,
              51.4721043
            ],
            [
              -0.4880593,
              51.4722075
            ],
            [
              -0.4883719,
              51.4722106
            ],
            [
              -0.4883719,
              51.472087
            ],
            [
              -0.4880626,
              51.4720849
            ]
          ]
        ]
      },
      "properties": {
        "check_date": "2026-02-04",
        "indoor": "room",
        "level": "2",
        "level_ref": "2",
        "name": "Duty Free Cigarettes",
        "shop": "tobacco",
        "osm_id": 438299721,
        "osm_type": "way",
        "_category": "shop",
        "_level": 2,
        "_source": "level_2"
      }
    },
    {
      "type": "Feature",
      "geometry": {
        "type": "Polygon",
        "coordinates": [
          [
            [
              -0.487966,
              51.4726293
            ],
            [
              -0.4877906,
              51.4726291
            ],
            [
              -0.4877587,
              51.4726291
            ],
            [
              -0.4877588,
              51.4725824
            ],
            [
              -0.4879661,
              51.4725826
            ],
            [
              -0.487966,
              51.4726293
            ]
          ]
        ]
      },
      "properties": {
        "amenity": "bureau_de_change",
        "indoor": "room",
        "level": "2",
        "level_ref": "2",
        "name": "Travelex",
        "osm_id": 438299723,
        "osm_type": "way",
        "_category": "currency",
        "_level": 2,
        "_source": "level_2"
      }
    },
    {
      "type": "Feature",
      "geometry": {
        "type": "Polygon",
        "coordinates": [
          [
            [
              -0.4879661,
              51.4725826
            ],
            [
              -0.4879663,
              51.4725298
            ],
            [
              -0.487759,
              51.4725295
            ],
            [
              -0.4877588,
              51.4725824
            ],
            [
              -0.4879661,
              51.4725826
            ]
          ]
        ]
      },
      "properties": {
        "brand": "Prada",
        "brand:wikidata": "Q193136",
        "check_date": "2025-11-17",
        "indoor": "room",
        "level": "2",
        "level_ref": "2",
        "name": "Prada",
        "shop": "clothes",
        "osm_id": 438299724,
        "osm_type": "way",
        "_category": "shop",
        "_level": 2,
        "_source": "level_2"
      }
    },
    {
      "type": "Feature",
      "geometry": {
        "type": "Polygon",
        "coordinates": [
          [
            [
              -0.4876262,
              51.4728393
            ],
            [
              -0.4876716,
              51.4727014
            ],
            [
              -0.4873156,
              51.4727056
            ],
            [
              -0.487319,
              51.472842
            ],
            [
              -0.4876262,
              51.4728393
            ]
          ]
        ]
      },
      "properties": {
        "brand": "WHSmith",
        "brand:website": "https://www.whsmithplc.co.uk/",
        "brand:wikidata": "Q1548712",
        "check_date": "2026-06-18",
        "check_date:opening_hours": "2026-06-18",
        "indoor": "room",
        "level": "2",
        "level_ref": "2",
        "name": "WHSmith",
        "opening_hours": "Mo-Su 05:00-22:00",
        "shop": "newsagent",
        "wheelchair": "yes",
        "osm_id": 438299726,
        "osm_type": "way",
        "_category": "shop",
        "_level": 2,
        "_source": "level_2"
      }
    },
    {
      "type": "Feature",
      "geometry": {
        "type": "Polygon",
        "coordinates": [
          [
            [
              -0.4880955,
              51.470225
            ],
            [
              -0.4884058,
              51.4702325
            ],
            [
              -0.4884056,
              51.4702597
            ],
            [
              -0.4884051,
              51.4703302
            ],
            [
              -0.4884049,
              51.4703573
            ],
            [
              -0.4880941,
              51.470355
            ],
            [
              -0.4880955,
              51.470225
            ]
          ]
        ]
      },
      "properties": {
        "brand": "WHSmith",
        "brand:website": "https://www.whsmithplc.co.uk/",
        "brand:wikidata": "Q1548712",
        "brand:wikipedia": "en:WHSmith",
        "check_date": "2026-02-04",
        "indoor": "room",
        "level": "2",
        "level_ref": "2",
        "name": "WHSmith",
        "shop": "newsagent",
        "osm_id": 438299731,
        "osm_type": "way",
        "_category": "shop",
        "_level": 2,
        "_source": "level_2"
      }
    },
    {
      "type": "Feature",
      "geometry": {
        "type": "Polygon",
        "coordinates": [
          [
            [
              -0.4880866,
              51.4710915
            ],
            [
              -0.4883991,
              51.4710938
            ],
            [
              -0.4883985,
              51.4711726
            ],
            [
              -0.4880857,
              51.4711703
            ],
            [
              -0.4880866,
              51.4710915
            ]
          ]
        ]
      },
      "properties": {
        "brand:wikidata": "Q28404008",
        "check_date": "2026-02-04",
        "disused:shop": "watches",
        "indoor": "room",
        "level": "2",
        "level_ref": "2",
        "name": "Watches of Switzerland",
        "website": "https://www.watches-of-switzerland.co.uk/store/480",
        "osm_id": 438299733,
        "osm_type": "way",
        "_category": "room",
        "_level": 2,
        "_source": "level_2"
      }
    },
    {
      "type": "Feature",
      "geometry": {
        "type": "Polygon",
        "coordinates": [
          [
            [
              -0.4876716,
              51.4727014
            ],
            [
              -0.4876662,
              51.4725141
            ],
            [
              -0.4873098,
              51.4725181
            ],
            [
              -0.4873156,
              51.4727056
            ],
            [
              -0.4876716,
              51.4727014
            ]
          ]
        ]
      },
      "properties": {
        "check_date": "2026-02-04",
        "indoor": "room",
        "level": "2",
        "level_ref": "2",
        "name": "World Duty Free",
        "shop": "gift",
        "wheelchair": "yes",
        "osm_id": 438299734,
        "osm_type": "way",
        "_category": "shop",
        "_level": 2,
        "_source": "level_2"
      }
    },
    {
      "type": "Feature",
      "geometry": {
        "type": "Polygon",
        "coordinates": [
          [
            [
              -0.4870247,
              51.471288
            ],
            [
              -0.4870232,
              51.4720837
            ],
            [
              -0.4873093,
              51.4720822
            ],
            [
              -0.4875986,
              51.472087
            ],
            [
              -0.4876501,
              51.4720561
            ],
            [
              -0.4876701,
              51.472002
            ],
            [
              -0.4876705,
              51.4719536
            ],
            [
              -0.4876246,
              51.4718757
            ],
            [
              -0.4875843,
              51.4717718
            ],
            [
              -0.4875649,
              51.4716466
            ],
            [
              -0.487585,
              51.4714859
            ],
            [
              -0.4876347,
              51.4713653
            ],
            [
              -0.487686,
              51.471285
            ],
            [
              -0.4870247,
              51.471288
            ]
          ]
        ]
      },
      "properties": {
        "check_date": "2026-02-04",
        "indoor": "room",
        "level": "2",
        "level_ref": "2",
        "name": "World Duty Free",
        "shop": "gift",
        "osm_id": 438299736,
        "osm_type": "way",
        "_category": "shop",
        "_level": 2,
        "_source": "level_2"
      }
    },
    {
      "type": "Feature",
      "geometry": {
        "type": "Polygon",
        "coordinates": [
          [
            [
              -0.4883709,
              51.4720354
            ],
            [
              -0.4883734,
              51.4719465
            ],
            [
              -0.4883735,
              51.4718696
            ],
            [
              -0.4883783,
              51.471506
            ],
            [
              -0.4883766,
              51.4714489
            ],
            [
              -0.4883792,
              51.4712526
            ],
            [
              -0.4880732,
              51.4712516
            ],
            [
              -0.4880544,
              51.4713245
            ],
            [
              -0.4880573,
              51.4713902
            ],
            [
              -0.488084,
              51.4714482
            ],
            [
              -0.4881138,
              51.4715061
            ],
            [
              -0.4881297,
              51.4715839
            ],
            [
              -0.4881313,
              51.471665
            ],
            [
              -0.488116,
              51.4717476
            ],
            [
              -0.4880888,
              51.4718183
            ],
            [
              -0.4880541,
              51.4718699
            ],
            [
              -0.4880356,
              51.471952
            ],
            [
              -0.4880566,
              51.4720341
            ],
            [
              -0.4883709,
              51.4720354
            ]
          ]
        ]
      },
      "properties": {
        "check_date": "2026-02-04",
        "indoor": "room",
        "level": "2",
        "level_ref": "2",
        "name": "World Duty Free",
        "shop": "gift",
        "osm_id": 438299737,
        "osm_type": "way",
        "_category": "shop",
        "_level": 2,
        "_source": "level_2"
      }
    },
    {
      "type": "Feature",
      "geometry": {
        "type": "Polygon",
        "coordinates": [
          [
            [
              -0.4883719,
              51.472087
            ],
            [
              -0.4883709,
              51.4720354
            ],
            [
              -0.4880566,
              51.4720341
            ],
            [
              -0.4880626,
              51.4720849
            ],
            [
              -0.4883719,
              51.472087
            ]
          ]
        ]
      },
      "properties": {
        "check_date": "2026-02-04",
        "indoor": "room",
        "level": "2",
        "level_ref": "2",
        "name": "World of Whiskies",
        "shop": "alcohol",
        "osm_id": 438299738,
        "osm_type": "way",
        "_category": "shop",
        "_level": 2,
        "_source": "level_2"
      }
    },
    {
      "type": "Feature",
      "geometry": {
        "type": "LineString",
        "coordinates": [
          [
            -0.4879217,
            51.4721202
          ],
          [
            -0.4868872,
            51.4721248
          ]
        ]
      },
      "properties": {
        "highway": "footway",
        "indoor": "yes",
        "layer": "2",
        "level": "2",
        "level_ref": "2",
        "osm_id": 438299740,
        "osm_type": "way",
        "_category": "yes",
        "_level": 2,
        "_source": "level_2"
      }
    },
    {
      "type": "Feature",
      "geometry": {
        "type": "LineString",
        "coordinates": [
          [
            -0.4880239,
            51.4724748
          ],
          [
            -0.4879269,
            51.4724749
          ],
          [
            -0.4876942,
            51.472475
          ],
          [
            -0.4869832,
            51.4724755
          ],
          [
            -0.4868843,
            51.4724756
          ]
        ]
      },
      "properties": {
        "highway": "footway",
        "indoor": "yes",
        "layer": "2",
        "level": "2",
        "level_ref": "2",
        "osm_id": 438299742,
        "osm_type": "way",
        "_category": "yes",
        "_level": 2,
        "_source": "level_2"
      }
    },
    {
      "type": "Feature",
      "geometry": {
        "type": "LineString",
        "coordinates": [
          [
            -0.4879048,
            51.4707832
          ],
          [
            -0.4868907,
            51.4707796
          ]
        ]
      },
      "properties": {
        "highway": "footway",
        "indoor": "yes",
        "level": "2",
        "level_ref": "2",
        "lit": "24/7",
        "surface": "concrete",
        "osm_id": 438299743,
        "osm_type": "way",
        "_category": "yes",
        "_level": 2,
        "_source": "level_2"
      }
    },
    {
      "type": "Feature",
      "geometry": {
        "type": "LineString",
        "coordinates": [
          [
            -0.4879751,
            51.4732464
          ],
          [
            -0.4879673,
            51.4732061
          ],
          [
            -0.4880344,
            51.4729768
          ]
        ]
      },
      "properties": {
        "highway": "footway",
        "indoor": "yes",
        "level": "2",
        "level_ref": "2",
        "osm_id": 438299744,
        "osm_type": "way",
        "_category": "yes",
        "_level": 2,
        "_source": "level_2"
      }
    },
    {
      "type": "Feature",
      "geometry": {
        "type": "LineString",
        "coordinates": [
          [
            -0.4876554,
            51.4729786
          ],
          [
            -0.4876534,
            51.4732071
          ]
        ]
      },
      "properties": {
        "highway": "footway",
        "indoor": "yes",
        "level": "2",
        "level_ref": "2",
        "lit": "yes",
        "surface": "paving_stones",
        "osm_id": 438299747,
        "osm_type": "way",
        "_category": "yes",
        "_level": 2,
        "_source": "level_2"
      }
    },
    {
      "type": "Feature",
      "geometry": {
        "type": "LineString",
        "coordinates": [
          [
            -0.4879131,
            51.4712244
          ],
          [
            -0.4884348,
            51.4712261
          ],
          [
            -0.4884346,
            51.4713713
          ],
          [
            -0.4884979,
            51.4713725
          ]
        ]
      },
      "properties": {
        "highway": "footway",
        "indoor": "yes",
        "level": "2",
        "level_ref": "2",
        "lit": "24/7",
        "surface": "paving_stones",
        "osm_id": 438299749,
        "osm_type": "way",
        "_category": "yes",
        "_level": 2,
        "_source": "level_2"
      }
    },
    {
      "type": "Feature",
      "geometry": {
        "type": "LineString",
        "coordinates": [
          [
            -0.4879219,
            51.4720186
          ],
          [
            -0.4884239,
            51.4720179
          ],
          [
            -0.488425,
            51.4719021
          ],
          [
            -0.488493,
            51.4719007
          ]
        ]
      },
      "properties": {
        "highway": "footway",
        "indoor": "yes",
        "level": "2",
        "level_ref": "2",
        "lit": "24/7",
        "surface": "paving_stones",
        "osm_id": 438299752,
        "osm_type": "way",
        "_category": "yes",
        "_level": 2,
        "_source": "level_2"
      }
    },
    {
      "type": "Feature",
      "geometry": {
        "type": "LineString",
        "coordinates": [
          [
            -0.4880302,
            51.4718221
          ],
          [
            -0.4879466,
            51.471822
          ],
          [
            -0.4879224,
            51.471822
          ]
        ]
      },
      "properties": {
        "highway": "footway",
        "indoor": "yes",
        "level": "2",
        "level_ref": "2",
        "osm_id": 438299759,
        "osm_type": "way",
        "_category": "yes",
        "_level": 2,
        "_source": "level_2"
      }
    },
    {
      "type": "Feature",
      "geometry": {
        "type": "Polygon",
        "coordinates": [
          [
            [
              -0.4763277,
              51.472131
            ],
            [
              -0.475871,
              51.472132
            ],
            [
              -0.4758721,
              51.4720436
            ],
            [
              -0.4758718,
              51.4720219
            ],
            [
              -0.4758684,
              51.4716585
            ],
            [
              -0.4758679,
              51.4715683
            ],
            [
              -0.4758678,
              51.471544
            ],
            [
              -0.4758661,
              51.4712157
            ],
            [
              -0.4758659,
              51.4711953
            ],
            [
              -0.4758649,
              51.471001
            ],
            [
              -0.475863,
              51.4707149
            ],
            [
              -0.4758629,
              51.470694
            ],
            [
              -0.4758608,
              51.4703808
            ],
            [
              -0.4758609,
              51.4703647
            ],
            [
              -0.4758611,
              51.4703153
            ],
            [
              -0.4758594,
              51.4699969
            ],
            [
              -0.4758591,
              51.4699399
            ],
            [
              -0.4763159,
              51.469939
            ],
            [
              -0.4763162,
              51.4699948
            ],
            [
              -0.4763174,
              51.4702232
            ],
            [
              -0.4763178,
              51.4702968
            ],
            [
              -0.4763182,
              51.4703626
            ],
            [
              -0.4763198,
              51.4706698
            ],
            [
              -0.47632,
              51.4706961
            ],
            [
              -0.476321,
              51.4708854
            ],
            [
              -0.476323,
              51.4712605
            ],
            [
              -0.4763229,
              51.4712698
            ],
            [
              -0.4763245,
              51.4715616
            ],
            [
              -0.4763247,
              51.4715825
            ],
            [
              -0.4763256,
              51.4717454
            ],
            [
              -0.4763271,
              51.4720227
            ],
            [
              -0.4763274,
              51.4720691
            ],
            [
              -0.4763277,
              51.472131
            ]
          ]
        ]
      },
      "properties": {
        "highway": "footway",
        "indoor": "yes",
        "level": "2",
        "osm_id": 438299761,
        "osm_type": "way",
        "_category": "yes",
        "_level": 2,
        "_source": "level_2"
      }
    },
    {
      "type": "Feature",
      "geometry": {
        "type": "LineString",
        "coordinates": [
          [
            -0.4889513,
            51.4711381
          ],
          [
            -0.488951,
            51.4711012
          ],
          [
            -0.488979,
            51.4711011
          ],
          [
            -0.4890284,
            51.471099
          ],
          [
            -0.4890503,
            51.4710979
          ],
          [
            -0.4890545,
            51.4711376
          ]
        ]
      },
      "properties": {
        "highway": "footway",
        "indoor": "yes",
        "level": "2",
        "level_ref": "2",
        "osm_id": 1178305512,
        "osm_type": "way",
        "_category": "yes",
        "_level": 2,
        "_source": "level_2"
      }
    },
    {
      "type": "Feature",
      "geometry": {
        "type": "LineString",
        "coordinates": [
          [
            -0.4762055,
            51.4707006
          ],
          [
            -0.4762038,
            51.470652
          ],
          [
            -0.4761839,
            51.4706523
          ]
        ]
      },
      "properties": {
        "highway": "footway",
        "indoor": "yes",
        "level": "2",
        "osm_id": 1178360757,
        "osm_type": "way",
        "_category": "yes",
        "_level": 2,
        "_source": "level_2"
      }
    },
    {
      "type": "Feature",
      "geometry": {
        "type": "LineString",
        "coordinates": [
          [
            -0.476207,
            51.4707428
          ],
          [
            -0.4762055,
            51.4707006
          ],
          [
            -0.4761856,
            51.4707008
          ]
        ]
      },
      "properties": {
        "highway": "footway",
        "indoor": "yes",
        "level": "2",
        "osm_id": 1178360758,
        "osm_type": "way",
        "_category": "yes",
        "_level": 2,
        "_source": "level_2"
      }
    },
    {
      "type": "Feature",
      "geometry": {
        "type": "LineString",
        "coordinates": [
          [
            -0.4762098,
            51.4708249
          ],
          [
            -0.476207,
            51.4707428
          ],
          [
            -0.476187,
            51.470743
          ]
        ]
      },
      "properties": {
        "highway": "footway",
        "indoor": "yes",
        "level": "2",
        "osm_id": 1178360759,
        "osm_type": "way",
        "_category": "yes",
        "_level": 2,
        "_source": "level_2"
      }
    },
    {
      "type": "Feature",
      "geometry": {
        "type": "LineString",
        "coordinates": [
          [
            -0.476037,
            51.470932
          ],
          [
            -0.476187,
            51.47093
          ],
          [
            -0.4761834,
            51.4708253
          ],
          [
            -0.4762098,
            51.4708249
          ],
          [
            -0.4762204,
            51.4708248
          ],
          [
            -0.4762407,
            51.4708245
          ]
        ]
      },
      "properties": {
        "highway": "footway",
        "indoor": "yes",
        "level": "2",
        "osm_id": 1178360788,
        "osm_type": "way",
        "_category": "yes",
        "_level": 2,
        "_source": "level_2"
      }
    },
    {
      "type": "Feature",
      "geometry": {
        "type": "LineString",
        "coordinates": [
          [
            -0.4760405,
            51.4710349
          ],
          [
            -0.47596,
            51.471036
          ]
        ]
      },
      "properties": {
        "highway": "footway",
        "indoor": "yes",
        "level": "2",
        "osm_id": 1178360789,
        "osm_type": "way",
        "_category": "yes",
        "_level": 2,
        "_source": "level_2"
      }
    },
    {
      "type": "Feature",
      "geometry": {
        "type": "LineString",
        "coordinates": [
          [
            -0.4760394,
            51.4710014
          ],
          [
            -0.4759617,
            51.4710024
          ]
        ]
      },
      "properties": {
        "highway": "footway",
        "indoor": "yes",
        "level": "2",
        "osm_id": 1178360790,
        "osm_type": "way",
        "_category": "yes",
        "_level": 2,
        "_source": "level_2"
      }
    },
    {
      "type": "Feature",
      "geometry": {
        "type": "LineString",
        "coordinates": [
          [
            -0.476038,
            51.4709624
          ],
          [
            -0.4759603,
            51.4709634
          ]
        ]
      },
      "properties": {
        "highway": "footway",
        "indoor": "yes",
        "level": "2",
        "osm_id": 1178360791,
        "osm_type": "way",
        "_category": "yes",
        "_level": 2,
        "_source": "level_2"
      }
    },
    {
      "type": "Feature",
      "geometry": {
        "type": "LineString",
        "coordinates": [
          [
            -0.4759593,
            51.470933
          ],
          [
            -0.476037,
            51.470932
          ],
          [
            -0.476038,
            51.4709624
          ],
          [
            -0.4760394,
            51.4710014
          ],
          [
            -0.4760405,
            51.4710349
          ]
        ]
      },
      "properties": {
        "highway": "footway",
        "indoor": "yes",
        "level": "2",
        "osm_id": 1178360792,
        "osm_type": "way",
        "_category": "yes",
        "_level": 2,
        "_source": "level_2"
      }
    },
    {
      "type": "Feature",
      "geometry": {
        "type": "LineString",
        "coordinates": [
          [
            -0.4890564,
            51.4717084
          ],
          [
            -0.4890565,
            51.4717453
          ],
          [
            -0.4890301,
            51.4717454
          ]
        ]
      },
      "properties": {
        "highway": "footway",
        "indoor": "yes",
        "level": "2",
        "level_ref": "2",
        "osm_id": 1179702380,
        "osm_type": "way",
        "_category": "yes",
        "_level": 2,
        "_source": "level_2"
      }
    },
    {
      "type": "Feature",
      "geometry": {
        "type": "LineString",
        "coordinates": [
          [
            -0.4758199,
            51.4699405
          ],
          [
            -0.4758591,
            51.4699399
          ]
        ]
      },
      "properties": {
        "highway": "footway",
        "indoor": "yes",
        "level": "2",
        "osm_id": 1179806618,
        "osm_type": "way",
        "_category": "yes",
        "_level": 2,
        "_source": "level_2"
      }
    },
    {
      "type": "Feature",
      "geometry": {
        "type": "LineString",
        "coordinates": [
          [
            -0.4763159,
            51.469939
          ],
          [
            -0.4763533,
            51.469938
          ]
        ]
      },
      "properties": {
        "highway": "footway",
        "indoor": "yes",
        "level": "2",
        "osm_id": 1179806619,
        "osm_type": "way",
        "_category": "yes",
        "_level": 2,
        "_source": "level_2"
      }
    },
    {
      "type": "Feature",
      "geometry": {
        "type": "LineString",
        "coordinates": [
          [
            -0.486889,
            51.4709897
          ],
          [
            -0.4869419,
            51.4709897
          ],
          [
            -0.4869422,
            51.4710087
          ],
          [
            -0.4869841,
            51.4710089
          ]
        ]
      },
      "properties": {
        "highway": "footway",
        "indoor": "yes",
        "level": "2",
        "level_ref": "2",
        "osm_id": 1179822459,
        "osm_type": "way",
        "_category": "yes",
        "_level": 2,
        "_source": "level_2"
      }
    },
    {
      "type": "Feature",
      "geometry": {
        "type": "LineString",
        "coordinates": [
          [
            -0.4869838,
            51.4709898
          ],
          [
            -0.4869419,
            51.4709897
          ],
          [
            -0.4869416,
            51.4709683
          ],
          [
            -0.4869835,
            51.4709685
          ]
        ]
      },
      "properties": {
        "highway": "footway",
        "indoor": "yes",
        "level": "2",
        "level_ref": "2",
        "osm_id": 1179822464,
        "osm_type": "way",
        "_category": "yes",
        "_level": 2,
        "_source": "level_2"
      }
    },
    {
      "type": "Feature",
      "geometry": {
        "type": "LineString",
        "coordinates": [
          [
            -0.4814414,
            51.4706312
          ],
          [
            -0.4814404,
            51.4704747
          ],
          [
            -0.4814401,
            51.4704388
          ],
          [
            -0.4814382,
            51.4701648
          ],
          [
            -0.4814381,
            51.4701452
          ],
          [
            -0.4814356,
            51.4697705
          ],
          [
            -0.4814354,
            51.469748
          ],
          [
            -0.4814351,
            51.4697174
          ],
          [
            -0.4814337,
            51.4696669
          ],
          [
            -0.481388,
            51.4696679
          ],
          [
            -0.4810253,
            51.4696757
          ],
          [
            -0.4809657,
            51.4696769
          ],
          [
            -0.4809648,
            51.4697315
          ],
          [
            -0.4808852,
            51.4697304
          ],
          [
            -0.4808908,
            51.4698341
          ],
          [
            -0.4808916,
            51.4698495
          ],
          [
            -0.4809242,
            51.4704588
          ],
          [
            -0.4809249,
            51.4704729
          ],
          [
            -0.4809362,
            51.4706836
          ],
          [
            -0.4809381,
            51.4708866
          ],
          [
            -0.4809382,
            51.4708937
          ],
          [
            -0.4809431,
            51.4714071
          ],
          [
            -0.4809434,
            51.4714388
          ],
          [
            -0.4809482,
            51.4719367
          ],
          [
            -0.480949,
            51.4719643
          ],
          [
            -0.4809499,
            51.4719935
          ],
          [
            -0.4809536,
            51.4721213
          ],
          [
            -0.4814941,
            51.4721171
          ],
          [
            -0.4814915,
            51.4719993
          ],
          [
            -0.4814909,
            51.4719726
          ],
          [
            -0.4814854,
            51.4717186
          ],
          [
            -0.481485,
            51.4716982
          ],
          [
            -0.4814788,
            51.4714171
          ],
          [
            -0.4814784,
            51.4713953
          ],
          [
            -0.4814699,
            51.4710081
          ]
        ]
      },
      "properties": {
        "highway": "footway",
        "indoor": "yes",
        "level": "2",
        "osm_id": 1179971658,
        "osm_type": "way",
        "_category": "yes",
        "_level": 2,
        "_source": "level_2"
      }
    },
    {
      "type": "Feature",
      "geometry": {
        "type": "LineString",
        "coordinates": [
          [
            -0.4814471,
            51.470783
          ],
          [
            -0.481446,
            51.4709783
          ],
          [
            -0.4814458,
            51.4710077
          ],
          [
            -0.4814538,
            51.4710079
          ],
          [
            -0.4814609,
            51.471008
          ],
          [
            -0.4814647,
            51.4710081
          ],
          [
            -0.4814699,
            51.4710081
          ]
        ]
      },
      "properties": {
        "highway": "footway",
        "indoor": "yes",
        "level": "2",
        "osm_id": 1179971662,
        "osm_type": "way",
        "_category": "yes",
        "_level": 2,
        "_source": "level_2"
      }
    },
    {
      "type": "Feature",
      "geometry": {
        "type": "LineString",
        "coordinates": [
          [
            -0.4811105,
            51.4715461
          ],
          [
            -0.4810529,
            51.4715465
          ]
        ]
      },
      "properties": {
        "highway": "footway",
        "indoor": "yes",
        "level": "2",
        "osm_id": 1179971663,
        "osm_type": "way",
        "_category": "yes",
        "_level": 2,
        "_source": "level_2"
      }
    },
    {
      "type": "Feature",
      "geometry": {
        "type": "LineString",
        "coordinates": [
          [
            -0.4810528,
            51.4715257
          ],
          [
            -0.4811092,
            51.4715248
          ]
        ]
      },
      "properties": {
        "highway": "footway",
        "indoor": "yes",
        "level": "2",
        "osm_id": 1179971665,
        "osm_type": "way",
        "_category": "yes",
        "_level": 2,
        "_source": "level_2"
      }
    },
    {
      "type": "Feature",
      "geometry": {
        "type": "LineString",
        "coordinates": [
          [
            -0.4810441,
            51.4712007
          ],
          [
            -0.4810528,
            51.4715257
          ],
          [
            -0.4810529,
            51.4715465
          ],
          [
            -0.4810542,
            51.4718038
          ],
          [
            -0.4813935,
            51.4718038
          ],
          [
            -0.4814619,
            51.471803
          ]
        ]
      },
      "properties": {
        "highway": "footway",
        "indoor": "yes",
        "level": "2",
        "osm_id": 1179971670,
        "osm_type": "way",
        "_category": "yes",
        "_level": 2,
        "_source": "level_2"
      }
    },
    {
      "type": "Feature",
      "geometry": {
        "type": "LineString",
        "coordinates": [
          [
            -0.4814927,
            51.4706294
          ],
          [
            -0.4815196,
            51.4706291
          ],
          [
            -0.4815187,
            51.470609
          ],
          [
            -0.4815028,
            51.4706092
          ]
        ]
      },
      "properties": {
        "highway": "footway",
        "indoor": "yes",
        "level": "2",
        "osm_id": 1179971678,
        "osm_type": "way",
        "_category": "yes",
        "_level": 2,
        "_source": "level_2"
      }
    },
    {
      "type": "Feature",
      "geometry": {
        "type": "LineString",
        "coordinates": [
          [
            -0.4814428,
            51.4706514
          ],
          [
            -0.4814928,
            51.4706507
          ]
        ]
      },
      "properties": {
        "highway": "footway",
        "indoor": "yes",
        "level": "2",
        "osm_id": 1179971680,
        "osm_type": "way",
        "_category": "yes",
        "_level": 2,
        "_source": "level_2"
      }
    },
    {
      "type": "Feature",
      "geometry": {
        "type": "LineString",
        "coordinates": [
          [
            -0.4814424,
            51.4706427
          ],
          [
            -0.4814928,
            51.4706424
          ]
        ]
      },
      "properties": {
        "highway": "footway",
        "indoor": "yes",
        "level": "2",
        "osm_id": 1179971681,
        "osm_type": "way",
        "_category": "yes",
        "_level": 2,
        "_source": "level_2"
      }
    },
    {
      "type": "Feature",
      "geometry": {
        "type": "LineString",
        "coordinates": [
          [
            -0.4810159,
            51.4707801
          ],
          [
            -0.4814471,
            51.470783
          ],
          [
            -0.4814428,
            51.4706514
          ],
          [
            -0.4814424,
            51.4706427
          ],
          [
            -0.4814414,
            51.4706312
          ],
          [
            -0.4814927,
            51.4706294
          ]
        ]
      },
      "properties": {
        "highway": "footway",
        "indoor": "yes",
        "level": "2",
        "osm_id": 1179971682,
        "osm_type": "way",
        "_category": "yes",
        "_level": 2,
        "_source": "level_2"
      }
    },
    {
      "type": "Feature",
      "geometry": {
        "type": "LineString",
        "coordinates": [
          [
            -0.488197,
            51.4730495
          ],
          [
            -0.4881961,
            51.472976
          ]
        ]
      },
      "properties": {
        "highway": "footway",
        "indoor": "yes",
        "level": "2",
        "level_ref": "2",
        "osm_id": 1179989954,
        "osm_type": "way",
        "_category": "yes",
        "_level": 2,
        "_source": "level_2"
      }
    },
    {
      "type": "Feature",
      "geometry": {
        "type": "LineString",
        "coordinates": [
          [
            -0.4882153,
            51.4730498
          ],
          [
            -0.4882144,
            51.4729759
          ]
        ]
      },
      "properties": {
        "highway": "footway",
        "indoor": "yes",
        "level": "2",
        "level_ref": "2",
        "osm_id": 1179989955,
        "osm_type": "way",
        "_category": "yes",
        "_level": 2,
        "_source": "level_2"
      }
    },
    {
      "type": "Feature",
      "geometry": {
        "type": "LineString",
        "coordinates": [
          [
            -0.4876554,
            51.4729786
          ],
          [
            -0.4880344,
            51.4729768
          ],
          [
            -0.4881961,
            51.472976
          ],
          [
            -0.4882144,
            51.4729759
          ],
          [
            -0.4882411,
            51.4729758
          ]
        ]
      },
      "properties": {
        "highway": "footway",
        "indoor": "yes",
        "level": "2",
        "level_ref": "2",
        "osm_id": 1179989958,
        "osm_type": "way",
        "_category": "yes",
        "_level": 2,
        "_source": "level_2"
      }
    },
    {
      "type": "Feature",
      "geometry": {
        "type": "LineString",
        "coordinates": [
          [
            -0.4876816,
            51.4728634
          ],
          [
            -0.4876082,
            51.4728651
          ]
        ]
      },
      "properties": {
        "highway": "footway",
        "indoor": "yes",
        "level": "2",
        "level_ref": "2",
        "osm_id": 1179989968,
        "osm_type": "way",
        "_category": "yes",
        "_level": 2,
        "_source": "level_2"
      }
    },
    {
      "type": "Feature",
      "geometry": {
        "type": "LineString",
        "coordinates": [
          [
            -0.4880296,
            51.4716699
          ],
          [
            -0.4880641,
            51.4716701
          ]
        ]
      },
      "properties": {
        "highway": "footway",
        "indoor": "yes",
        "level": "2",
        "level_ref": "2",
        "osm_id": 1179989980,
        "osm_type": "way",
        "_category": "yes",
        "_level": 2,
        "_source": "level_2"
      }
    },
    {
      "type": "Feature",
      "geometry": {
        "type": "LineString",
        "coordinates": [
          [
            -0.4880641,
            51.4716964
          ],
          [
            -0.4880296,
            51.471696
          ]
        ]
      },
      "properties": {
        "highway": "footway",
        "indoor": "yes",
        "level": "2",
        "level_ref": "2",
        "osm_id": 1179989982,
        "osm_type": "way",
        "_category": "yes",
        "_level": 2,
        "_source": "level_2"
      }
    },
    {
      "type": "Feature",
      "geometry": {
        "type": "LineString",
        "coordinates": [
          [
            -0.4879062,
            51.4701293
          ],
          [
            -0.4878281,
            51.4701293
          ],
          [
            -0.4877609,
            51.4701292
          ],
          [
            -0.4877609,
            51.4701565
          ]
        ]
      },
      "properties": {
        "highway": "footway",
        "indoor": "yes",
        "level": "2",
        "level_ref": "2",
        "osm_id": 1179989991,
        "osm_type": "way",
        "_category": "yes",
        "_level": 2,
        "_source": "level_2"
      }
    },
    {
      "type": "Feature",
      "geometry": {
        "type": "LineString",
        "coordinates": [
          [
            -0.4868832,
            51.472702
          ],
          [
            -0.4868829,
            51.4724952
          ],
          [
            -0.4868843,
            51.4724756
          ],
          [
            -0.4868864,
            51.4722937
          ],
          [
            -0.4868873,
            51.4721559
          ],
          [
            -0.4868872,
            51.4721248
          ],
          [
            -0.4868858,
            51.471936
          ],
          [
            -0.4868846,
            51.4717736
          ],
          [
            -0.4868883,
            51.471716
          ],
          [
            -0.4868889,
            51.4710489
          ],
          [
            -0.486889,
            51.4709897
          ]
        ]
      },
      "properties": {
        "highway": "footway",
        "indoor": "yes",
        "level": "2",
        "level_ref": "2",
        "osm_id": 1180025372,
        "osm_type": "way",
        "_category": "yes",
        "_level": 2,
        "_source": "level_2"
      }
    },
    {
      "type": "Feature",
      "geometry": {
        "type": "LineString",
        "coordinates": [
          [
            -0.4877277,
            51.4732069
          ],
          [
            -0.487728,
            51.4732463
          ]
        ]
      },
      "properties": {
        "highway": "footway",
        "indoor": "yes",
        "level": "2",
        "level_ref": "2",
        "osm_id": 1180025373,
        "osm_type": "way",
        "_category": "yes",
        "_level": 2,
        "_source": "level_2"
      }
    },
    {
      "type": "Feature",
      "geometry": {
        "type": "LineString",
        "coordinates": [
          [
            -0.4869963,
            51.4723195
          ],
          [
            -0.4869852,
            51.4723194
          ]
        ]
      },
      "properties": {
        "highway": "footway",
        "indoor": "yes",
        "level": "2",
        "level_ref": "2",
        "osm_id": 1180025390,
        "osm_type": "way",
        "_category": "yes",
        "_level": 2,
        "_source": "level_2"
      }
    },
    {
      "type": "Feature",
      "geometry": {
        "type": "LineString",
        "coordinates": [
          [
            -0.4869855,
            51.4722942
          ],
          [
            -0.4869691,
            51.4722941
          ],
          [
            -0.4869601,
            51.4722942
          ],
          [
            -0.4868864,
            51.4722937
          ]
        ]
      },
      "properties": {
        "highway": "footway",
        "indoor": "yes",
        "level": "2",
        "level_ref": "2",
        "osm_id": 1180025391,
        "osm_type": "way",
        "_category": "yes",
        "_level": 2,
        "_source": "level_2"
      }
    },
    {
      "type": "Feature",
      "geometry": {
        "type": "LineString",
        "coordinates": [
          [
            -0.486792,
            51.4708401
          ],
          [
            -0.4868152,
            51.4708401
          ],
          [
            -0.4868908,
            51.4708399
          ]
        ]
      },
      "properties": {
        "highway": "footway",
        "indoor": "yes",
        "level": "2",
        "level_ref": "2",
        "osm_id": 1180025404,
        "osm_type": "way",
        "_category": "yes",
        "_level": 2,
        "_source": "level_2"
      }
    },
    {
      "type": "Feature",
      "geometry": {
        "type": "LineString",
        "coordinates": [
          [
            -0.4868889,
            51.4710489
          ],
          [
            -0.48682,
            51.4710483
          ],
          [
            -0.4868105,
            51.4710482
          ]
        ]
      },
      "properties": {
        "highway": "footway",
        "indoor": "yes",
        "level": "2",
        "level_ref": "2",
        "osm_id": 1180025407,
        "osm_type": "way",
        "_category": "yes",
        "_level": 2,
        "_source": "level_2"
      }
    },
    {
      "type": "Feature",
      "geometry": {
        "type": "LineString",
        "coordinates": [
          [
            -0.486889,
            51.4709897
          ],
          [
            -0.4868908,
            51.4708399
          ],
          [
            -0.4868907,
            51.4707796
          ],
          [
            -0.4868879,
            51.4705595
          ],
          [
            -0.4868876,
            51.4705217
          ],
          [
            -0.4868873,
            51.4704356
          ],
          [
            -0.4868879,
            51.470378
          ]
        ]
      },
      "properties": {
        "highway": "footway",
        "indoor": "yes",
        "level": "2",
        "level_ref": "2",
        "osm_id": 1180025417,
        "osm_type": "way",
        "_category": "yes",
        "_level": 2,
        "_source": "level_2"
      }
    },
    {
      "type": "Feature",
      "geometry": {
        "type": "LineString",
        "coordinates": [
          [
            -0.4868853,
            51.4699924
          ],
          [
            -0.4868879,
            51.470378
          ]
        ]
      },
      "properties": {
        "highway": "footway",
        "indoor": "yes",
        "level": "2",
        "level_ref": "2",
        "surface": "paving_stones",
        "osm_id": 1180025419,
        "osm_type": "way",
        "_category": "yes",
        "_level": 2,
        "_source": "level_2"
      }
    },
    {
      "type": "Feature",
      "geometry": {
        "type": "LineString",
        "coordinates": [
          [
            -0.4430647,
            51.4690796
          ],
          [
            -0.4429883,
            51.4690765
          ],
          [
            -0.4429185,
            51.4690738
          ]
        ]
      },
      "properties": {
        "highway": "footway",
        "indoor": "yes",
        "level": "2",
        "osm_id": 1180186997,
        "osm_type": "way",
        "_category": "yes",
        "_level": 2,
        "_source": "level_2"
      }
    },
    {
      "type": "Feature",
      "geometry": {
        "type": "LineString",
        "coordinates": [
          [
            -0.4431184,
            51.4735514
          ],
          [
            -0.4430252,
            51.4735499
          ],
          [
            -0.4429682,
            51.4735489
          ]
        ]
      },
      "properties": {
        "highway": "footway",
        "indoor": "yes",
        "level": "2",
        "osm_id": 1180187005,
        "osm_type": "way",
        "_category": "yes",
        "_level": 2,
        "_source": "level_2"
      }
    },
    {
      "type": "Feature",
      "geometry": {
        "type": "LineString",
        "coordinates": [
          [
            -0.4431629,
            51.4731363
          ],
          [
            -0.4425779,
            51.4731385
          ],
          [
            -0.4425229,
            51.4731387
          ],
          [
            -0.4425283,
            51.473188
          ]
        ]
      },
      "properties": {
        "highway": "footway",
        "indoor": "yes",
        "level": "2",
        "osm_id": 1180187010,
        "osm_type": "way",
        "_category": "yes",
        "_level": 2,
        "_source": "level_2"
      }
    },
    {
      "type": "Feature",
      "geometry": {
        "type": "LineString",
        "coordinates": [
          [
            -0.4431669,
            51.4729692
          ],
          [
            -0.4436225,
            51.4729767
          ],
          [
            -0.4436736,
            51.4729775
          ]
        ]
      },
      "properties": {
        "highway": "footway",
        "indoor": "yes",
        "level": "2",
        "osm_id": 1180187014,
        "osm_type": "way",
        "_category": "yes",
        "_level": 2,
        "_source": "level_2"
      }
    },
    {
      "type": "Feature",
      "geometry": {
        "type": "LineString",
        "coordinates": [
          [
            -0.443182,
            51.4723385
          ],
          [
            -0.4425779,
            51.4723423
          ],
          [
            -0.4425202,
            51.4723427
          ],
          [
            -0.4425216,
            51.4723919
          ]
        ]
      },
      "properties": {
        "highway": "footway",
        "indoor": "yes",
        "level": "2",
        "osm_id": 1180187020,
        "osm_type": "way",
        "_category": "yes",
        "_level": 2,
        "_source": "level_2"
      }
    },
    {
      "type": "Feature",
      "geometry": {
        "type": "LineString",
        "coordinates": [
          [
            -0.443201,
            51.4715407
          ],
          [
            -0.4425772,
            51.4715445
          ],
          [
            -0.4425122,
            51.4715449
          ],
          [
            -0.4425162,
            51.4715875
          ]
        ]
      },
      "properties": {
        "highway": "footway",
        "indoor": "yes",
        "level": "2",
        "osm_id": 1180187025,
        "osm_type": "way",
        "_category": "yes",
        "_level": 2,
        "_source": "level_2"
      }
    },
    {
      "type": "Feature",
      "geometry": {
        "type": "LineString",
        "coordinates": [
          [
            -0.4432051,
            51.471367
          ],
          [
            -0.4436071,
            51.4713774
          ],
          [
            -0.4436561,
            51.4713786
          ]
        ]
      },
      "properties": {
        "highway": "footway",
        "indoor": "yes",
        "level": "2",
        "osm_id": 1180187029,
        "osm_type": "way",
        "_category": "yes",
        "_level": 2,
        "_source": "level_2"
      }
    },
    {
      "type": "Feature",
      "geometry": {
        "type": "LineString",
        "coordinates": [
          [
            -0.4432097,
            51.4706443
          ],
          [
            -0.4426,
            51.4706611
          ],
          [
            -0.4425417,
            51.4706627
          ],
          [
            -0.4425417,
            51.4706995
          ]
        ]
      },
      "properties": {
        "highway": "footway",
        "indoor": "yes",
        "level": "2",
        "osm_id": 1180187035,
        "osm_type": "way",
        "_category": "yes",
        "_level": 2,
        "_source": "level_2"
      }
    },
    {
      "type": "Feature",
      "geometry": {
        "type": "LineString",
        "coordinates": [
          [
            -0.4432057,
            51.4704914
          ],
          [
            -0.4436186,
            51.4704967
          ],
          [
            -0.4436669,
            51.4704973
          ]
        ]
      },
      "properties": {
        "highway": "footway",
        "indoor": "yes",
        "level": "2",
        "osm_id": 1180187039,
        "osm_type": "way",
        "_category": "yes",
        "_level": 2,
        "_source": "level_2"
      }
    },
    {
      "type": "Feature",
      "geometry": {
        "type": "LineString",
        "coordinates": [
          [
            -0.4431893,
            51.4698548
          ],
          [
            -0.4425896,
            51.4698633
          ],
          [
            -0.442535,
            51.4698641
          ],
          [
            -0.4425377,
            51.469905
          ]
        ]
      },
      "properties": {
        "highway": "footway",
        "indoor": "yes",
        "level": "2",
        "osm_id": 1180187045,
        "osm_type": "way",
        "_category": "yes",
        "_level": 2,
        "_source": "level_2"
      }
    },
    {
      "type": "Feature",
      "geometry": {
        "type": "LineString",
        "coordinates": [
          [
            -0.443185,
            51.4696878
          ],
          [
            -0.4436159,
            51.4696878
          ],
          [
            -0.4436427,
            51.4696878
          ]
        ]
      },
      "properties": {
        "highway": "footway",
        "indoor": "yes",
        "level": "2",
        "osm_id": 1180187049,
        "osm_type": "way",
        "_category": "yes",
        "_level": 2,
        "_source": "level_2"
      }
    },
    {
      "type": "Feature",
      "geometry": {
        "type": "LineString",
        "coordinates": [
          [
            -0.4432163,
            51.4709004
          ],
          [
            -0.4432097,
            51.4706443
          ],
          [
            -0.4432057,
            51.4704914
          ],
          [
            -0.4431893,
            51.4698548
          ],
          [
            -0.443185,
            51.4696878
          ],
          [
            -0.443176,
            51.4693695
          ],
          [
            -0.4430607,
            51.4692124
          ],
          [
            -0.4430647,
            51.4690796
          ],
          [
            -0.4431344,
            51.4690789
          ],
          [
            -0.4432216,
            51.4690779
          ]
        ]
      },
      "properties": {
        "highway": "footway",
        "indoor": "yes",
        "level": "2",
        "osm_id": 1180187051,
        "osm_type": "way",
        "_category": "yes",
        "_level": 2,
        "_source": "level_2"
      }
    },
    {
      "type": "Feature",
      "geometry": {
        "type": "LineString",
        "coordinates": [
          [
            -0.4429816,
            51.4711552
          ],
          [
            -0.4429843,
            51.4711844
          ]
        ]
      },
      "properties": {
        "highway": "footway",
        "indoor": "yes",
        "level": "2",
        "osm_id": 1180187056,
        "osm_type": "way",
        "_category": "yes",
        "_level": 2,
        "_source": "level_2"
      }
    },
    {
      "type": "Feature",
      "geometry": {
        "type": "LineString",
        "coordinates": [
          [
            -0.4430325,
            51.4708991
          ],
          [
            -0.4430339,
            51.4710754
          ],
          [
            -0.4429789,
            51.4710779
          ],
          [
            -0.4429802,
            51.4711117
          ],
          [
            -0.4429816,
            51.4711552
          ]
        ]
      },
      "properties": {
        "highway": "footway",
        "indoor": "yes",
        "level": "2",
        "osm_id": 1180187060,
        "osm_type": "way",
        "_category": "yes",
        "_level": 2,
        "_source": "level_2"
      }
    },
    {
      "type": "Feature",
      "geometry": {
        "type": "LineString",
        "coordinates": [
          [
            -0.4430272,
            51.4707673
          ],
          [
            -0.4430626,
            51.4707674
          ]
        ]
      },
      "properties": {
        "highway": "footway",
        "indoor": "yes",
        "level": "2",
        "osm_id": 1180187068,
        "osm_type": "way",
        "_category": "yes",
        "_level": 2,
        "_source": "level_2"
      }
    },
    {
      "type": "Feature",
      "geometry": {
        "type": "LineString",
        "coordinates": [
          [
            -0.4431747,
            51.4709
          ],
          [
            -0.443198,
            51.4709002
          ],
          [
            -0.4432163,
            51.4709004
          ],
          [
            -0.4432051,
            51.471367
          ],
          [
            -0.443201,
            51.4715407
          ],
          [
            -0.443182,
            51.4723385
          ],
          [
            -0.4431669,
            51.4729692
          ],
          [
            -0.4431629,
            51.4731363
          ],
          [
            -0.4431693,
            51.4733651
          ],
          [
            -0.4431184,
            51.4734537
          ],
          [
            -0.4431184,
            51.4735514
          ],
          [
            -0.4431719,
            51.473552
          ],
          [
            -0.4432528,
            51.4735529
          ]
        ]
      },
      "properties": {
        "highway": "footway",
        "indoor": "yes",
        "level": "2",
        "osm_id": 1180187069,
        "osm_type": "way",
        "_category": "yes",
        "_level": 2,
        "_source": "level_2"
      }
    },
    {
      "type": "Feature",
      "geometry": {
        "type": "LineString",
        "coordinates": [
          [
            -0.44306,
            51.4707496
          ],
          [
            -0.4430265,
            51.47075
          ],
          [
            -0.4430272,
            51.4707673
          ],
          [
            -0.4430325,
            51.4708991
          ],
          [
            -0.4430895,
            51.4708995
          ],
          [
            -0.4431177,
            51.4709001
          ],
          [
            -0.4431485,
            51.4708998
          ],
          [
            -0.4431747,
            51.4709
          ]
        ]
      },
      "properties": {
        "highway": "footway",
        "indoor": "yes",
        "level": "2",
        "osm_id": 1180187078,
        "osm_type": "way",
        "_category": "yes",
        "_level": 2,
        "_source": "level_2"
      }
    },
    {
      "type": "Feature",
      "geometry": {
        "type": "LineString",
        "coordinates": [
          [
            -0.4430607,
            51.4707229
          ],
          [
            -0.44306,
            51.4707496
          ],
          [
            -0.4431593,
            51.4707513
          ],
          [
            -0.443178,
            51.4707513
          ]
        ]
      },
      "properties": {
        "highway": "footway",
        "indoor": "yes",
        "level": "2",
        "osm_id": 1180187082,
        "osm_type": "way",
        "_category": "yes",
        "_level": 2,
        "_source": "level_2"
      }
    },
    {
      "type": "Feature",
      "geometry": {
        "type": "LineString",
        "coordinates": [
          [
            -0.4460272,
            51.4604146
          ],
          [
            -0.4459561,
            51.4604698
          ]
        ]
      },
      "properties": {
        "highway": "footway",
        "indoor": "yes",
        "level": "2",
        "osm_id": 1180188071,
        "osm_type": "way",
        "_category": "yes",
        "_level": 2,
        "_source": "level_2"
      }
    },
    {
      "type": "Feature",
      "geometry": {
        "type": "LineString",
        "coordinates": [
          [
            -0.4458158,
            51.4609374
          ],
          [
            -0.445824,
            51.4609287
          ]
        ]
      },
      "properties": {
        "highway": "footway",
        "indoor": "yes",
        "level": "2",
        "osm_id": 1180188073,
        "osm_type": "way",
        "_category": "yes",
        "_level": 2,
        "_source": "level_2"
      }
    },
    {
      "type": "Feature",
      "geometry": {
        "type": "LineString",
        "coordinates": [
          [
            -0.4457966,
            51.4609644
          ],
          [
            -0.4456973,
            51.4609393
          ],
          [
            -0.4457268,
            51.4609118
          ]
        ]
      },
      "properties": {
        "highway": "footway",
        "indoor": "yes",
        "level": "2",
        "osm_id": 1180188074,
        "osm_type": "way",
        "_category": "yes",
        "_level": 2,
        "_source": "level_2"
      }
    },
    {
      "type": "Feature",
      "geometry": {
        "type": "LineString",
        "coordinates": [
          [
            -0.4458158,
            51.4609374
          ],
          [
            -0.4457268,
            51.4609118
          ]
        ]
      },
      "properties": {
        "highway": "footway",
        "indoor": "yes",
        "level": "2",
        "osm_id": 1180188075,
        "osm_type": "way",
        "_category": "yes",
        "_level": 2,
        "_source": "level_2"
      }
    },
    {
      "type": "Feature",
      "geometry": {
        "type": "LineString",
        "coordinates": [
          [
            -0.4458569,
            51.4608984
          ],
          [
            -0.4457778,
            51.4608692
          ],
          [
            -0.4457268,
            51.4609118
          ]
        ]
      },
      "properties": {
        "highway": "footway",
        "indoor": "yes",
        "level": "2",
        "osm_id": 1180188076,
        "osm_type": "way",
        "_category": "yes",
        "_level": 2,
        "_source": "level_2"
      }
    },
    {
      "type": "Feature",
      "geometry": {
        "type": "LineString",
        "coordinates": [
          [
            -0.4461184,
            51.4610111
          ],
          [
            -0.4458569,
            51.4608984
          ],
          [
            -0.445824,
            51.4609287
          ]
        ]
      },
      "properties": {
        "highway": "footway",
        "indoor": "yes",
        "level": "2",
        "osm_id": 1180188078,
        "osm_type": "way",
        "_category": "yes",
        "_level": 2,
        "_source": "level_2"
      }
    },
    {
      "type": "Feature",
      "geometry": {
        "type": "LineString",
        "coordinates": [
          [
            -0.4474971,
            51.460062
          ],
          [
            -0.4469137,
            51.4604615
          ],
          [
            -0.4466672,
            51.4606303
          ],
          [
            -0.4461841,
            51.4609611
          ],
          [
            -0.4461184,
            51.4610111
          ],
          [
            -0.4451287,
            51.4617649
          ]
        ]
      },
      "properties": {
        "highway": "footway",
        "indoor": "yes",
        "level": "2",
        "osm_id": 1180188081,
        "osm_type": "way",
        "_category": "yes",
        "_level": 2,
        "_source": "level_2"
      }
    },
    {
      "type": "Feature",
      "geometry": {
        "type": "LineString",
        "coordinates": [
          [
            -0.4471028,
            51.4598631
          ],
          [
            -0.4474971,
            51.460062
          ],
          [
            -0.4477338,
            51.4598975
          ],
          [
            -0.4486954,
            51.459229
          ],
          [
            -0.4487355,
            51.4592033
          ],
          [
            -0.4488713,
            51.4591166
          ],
          [
            -0.4489897,
            51.4590409
          ],
          [
            -0.4493016,
            51.4588416
          ],
          [
            -0.4495651,
            51.4586732
          ],
          [
            -0.4498118,
            51.4585261
          ],
          [
            -0.4497546,
            51.4584831
          ],
          [
            -0.4496951,
            51.4584384
          ]
        ]
      },
      "properties": {
        "highway": "footway",
        "indoor": "yes",
        "level": "2",
        "osm_id": 1180188105,
        "osm_type": "way",
        "_category": "yes",
        "_level": 2,
        "_source": "level_2"
      }
    },
    {
      "type": "Feature",
      "geometry": {
        "type": "LineString",
        "coordinates": [
          [
            -0.4464764,
            51.4603087
          ],
          [
            -0.4469097,
            51.4600052
          ],
          [
            -0.4471028,
            51.4598631
          ],
          [
            -0.4472047,
            51.4598013
          ],
          [
            -0.4471605,
            51.459772
          ],
          [
            -0.4472141,
            51.4597394
          ],
          [
            -0.4472543,
            51.4597687
          ]
        ]
      },
      "properties": {
        "highway": "footway",
        "indoor": "yes",
        "level": "2",
        "osm_id": 1180188113,
        "osm_type": "way",
        "_category": "yes",
        "_level": 2,
        "_source": "level_2"
      }
    },
    {
      "type": "Feature",
      "geometry": {
        "type": "LineString",
        "coordinates": [
          [
            -0.4460996,
            51.4604581
          ],
          [
            -0.4460272,
            51.4604146
          ],
          [
            -0.4462807,
            51.4602366
          ],
          [
            -0.4459736,
            51.4600052
          ],
          [
            -0.4459347,
            51.4599826
          ],
          [
            -0.4458891,
            51.4599525
          ]
        ]
      },
      "properties": {
        "highway": "footway",
        "indoor": "yes",
        "level": "2",
        "osm_id": 1180188118,
        "osm_type": "way",
        "_category": "yes",
        "_level": 2,
        "_source": "level_2"
      }
    },
    {
      "type": "Feature",
      "geometry": {
        "type": "LineString",
        "coordinates": [
          [
            -0.4459484,
            51.4600241
          ],
          [
            -0.4459736,
            51.4600052
          ],
          [
            -0.4460473,
            51.4599626
          ],
          [
            -0.4460903,
            51.4599358
          ],
          [
            -0.4461332,
            51.4599116
          ],
          [
            -0.4461814,
            51.459879
          ],
          [
            -0.4462096,
            51.4598623
          ],
          [
            -0.4462324,
            51.4598489
          ],
          [
            -0.4463813,
            51.4597378
          ],
          [
            -0.4464521,
            51.4596908
          ],
          [
            -0.4465275,
            51.4596408
          ],
          [
            -0.4465972,
            51.4595865
          ]
        ]
      },
      "properties": {
        "highway": "footway",
        "indoor": "yes",
        "level": "2",
        "osm_id": 1180188138,
        "osm_type": "way",
        "_category": "yes",
        "_level": 2,
        "_source": "level_2"
      }
    },
    {
      "type": "Feature",
      "geometry": {
        "type": "LineString",
        "coordinates": [
          [
            -0.4555072,
            51.4708066
          ],
          [
            -0.4554783,
            51.4707797
          ],
          [
            -0.4555209,
            51.4707621
          ]
        ]
      },
      "properties": {
        "highway": "footway",
        "indoor": "yes",
        "level": "2",
        "osm_id": 1180196706,
        "osm_type": "way",
        "_category": "yes",
        "_level": 2,
        "_source": "level_2"
      }
    },
    {
      "type": "Feature",
      "geometry": {
        "type": "LineString",
        "coordinates": [
          [
            -0.4563448,
            51.4716126
          ],
          [
            -0.4555072,
            51.4708066
          ],
          [
            -0.4555494,
            51.4707869
          ]
        ]
      },
      "properties": {
        "highway": "footway",
        "indoor": "yes",
        "level": "2",
        "osm_id": 1180196707,
        "osm_type": "way",
        "_category": "yes",
        "_level": 2,
        "_source": "level_2"
      }
    },
    {
      "type": "Feature",
      "geometry": {
        "type": "LineString",
        "coordinates": [
          [
            -0.4563597,
            51.4716269
          ],
          [
            -0.4563504,
            51.4716305
          ]
        ]
      },
      "properties": {
        "highway": "footway",
        "indoor": "yes",
        "level": "2",
        "osm_id": 1180196717,
        "osm_type": "way",
        "_category": "yes",
        "_level": 2,
        "_source": "level_2"
      }
    },
    {
      "type": "Feature",
      "geometry": {
        "type": "LineString",
        "coordinates": [
          [
            -0.4563725,
            51.4716524
          ],
          [
            -0.4563829,
            51.4716491
          ],
          [
            -0.4563597,
            51.4716269
          ],
          [
            -0.4563448,
            51.4716126
          ],
          [
            -0.4563354,
            51.4716161
          ]
        ]
      },
      "properties": {
        "highway": "footway",
        "indoor": "yes",
        "level": "2",
        "osm_id": 1180196718,
        "osm_type": "way",
        "_category": "yes",
        "_level": 2,
        "_source": "level_2"
      }
    },
    {
      "type": "Feature",
      "geometry": {
        "type": "LineString",
        "coordinates": [
          [
            -0.4563725,
            51.4716524
          ],
          [
            -0.4563859,
            51.471666
          ]
        ]
      },
      "properties": {
        "highway": "footway",
        "indoor": "yes",
        "level": "2",
        "osm_id": 1180196732,
        "osm_type": "way",
        "_category": "yes",
        "_level": 2,
        "_source": "level_2"
      }
    },
    {
      "type": "Feature",
      "geometry": {
        "type": "LineString",
        "coordinates": [
          [
            -0.4563608,
            51.4716405
          ],
          [
            -0.4563725,
            51.4716524
          ]
        ]
      },
      "properties": {
        "highway": "footway",
        "indoor": "yes",
        "level": "2",
        "osm_id": 1180196736,
        "osm_type": "way",
        "_category": "yes",
        "_level": 2,
        "_source": "level_2"
      }
    },
    {
      "type": "Feature",
      "geometry": {
        "type": "LineString",
        "coordinates": [
          [
            -0.4585397,
            51.4712943
          ],
          [
            -0.458586,
            51.4713362
          ],
          [
            -0.4586015,
            51.4713299
          ],
          [
            -0.4586096,
            51.4713266
          ],
          [
            -0.4586249,
            51.4713204
          ],
          [
            -0.4585759,
            51.4712784
          ]
        ]
      },
      "properties": {
        "highway": "footway",
        "indoor": "yes",
        "level": "2",
        "osm_id": 1180196786,
        "osm_type": "way",
        "_category": "yes",
        "_level": 2,
        "_source": "level_2"
      }
    },
    {
      "type": "Feature",
      "geometry": {
        "type": "LineString",
        "coordinates": [
          [
            -0.4517381,
            51.469839
          ],
          [
            -0.4516809,
            51.4698417
          ]
        ]
      },
      "properties": {
        "highway": "footway",
        "indoor": "yes",
        "level": "2",
        "osm_id": 1180376191,
        "osm_type": "way",
        "_category": "yes",
        "_level": 2,
        "_source": "level_2"
      }
    },
    {
      "type": "Feature",
      "geometry": {
        "type": "LineString",
        "coordinates": [
          [
            -0.4517388,
            51.4698659
          ],
          [
            -0.4516802,
            51.4698668
          ]
        ]
      },
      "properties": {
        "highway": "footway",
        "indoor": "yes",
        "level": "2",
        "osm_id": 1180376192,
        "osm_type": "way",
        "_category": "yes",
        "_level": 2,
        "_source": "level_2"
      }
    },
    {
      "type": "Feature",
      "geometry": {
        "type": "LineString",
        "coordinates": [
          [
            -0.4517133,
            51.469283
          ],
          [
            -0.4516587,
            51.4692841
          ]
        ]
      },
      "properties": {
        "highway": "footway",
        "indoor": "yes",
        "level": "2",
        "osm_id": 1180376211,
        "osm_type": "way",
        "_category": "yes",
        "_level": 2,
        "_source": "level_2"
      }
    },
    {
      "type": "Feature",
      "geometry": {
        "type": "LineString",
        "coordinates": [
          [
            -0.4517138,
            51.4692902
          ],
          [
            -0.451659,
            51.4692916
          ]
        ]
      },
      "properties": {
        "highway": "footway",
        "indoor": "yes",
        "level": "2",
        "osm_id": 1180376212,
        "osm_type": "way",
        "_category": "yes",
        "_level": 2,
        "_source": "level_2"
      }
    },
    {
      "type": "Feature",
      "geometry": {
        "type": "LineString",
        "coordinates": [
          [
            -0.4517141,
            51.4692975
          ],
          [
            -0.4516594,
            51.469299
          ]
        ]
      },
      "properties": {
        "highway": "footway",
        "indoor": "yes",
        "level": "2",
        "osm_id": 1180376213,
        "osm_type": "way",
        "_category": "yes",
        "_level": 2,
        "_source": "level_2"
      }
    },
    {
      "type": "Feature",
      "geometry": {
        "type": "LineString",
        "coordinates": [
          [
            -0.4517144,
            51.4693032
          ],
          [
            -0.4516594,
            51.4693037
          ]
        ]
      },
      "properties": {
        "highway": "footway",
        "indoor": "yes",
        "level": "2",
        "osm_id": 1180376214,
        "osm_type": "way",
        "_category": "yes",
        "_level": 2,
        "_source": "level_2"
      }
    },
    {
      "type": "Feature",
      "geometry": {
        "type": "LineString",
        "coordinates": [
          [
            -0.4517143,
            51.46931
          ],
          [
            -0.4516597,
            51.4693107
          ]
        ]
      },
      "properties": {
        "highway": "footway",
        "indoor": "yes",
        "level": "2",
        "osm_id": 1180376215,
        "osm_type": "way",
        "_category": "yes",
        "_level": 2,
        "_source": "level_2"
      }
    },
    {
      "type": "Feature",
      "geometry": {
        "type": "LineString",
        "coordinates": [
          [
            -0.4517149,
            51.4693165
          ],
          [
            -0.4516599,
            51.4693178
          ]
        ]
      },
      "properties": {
        "highway": "footway",
        "indoor": "yes",
        "level": "2",
        "osm_id": 1180376216,
        "osm_type": "way",
        "_category": "yes",
        "_level": 2,
        "_source": "level_2"
      }
    },
    {
      "type": "Feature",
      "geometry": {
        "type": "LineString",
        "coordinates": [
          [
            -0.4517153,
            51.4693238
          ],
          [
            -0.4516594,
            51.4693248
          ]
        ]
      },
      "properties": {
        "highway": "footway",
        "indoor": "yes",
        "level": "2",
        "osm_id": 1180376217,
        "osm_type": "way",
        "_category": "yes",
        "_level": 2,
        "_source": "level_2"
      }
    },
    {
      "type": "Feature",
      "geometry": {
        "type": "LineString",
        "coordinates": [
          [
            -0.4517266,
            51.469582
          ],
          [
            -0.4517153,
            51.4693238
          ],
          [
            -0.4517149,
            51.4693165
          ],
          [
            -0.4517143,
            51.46931
          ],
          [
            -0.4517144,
            51.4693032
          ],
          [
            -0.4517141,
            51.4692975
          ],
          [
            -0.4517138,
            51.4692902
          ],
          [
            -0.4517133,
            51.469283
          ],
          [
            -0.4517132,
            51.4692759
          ]
        ]
      },
      "properties": {
        "highway": "footway",
        "indoor": "yes",
        "level": "2",
        "osm_id": 1180376239,
        "osm_type": "way",
        "_category": "yes",
        "_level": 2,
        "_source": "level_2"
      }
    },
    {
      "type": "Feature",
      "geometry": {
        "type": "LineString",
        "coordinates": [
          [
            -0.4527854,
            51.4695909
          ],
          [
            -0.4527884,
            51.4694427
          ],
          [
            -0.4529285,
            51.4694428
          ],
          [
            -0.4529295,
            51.469436
          ]
        ]
      },
      "properties": {
        "highway": "footway",
        "indoor": "yes",
        "level": "2",
        "osm_id": 1180376249,
        "osm_type": "way",
        "_category": "yes",
        "_level": 2,
        "_source": "level_2"
      }
    },
    {
      "type": "Feature",
      "geometry": {
        "type": "LineString",
        "coordinates": [
          [
            -0.4517373,
            51.4698132
          ],
          [
            -0.4517266,
            51.469582
          ],
          [
            -0.4527854,
            51.4695909
          ],
          [
            -0.4527998,
            51.4698296
          ],
          [
            -0.4529192,
            51.4698304
          ],
          [
            -0.4529188,
            51.4698348
          ]
        ]
      },
      "properties": {
        "highway": "footway",
        "indoor": "yes",
        "level": "2",
        "osm_id": 1180376261,
        "osm_type": "way",
        "_category": "yes",
        "_level": 2,
        "_source": "level_2"
      }
    },
    {
      "type": "Feature",
      "geometry": {
        "type": "LineString",
        "coordinates": [
          [
            -0.4516789,
            51.4698977
          ],
          [
            -0.4517398,
            51.469898
          ],
          [
            -0.4517388,
            51.4698659
          ],
          [
            -0.4517381,
            51.469839
          ],
          [
            -0.4517373,
            51.4698132
          ],
          [
            -0.4516802,
            51.4698146
          ]
        ]
      },
      "properties": {
        "highway": "footway",
        "indoor": "yes",
        "layer": "2",
        "level": "2",
        "osm_id": 1180376269,
        "osm_type": "way",
        "_category": "yes",
        "_level": 2,
        "_source": "level_2"
      }
    },
    {
      "type": "Feature",
      "geometry": {
        "type": "LineString",
        "coordinates": [
          [
            -0.4517398,
            51.469898
          ],
          [
            -0.451745,
            51.4703469
          ],
          [
            -0.4529148,
            51.4703542
          ],
          [
            -0.4529148,
            51.470359
          ]
        ]
      },
      "properties": {
        "highway": "footway",
        "indoor": "yes",
        "layer": "2",
        "level": "2",
        "osm_id": 1180376279,
        "osm_type": "way",
        "_category": "yes",
        "_level": 2,
        "_source": "level_2"
      }
    },
    {
      "type": "Feature",
      "geometry": {
        "type": "LineString",
        "coordinates": [
          [
            -0.4639824,
            51.4697901
          ],
          [
            -0.4645723,
            51.4703379
          ],
          [
            -0.4646709,
            51.4703038
          ],
          [
            -0.464677,
            51.4703089
          ],
          [
            -0.4646852,
            51.4703165
          ]
        ]
      },
      "properties": {
        "highway": "footway",
        "indoor": "yes",
        "level": "2",
        "osm_id": 1180384082,
        "osm_type": "way",
        "_category": "yes",
        "_level": 2,
        "_source": "level_2"
      }
    },
    {
      "type": "Feature",
      "geometry": {
        "type": "LineString",
        "coordinates": [
          [
            -0.4602433,
            51.4698375
          ],
          [
            -0.4628792,
            51.4687638
          ],
          [
            -0.4632009,
            51.469077
          ],
          [
            -0.4632106,
            51.469086
          ],
          [
            -0.4639734,
            51.4697817
          ],
          [
            -0.4639824,
            51.4697901
          ]
        ]
      },
      "properties": {
        "highway": "footway",
        "indoor": "yes",
        "level": "2",
        "osm_id": 1180384088,
        "osm_type": "way",
        "_category": "yes",
        "_level": 2,
        "_source": "level_2"
      }
    },
    {
      "type": "Feature",
      "geometry": {
        "type": "LineString",
        "coordinates": [
          [
            -0.4599905,
            51.4697046
          ],
          [
            -0.4600471,
            51.4696789
          ],
          [
            -0.4600576,
            51.4696875
          ],
          [
            -0.4600688,
            51.4696965
          ],
          [
            -0.4600823,
            51.4697075
          ],
          [
            -0.4600253,
            51.4697351
          ]
        ]
      },
      "properties": {
        "highway": "footway",
        "indoor": "yes",
        "level": "2",
        "osm_id": 1180384092,
        "osm_type": "way",
        "_category": "yes",
        "_level": 2,
        "_source": "level_2"
      }
    },
    {
      "type": "Feature",
      "geometry": {
        "type": "LineString",
        "coordinates": [
          [
            -0.4594328,
            51.4701931
          ],
          [
            -0.4602433,
            51.4698375
          ],
          [
            -0.4603926,
            51.4699406
          ],
          [
            -0.4604317,
            51.4699744
          ]
        ]
      },
      "properties": {
        "highway": "footway",
        "indoor": "yes",
        "level": "2",
        "osm_id": 1180384097,
        "osm_type": "way",
        "_category": "yes",
        "_level": 2,
        "_source": "level_2"
      }
    },
    {
      "type": "Feature",
      "geometry": {
        "type": "LineString",
        "coordinates": [
          [
            -0.4604317,
            51.4699744
          ],
          [
            -0.4604883,
            51.4699487
          ],
          [
            -0.4604989,
            51.4699573
          ],
          [
            -0.46051,
            51.4699664
          ],
          [
            -0.4605236,
            51.4699774
          ],
          [
            -0.4604666,
            51.4700049
          ]
        ]
      },
      "properties": {
        "highway": "footway",
        "indoor": "yes",
        "level": "2",
        "osm_id": 1180384100,
        "osm_type": "way",
        "_category": "yes",
        "_level": 2,
        "_source": "level_2"
      }
    },
    {
      "type": "Feature",
      "geometry": {
        "type": "LineString",
        "coordinates": [
          [
            -0.4598741,
            51.470184
          ],
          [
            -0.4599308,
            51.4701583
          ],
          [
            -0.4599413,
            51.4701669
          ],
          [
            -0.4599524,
            51.4701759
          ],
          [
            -0.459966,
            51.4701869
          ],
          [
            -0.459909,
            51.4702145
          ]
        ]
      },
      "properties": {
        "highway": "footway",
        "indoor": "yes",
        "level": "2",
        "osm_id": 1180384105,
        "osm_type": "way",
        "_category": "yes",
        "_level": 2,
        "_source": "level_2"
      }
    },
    {
      "type": "Feature",
      "geometry": {
        "type": "LineString",
        "coordinates": [
          [
            -0.4549914,
            51.4688513
          ],
          [
            -0.4549921,
            51.4687997
          ]
        ]
      },
      "properties": {
        "highway": "footway",
        "indoor": "yes",
        "level": "2",
        "osm_id": 1180384112,
        "osm_type": "way",
        "_category": "yes",
        "_level": 2,
        "_source": "level_2"
      }
    },
    {
      "type": "Feature",
      "geometry": {
        "type": "LineString",
        "coordinates": [
          [
            -0.4549921,
            51.4688987
          ],
          [
            -0.4549914,
            51.4688513
          ]
        ]
      },
      "properties": {
        "highway": "footway",
        "indoor": "yes",
        "level": "2",
        "osm_id": 1180384113,
        "osm_type": "way",
        "_category": "yes",
        "_level": 2,
        "_source": "level_2"
      }
    },
    {
      "type": "Feature",
      "geometry": {
        "type": "LineString",
        "coordinates": [
          [
            -0.4562762,
            51.468858
          ],
          [
            -0.4562769,
            51.4688064
          ]
        ]
      },
      "properties": {
        "highway": "footway",
        "indoor": "yes",
        "level": "2",
        "osm_id": 1180384118,
        "osm_type": "way",
        "_category": "yes",
        "_level": 2,
        "_source": "level_2"
      }
    },
    {
      "type": "Feature",
      "geometry": {
        "type": "LineString",
        "coordinates": [
          [
            -0.4562759,
            51.4689033
          ],
          [
            -0.4562762,
            51.468858
          ]
        ]
      },
      "properties": {
        "highway": "footway",
        "indoor": "yes",
        "level": "2",
        "osm_id": 1180384119,
        "osm_type": "way",
        "_category": "yes",
        "_level": 2,
        "_source": "level_2"
      }
    },
    {
      "type": "Feature",
      "geometry": {
        "type": "LineString",
        "coordinates": [
          [
            -0.457565,
            51.4688371
          ],
          [
            -0.4575657,
            51.4687855
          ]
        ]
      },
      "properties": {
        "highway": "footway",
        "indoor": "yes",
        "level": "2",
        "osm_id": 1180384124,
        "osm_type": "way",
        "_category": "yes",
        "_level": 2,
        "_source": "level_2"
      }
    },
    {
      "type": "Feature",
      "geometry": {
        "type": "LineString",
        "coordinates": [
          [
            -0.4575623,
            51.4689079
          ],
          [
            -0.457565,
            51.4688371
          ]
        ]
      },
      "properties": {
        "highway": "footway",
        "indoor": "yes",
        "level": "2",
        "osm_id": 1180384125,
        "osm_type": "way",
        "_category": "yes",
        "_level": 2,
        "_source": "level_2"
      }
    },
    {
      "type": "Feature",
      "geometry": {
        "type": "LineString",
        "coordinates": [
          [
            -0.4588509,
            51.4688992
          ],
          [
            -0.4588508,
            51.4688622
          ]
        ]
      },
      "properties": {
        "highway": "footway",
        "indoor": "yes",
        "level": "2",
        "osm_id": 1180384126,
        "osm_type": "way",
        "_category": "yes",
        "_level": 2,
        "_source": "level_2"
      }
    },
    {
      "type": "Feature",
      "geometry": {
        "type": "LineString",
        "coordinates": [
          [
            -0.4588508,
            51.4688622
          ],
          [
            -0.4588515,
            51.4688106
          ]
        ]
      },
      "properties": {
        "highway": "footway",
        "indoor": "yes",
        "level": "2",
        "osm_id": 1180384127,
        "osm_type": "way",
        "_category": "yes",
        "_level": 2,
        "_source": "level_2"
      }
    },
    {
      "type": "Feature",
      "geometry": {
        "type": "LineString",
        "coordinates": [
          [
            -0.4581061,
            51.468905
          ],
          [
            -0.4575623,
            51.4689079
          ],
          [
            -0.4562759,
            51.4689033
          ],
          [
            -0.4549921,
            51.4688987
          ]
        ]
      },
      "properties": {
        "highway": "footway",
        "indoor": "yes",
        "level": "2",
        "osm_id": 1180384132,
        "osm_type": "way",
        "_category": "yes",
        "_level": 2,
        "_source": "level_2"
      }
    },
    {
      "type": "Feature",
      "geometry": {
        "type": "LineString",
        "coordinates": [
          [
            -0.4599475,
            51.4708377
          ],
          [
            -0.4598245,
            51.4707262
          ],
          [
            -0.4599667,
            51.4706731
          ],
          [
            -0.4594328,
            51.4701931
          ],
          [
            -0.4590677,
            51.4698704
          ],
          [
            -0.4581082,
            51.4690241
          ],
          [
            -0.4581061,
            51.468905
          ],
          [
            -0.4588509,
            51.4688992
          ]
        ]
      },
      "properties": {
        "highway": "footway",
        "indoor": "yes",
        "level": "2",
        "osm_id": 1180384133,
        "osm_type": "way",
        "_category": "yes",
        "_level": 2,
        "_source": "level_2"
      }
    },
    {
      "type": "Feature",
      "geometry": {
        "type": "LineString",
        "coordinates": [
          [
            -0.4646806,
            51.473604
          ],
          [
            -0.464681,
            51.4737291
          ],
          [
            -0.4645865,
            51.4737275
          ],
          [
            -0.4644929,
            51.4737262
          ]
        ]
      },
      "properties": {
        "highway": "footway",
        "indoor": "yes",
        "level": "2",
        "osm_id": 1180384138,
        "osm_type": "way",
        "_category": "yes",
        "_level": 2,
        "_source": "level_2"
      }
    },
    {
      "type": "Feature",
      "geometry": {
        "type": "LineString",
        "coordinates": [
          [
            -0.4646746,
            51.4733351
          ],
          [
            -0.4645653,
            51.4733292
          ],
          [
            -0.4645023,
            51.4733284
          ],
          [
            -0.4644718,
            51.473328
          ]
        ]
      },
      "properties": {
        "highway": "footway",
        "indoor": "yes",
        "level": "2",
        "osm_id": 1180384139,
        "osm_type": "way",
        "_category": "yes",
        "_level": 2,
        "_source": "level_2"
      }
    },
    {
      "type": "Feature",
      "geometry": {
        "type": "LineString",
        "coordinates": [
          [
            -0.4628034,
            51.4733346
          ],
          [
            -0.4630774,
            51.4735656
          ],
          [
            -0.4645794,
            51.4736097
          ],
          [
            -0.4646806,
            51.473604
          ],
          [
            -0.4646746,
            51.4733351
          ]
        ]
      },
      "properties": {
        "highway": "footway",
        "indoor": "yes",
        "level": "2",
        "osm_id": 1180384144,
        "osm_type": "way",
        "_category": "yes",
        "_level": 2,
        "_source": "level_2"
      }
    },
    {
      "type": "Feature",
      "geometry": {
        "type": "LineString",
        "coordinates": [
          [
            -0.4623672,
            51.4729374
          ],
          [
            -0.4628034,
            51.4733346
          ]
        ]
      },
      "properties": {
        "highway": "footway",
        "indoor": "yes",
        "level": "2",
        "osm_id": 1180384145,
        "osm_type": "way",
        "_category": "yes",
        "_level": 2,
        "_source": "level_2"
      }
    },
    {
      "type": "Feature",
      "geometry": {
        "type": "LineString",
        "coordinates": [
          [
            -0.4628034,
            51.4733346
          ],
          [
            -0.4627087,
            51.4733717
          ],
          [
            -0.4626244,
            51.4734048
          ]
        ]
      },
      "properties": {
        "highway": "footway",
        "indoor": "yes",
        "level": "2",
        "osm_id": 1180384150,
        "osm_type": "way",
        "_category": "yes",
        "_level": 2,
        "_source": "level_2"
      }
    },
    {
      "type": "Feature",
      "geometry": {
        "type": "LineString",
        "coordinates": [
          [
            -0.4621459,
            51.4727279
          ],
          [
            -0.4623672,
            51.4729374
          ]
        ]
      },
      "properties": {
        "highway": "footway",
        "indoor": "yes",
        "level": "2",
        "osm_id": 1180384151,
        "osm_type": "way",
        "_category": "yes",
        "_level": 2,
        "_source": "level_2"
      }
    },
    {
      "type": "Feature",
      "geometry": {
        "type": "LineString",
        "coordinates": [
          [
            -0.4623672,
            51.4729374
          ],
          [
            -0.4622725,
            51.4729745
          ],
          [
            -0.4621882,
            51.4730076
          ]
        ]
      },
      "properties": {
        "highway": "footway",
        "indoor": "yes",
        "level": "2",
        "osm_id": 1180384153,
        "osm_type": "way",
        "_category": "yes",
        "_level": 2,
        "_source": "level_2"
      }
    },
    {
      "type": "Feature",
      "geometry": {
        "type": "LineString",
        "coordinates": [
          [
            -0.462038,
            51.4726309
          ],
          [
            -0.4621459,
            51.4727279
          ],
          [
            -0.4619719,
            51.4728006
          ]
        ]
      },
      "properties": {
        "highway": "footway",
        "indoor": "yes",
        "level": "2",
        "osm_id": 1180384158,
        "osm_type": "way",
        "_category": "yes",
        "_level": 2,
        "_source": "level_2"
      }
    },
    {
      "type": "Feature",
      "geometry": {
        "type": "LineString",
        "coordinates": [
          [
            -0.462038,
            51.4726309
          ],
          [
            -0.462156,
            51.4725827
          ],
          [
            -0.4622009,
            51.4725637
          ]
        ]
      },
      "properties": {
        "highway": "footway",
        "indoor": "yes",
        "level": "2",
        "osm_id": 1180384162,
        "osm_type": "way",
        "_category": "yes",
        "_level": 2,
        "_source": "level_2"
      }
    },
    {
      "type": "Feature",
      "geometry": {
        "type": "LineString",
        "coordinates": [
          [
            -0.4609872,
            51.4716785
          ],
          [
            -0.462038,
            51.4726309
          ]
        ]
      },
      "properties": {
        "highway": "footway",
        "indoor": "yes",
        "level": "2",
        "osm_id": 1180384164,
        "osm_type": "way",
        "_category": "yes",
        "_level": 2,
        "_source": "level_2"
      }
    },
    {
      "type": "Feature",
      "geometry": {
        "type": "LineString",
        "coordinates": [
          [
            -0.4608444,
            51.4715428
          ],
          [
            -0.4609115,
            51.4715155
          ],
          [
            -0.4609665,
            51.4714931
          ]
        ]
      },
      "properties": {
        "highway": "footway",
        "indoor": "yes",
        "level": "2",
        "osm_id": 1180384165,
        "osm_type": "way",
        "_category": "yes",
        "_level": 2,
        "_source": "level_2"
      }
    },
    {
      "type": "Feature",
      "geometry": {
        "type": "LineString",
        "coordinates": [
          [
            -0.4608444,
            51.4715428
          ],
          [
            -0.4609872,
            51.4716785
          ],
          [
            -0.4611629,
            51.4716033
          ]
        ]
      },
      "properties": {
        "highway": "footway",
        "indoor": "yes",
        "level": "2",
        "osm_id": 1180384167,
        "osm_type": "way",
        "_category": "yes",
        "_level": 2,
        "_source": "level_2"
      }
    },
    {
      "type": "Feature",
      "geometry": {
        "type": "LineString",
        "coordinates": [
          [
            -0.4602443,
            51.471103
          ],
          [
            -0.4605742,
            51.4713962
          ],
          [
            -0.4606587,
            51.4713628
          ],
          [
            -0.4608444,
            51.4715428
          ]
        ]
      },
      "properties": {
        "highway": "footway",
        "indoor": "yes",
        "level": "2",
        "osm_id": 1180384172,
        "osm_type": "way",
        "_category": "yes",
        "_level": 2,
        "_source": "level_2"
      }
    },
    {
      "type": "Feature",
      "geometry": {
        "type": "LineString",
        "coordinates": [
          [
            -0.4604059,
            51.4710328
          ],
          [
            -0.4603395,
            51.4710608
          ]
        ]
      },
      "properties": {
        "highway": "footway",
        "indoor": "yes",
        "level": "2",
        "osm_id": 1180384173,
        "osm_type": "way",
        "_category": "yes",
        "_level": 2,
        "_source": "level_2"
      }
    },
    {
      "type": "Feature",
      "geometry": {
        "type": "LineString",
        "coordinates": [
          [
            -0.4615993,
            51.4724883
          ],
          [
            -0.4616135,
            51.4725018
          ],
          [
            -0.4617564,
            51.4724458
          ],
          [
            -0.4617108,
            51.472402
          ]
        ]
      },
      "properties": {
        "highway": "footway",
        "indoor": "yes",
        "level": "2",
        "osm_id": 1180384183,
        "osm_type": "way",
        "_category": "yes",
        "_level": 2,
        "_source": "level_2"
      }
    },
    {
      "type": "Feature",
      "geometry": {
        "type": "LineString",
        "coordinates": [
          [
            -0.4604615,
            51.4714388
          ],
          [
            -0.460377,
            51.4713628
          ],
          [
            -0.4603562,
            51.4713713
          ],
          [
            -0.4603341,
            51.4713803
          ],
          [
            -0.4604186,
            51.4714563
          ]
        ]
      },
      "properties": {
        "highway": "footway",
        "indoor": "yes",
        "level": "2",
        "osm_id": 1180384199,
        "osm_type": "way",
        "_category": "yes",
        "_level": 2,
        "_source": "level_2"
      }
    },
    {
      "type": "Feature",
      "geometry": {
        "type": "LineString",
        "coordinates": [
          [
            -0.4597534,
            51.4710704
          ],
          [
            -0.4597078,
            51.4710888
          ]
        ]
      },
      "properties": {
        "highway": "footway",
        "indoor": "yes",
        "level": "2",
        "osm_id": 1180384204,
        "osm_type": "way",
        "_category": "yes",
        "_level": 2,
        "_source": "level_2"
      }
    },
    {
      "type": "Feature",
      "geometry": {
        "type": "LineString",
        "coordinates": [
          [
            -0.4598832,
            51.4709444
          ],
          [
            -0.4599372,
            51.4709935
          ],
          [
            -0.4597534,
            51.4710704
          ],
          [
            -0.4596502,
            51.4709835
          ]
        ]
      },
      "properties": {
        "highway": "footway",
        "indoor": "yes",
        "level": "2",
        "osm_id": 1180384213,
        "osm_type": "way",
        "_category": "yes",
        "_level": 2,
        "_source": "level_2"
      }
    },
    {
      "type": "Feature",
      "geometry": {
        "type": "LineString",
        "coordinates": [
          [
            -0.4603395,
            51.4710608
          ],
          [
            -0.4602443,
            51.471103
          ],
          [
            -0.4599475,
            51.4708377
          ],
          [
            -0.4598212,
            51.4708903
          ],
          [
            -0.4598832,
            51.4709444
          ],
          [
            -0.4598535,
            51.4709577
          ],
          [
            -0.4598171,
            51.4709739
          ],
          [
            -0.4597544,
            51.4709177
          ]
        ]
      },
      "properties": {
        "highway": "footway",
        "indoor": "yes",
        "level": "2",
        "osm_id": 1180384216,
        "osm_type": "way",
        "_category": "yes",
        "_level": 2,
        "_source": "level_2"
      }
    },
    {
      "type": "Feature",
      "geometry": {
        "type": "LineString",
        "coordinates": [
          [
            -0.4480737,
            51.4601021
          ],
          [
            -0.4486102,
            51.4597495
          ]
        ]
      },
      "properties": {
        "highway": "footway",
        "indoor": "yes",
        "level": "2",
        "osm_id": 1203897011,
        "osm_type": "way",
        "_category": "yes",
        "_level": 2,
        "_source": "level_2"
      }
    },
    {
      "type": "Feature",
      "geometry": {
        "type": "LineString",
        "coordinates": [
          [
            -0.4477338,
            51.4598975
          ],
          [
            -0.4480737,
            51.4601021
          ],
          [
            -0.4476526,
            51.4603996
          ]
        ]
      },
      "properties": {
        "highway": "footway",
        "indoor": "yes",
        "level": "2",
        "osm_id": 1203897012,
        "osm_type": "way",
        "_category": "yes",
        "_level": 2,
        "_source": "level_2"
      }
    },
    {
      "type": "Feature",
      "geometry": {
        "type": "LineString",
        "coordinates": [
          [
            -0.4466672,
            51.4606303
          ],
          [
            -0.4465288,
            51.4605684
          ],
          [
            -0.4463377,
            51.4605667
          ],
          [
            -0.4462384,
            51.4605136
          ],
          [
            -0.4460165,
            51.4606479
          ],
          [
            -0.4456705,
            51.4605048
          ],
          [
            -0.4456685,
            51.4603862
          ],
          [
            -0.4448001,
            51.4598949
          ],
          [
            -0.4445882,
            51.4597754
          ],
          [
            -0.444495,
            51.4597186
          ],
          [
            -0.4439633,
            51.4595895
          ],
          [
            -0.442826,
            51.4595723
          ],
          [
            -0.4424331,
            51.459612
          ],
          [
            -0.4422299,
            51.4599011
          ],
          [
            -0.4409599,
            51.4617549
          ]
        ]
      },
      "properties": {
        "highway": "footway",
        "indoor": "yes",
        "level": "2",
        "osm_id": 1203897016,
        "osm_type": "way",
        "_category": "yes",
        "_level": 2,
        "_source": "level_2"
      }
    },
    {
      "type": "Feature",
      "geometry": {
        "type": "Polygon",
        "coordinates": [
          [
            [
              -0.4883719,
              51.4723106
            ],
            [
              -0.4880592,
              51.4723078
            ],
            [
              -0.4880593,
              51.4722576
            ],
            [
              -0.4883719,
              51.4722606
            ],
            [
              -0.4883719,
              51.4723106
            ]
          ]
        ]
      },
      "properties": {
        "brand": "Reiss",
        "brand:wikidata": "Q7310479",
        "check_date": "2025-11-17",
        "indoor": "room",
        "level": "2",
        "level_ref": "2",
        "name": "Reiss",
        "payment:cash": "yes",
        "payment:credit_cards": "yes",
        "payment:debit_cards": "yes",
        "shop": "clothes",
        "osm_id": 1342986781,
        "osm_type": "way",
        "_category": "shop",
        "_level": 2,
        "_source": "level_2"
      }
    },
    {
      "type": "Feature",
      "geometry": {
        "type": "LineString",
        "coordinates": [
          [
            -0.4867754,
            51.4710698
          ],
          [
            -0.48682,
            51.4710691
          ],
          [
            -0.48682,
            51.4710483
          ]
        ]
      },
      "properties": {
        "highway": "footway",
        "indoor": "yes",
        "level": "2",
        "level_ref": "2",
        "osm_id": 1461185210,
        "osm_type": "way",
        "_category": "yes",
        "_level": 2,
        "_source": "level_2"
      }
    },
    {
      "type": "Feature",
      "geometry": {
        "type": "LineString",
        "coordinates": [
          [
            -0.4868182,
            51.4721557
          ],
          [
            -0.4868372,
            51.4721559
          ],
          [
            -0.4868873,
            51.4721559
          ]
        ]
      },
      "properties": {
        "highway": "footway",
        "indoor": "yes",
        "level": "2",
        "level_ref": "2",
        "osm_id": 1461185213,
        "osm_type": "way",
        "_category": "yes",
        "_level": 2,
        "_source": "level_2"
      }
    },
    {
      "type": "Feature",
      "geometry": {
        "type": "LineString",
        "coordinates": [
          [
            -0.4867932,
            51.4722052
          ],
          [
            -0.4868372,
            51.4722055
          ],
          [
            -0.4868372,
            51.4721559
          ]
        ]
      },
      "properties": {
        "highway": "footway",
        "indoor": "yes",
        "level": "2",
        "level_ref": "2",
        "osm_id": 1461185214,
        "osm_type": "way",
        "_category": "yes",
        "_level": 2,
        "_source": "level_2"
      }
    },
    {
      "type": "Feature",
      "geometry": {
        "type": "LineString",
        "coordinates": [
          [
            -0.4869832,
            51.4724755
          ],
          [
            -0.4869852,
            51.4723194
          ],
          [
            -0.4869855,
            51.4722942
          ]
        ]
      },
      "properties": {
        "highway": "footway",
        "indoor": "yes",
        "level": "2",
        "level_ref": "2",
        "osm_id": 1461185216,
        "osm_type": "way",
        "_category": "yes",
        "_level": 2,
        "_source": "level_2"
      }
    },
    {
      "type": "Feature",
      "geometry": {
        "type": "LineString",
        "coordinates": [
          [
            -0.4868271,
            51.4724947
          ],
          [
            -0.4868279,
            51.4725036
          ],
          [
            -0.4867836,
            51.4725034
          ]
        ]
      },
      "properties": {
        "highway": "footway",
        "indoor": "yes",
        "level": "2",
        "level_ref": "2",
        "osm_id": 1461185219,
        "osm_type": "way",
        "_category": "yes",
        "_level": 2,
        "_source": "level_2"
      }
    },
    {
      "type": "Feature",
      "geometry": {
        "type": "LineString",
        "coordinates": [
          [
            -0.4868065,
            51.4727202
          ],
          [
            -0.4868467,
            51.4727204
          ],
          [
            -0.4868467,
            51.4727365
          ]
        ]
      },
      "properties": {
        "highway": "footway",
        "indoor": "yes",
        "level": "2",
        "level_ref": "2",
        "osm_id": 1461185223,
        "osm_type": "way",
        "_category": "yes",
        "_level": 2,
        "_source": "level_2"
      }
    },
    {
      "type": "Feature",
      "geometry": {
        "type": "LineString",
        "coordinates": [
          [
            -0.4868152,
            51.4708401
          ],
          [
            -0.4868152,
            51.4708591
          ],
          [
            -0.4867678,
            51.4708585
          ]
        ]
      },
      "properties": {
        "highway": "footway",
        "indoor": "yes",
        "level": "2",
        "level_ref": "2",
        "osm_id": 1461185228,
        "osm_type": "way",
        "_category": "yes",
        "_level": 2,
        "_source": "level_2"
      }
    },
    {
      "type": "Feature",
      "geometry": {
        "type": "LineString",
        "coordinates": [
          [
            -0.4868829,
            51.4724952
          ],
          [
            -0.4868271,
            51.4724947
          ],
          [
            -0.4868054,
            51.4724949
          ]
        ]
      },
      "properties": {
        "highway": "footway",
        "indoor": "yes",
        "level": "2",
        "level_ref": "2",
        "osm_id": 1461185230,
        "osm_type": "way",
        "_category": "yes",
        "_level": 2,
        "_source": "level_2"
      }
    },
    {
      "type": "Feature",
      "geometry": {
        "type": "LineString",
        "coordinates": [
          [
            -0.486877,
            51.4732091
          ],
          [
            -0.4868812,
            51.4727366
          ],
          [
            -0.4868832,
            51.472702
          ]
        ]
      },
      "properties": {
        "highway": "footway",
        "indoor": "yes",
        "level": "2",
        "level_ref": "2",
        "osm_id": 1461185231,
        "osm_type": "way",
        "_category": "yes",
        "_level": 2,
        "_source": "level_2"
      }
    },
    {
      "type": "Feature",
      "geometry": {
        "type": "LineString",
        "coordinates": [
          [
            -0.4874034,
            51.4732474
          ],
          [
            -0.4874031,
            51.4732079
          ]
        ]
      },
      "properties": {
        "highway": "footway",
        "indoor": "yes",
        "level": "2",
        "level_ref": "2",
        "osm_id": 1461185233,
        "osm_type": "way",
        "_category": "yes",
        "_level": 2,
        "_source": "level_2"
      }
    },
    {
      "type": "Feature",
      "geometry": {
        "type": "LineString",
        "coordinates": [
          [
            -0.4867849,
            51.4717459
          ],
          [
            -0.4867852,
            51.4717722
          ]
        ]
      },
      "properties": {
        "highway": "footway",
        "indoor": "yes",
        "level": "2",
        "level_ref": "2",
        "osm_id": 1461185237,
        "osm_type": "way",
        "_category": "yes",
        "_level": 2,
        "_source": "level_2"
      }
    },
    {
      "type": "Feature",
      "geometry": {
        "type": "LineString",
        "coordinates": [
          [
            -0.4868846,
            51.4717736
          ],
          [
            -0.4867852,
            51.4717722
          ],
          [
            -0.4867585,
            51.4717721
          ]
        ]
      },
      "properties": {
        "highway": "footway",
        "indoor": "yes",
        "level": "2",
        "level_ref": "2",
        "osm_id": 1461185238,
        "osm_type": "way",
        "_category": "yes",
        "_level": 2,
        "_source": "level_2"
      }
    },
    {
      "type": "Feature",
      "geometry": {
        "type": "LineString",
        "coordinates": [
          [
            -0.4868832,
            51.472702
          ],
          [
            -0.4869281,
            51.4727014
          ],
          [
            -0.4869259,
            51.472679
          ]
        ]
      },
      "properties": {
        "highway": "footway",
        "indoor": "yes",
        "level": "2",
        "level_ref": "2",
        "osm_id": 1461185239,
        "osm_type": "way",
        "_category": "yes",
        "_level": 2,
        "_source": "level_2"
      }
    },
    {
      "type": "Feature",
      "geometry": {
        "type": "LineString",
        "coordinates": [
          [
            -0.4868184,
            51.470559
          ],
          [
            -0.4868184,
            51.470547
          ],
          [
            -0.4867591,
            51.470547
          ]
        ]
      },
      "properties": {
        "highway": "footway",
        "indoor": "yes",
        "level": "2",
        "level_ref": "2",
        "osm_id": 1461185254,
        "osm_type": "way",
        "_category": "yes",
        "_level": 2,
        "_source": "level_2"
      }
    },
    {
      "type": "Feature",
      "geometry": {
        "type": "LineString",
        "coordinates": [
          [
            -0.4868876,
            51.4705217
          ],
          [
            -0.4868392,
            51.4705218
          ]
        ]
      },
      "properties": {
        "highway": "footway",
        "indoor": "yes",
        "level": "2",
        "level_ref": "2",
        "surface": "paving_stones",
        "osm_id": 1461185256,
        "osm_type": "way",
        "_category": "yes",
        "_level": 2,
        "_source": "level_2"
      }
    },
    {
      "type": "Feature",
      "geometry": {
        "type": "LineString",
        "coordinates": [
          [
            -0.4868879,
            51.470378
          ],
          [
            -0.4868345,
            51.4703776
          ]
        ]
      },
      "properties": {
        "highway": "footway",
        "indoor": "yes",
        "level": "2",
        "level_ref": "2",
        "surface": "paving_stones",
        "osm_id": 1461185257,
        "osm_type": "way",
        "_category": "yes",
        "_level": 2,
        "_source": "level_2"
      }
    },
    {
      "type": "Feature",
      "geometry": {
        "type": "LineString",
        "coordinates": [
          [
            -0.4869322,
            51.4699924
          ],
          [
            -0.4869309,
            51.4699167
          ]
        ]
      },
      "properties": {
        "highway": "footway",
        "indoor": "yes",
        "level": "2",
        "level_ref": "2",
        "osm_id": 1461185258,
        "osm_type": "way",
        "_category": "yes",
        "_level": 2,
        "_source": "level_2"
      }
    },
    {
      "type": "Feature",
      "geometry": {
        "type": "LineString",
        "coordinates": [
          [
            -0.486883,
            51.4698953
          ],
          [
            -0.4868853,
            51.4699924
          ]
        ]
      },
      "properties": {
        "highway": "footway",
        "indoor": "yes",
        "level": "2",
        "level_ref": "2",
        "osm_id": 1461185259,
        "osm_type": "way",
        "_category": "yes",
        "_level": 2,
        "_source": "level_2"
      }
    },
    {
      "type": "Feature",
      "geometry": {
        "type": "LineString",
        "coordinates": [
          [
            -0.4873625,
            51.4699921
          ],
          [
            -0.4873614,
            51.4699146
          ]
        ]
      },
      "properties": {
        "highway": "footway",
        "indoor": "yes",
        "level": "2",
        "level_ref": "2",
        "osm_id": 1461185260,
        "osm_type": "way",
        "_category": "yes",
        "_level": 2,
        "_source": "level_2"
      }
    },
    {
      "type": "Feature",
      "geometry": {
        "type": "LineString",
        "coordinates": [
          [
            -0.4873205,
            51.4698941
          ],
          [
            -0.4873185,
            51.4699921
          ]
        ]
      },
      "properties": {
        "highway": "footway",
        "indoor": "yes",
        "level": "2",
        "level_ref": "2",
        "osm_id": 1461185261,
        "osm_type": "way",
        "_category": "yes",
        "_level": 2,
        "_source": "level_2"
      }
    },
    {
      "type": "Feature",
      "geometry": {
        "type": "LineString",
        "coordinates": [
          [
            -0.4878085,
            51.4699919
          ],
          [
            -0.4878087,
            51.4699125
          ]
        ]
      },
      "properties": {
        "highway": "footway",
        "indoor": "yes",
        "level": "2",
        "level_ref": "2",
        "osm_id": 1461185262,
        "osm_type": "way",
        "_category": "yes",
        "_level": 2,
        "_source": "level_2"
      }
    },
    {
      "type": "Feature",
      "geometry": {
        "type": "LineString",
        "coordinates": [
          [
            -0.4877531,
            51.4698922
          ],
          [
            -0.4877514,
            51.4699919
          ]
        ]
      },
      "properties": {
        "highway": "footway",
        "indoor": "yes",
        "level": "2",
        "level_ref": "2",
        "osm_id": 1461185263,
        "osm_type": "way",
        "_category": "yes",
        "_level": 2,
        "_source": "level_2"
      }
    },
    {
      "type": "Feature",
      "geometry": {
        "type": "LineString",
        "coordinates": [
          [
            -0.4881797,
            51.4699909
          ],
          [
            -0.4881815,
            51.4699114
          ]
        ]
      },
      "properties": {
        "highway": "footway",
        "indoor": "yes",
        "level": "2",
        "level_ref": "2",
        "osm_id": 1461185264,
        "osm_type": "way",
        "_category": "yes",
        "_level": 2,
        "_source": "level_2"
      }
    },
    {
      "type": "Feature",
      "geometry": {
        "type": "LineString",
        "coordinates": [
          [
            -0.4881212,
            51.4698942
          ],
          [
            -0.4881207,
            51.4699911
          ]
        ]
      },
      "properties": {
        "highway": "footway",
        "indoor": "yes",
        "level": "2",
        "level_ref": "2",
        "osm_id": 1461185265,
        "osm_type": "way",
        "_category": "yes",
        "_level": 2,
        "_source": "level_2"
      }
    },
    {
      "type": "Feature",
      "geometry": {
        "type": "LineString",
        "coordinates": [
          [
            -0.4886115,
            51.4699894
          ],
          [
            -0.4886113,
            51.469911
          ]
        ]
      },
      "properties": {
        "highway": "footway",
        "indoor": "yes",
        "level": "2",
        "level_ref": "2",
        "osm_id": 1461185266,
        "osm_type": "way",
        "_category": "yes",
        "_level": 2,
        "_source": "level_2"
      }
    },
    {
      "type": "Feature",
      "geometry": {
        "type": "LineString",
        "coordinates": [
          [
            -0.4885601,
            51.4699896
          ],
          [
            -0.4885608,
            51.4698933
          ]
        ]
      },
      "properties": {
        "highway": "footway",
        "indoor": "yes",
        "level": "2",
        "level_ref": "2",
        "osm_id": 1461185267,
        "osm_type": "way",
        "_category": "yes",
        "_level": 2,
        "_source": "level_2"
      }
    },
    {
      "type": "Feature",
      "geometry": {
        "type": "LineString",
        "coordinates": [
          [
            -0.4890123,
            51.4699103
          ],
          [
            -0.4890116,
            51.4699881
          ]
        ]
      },
      "properties": {
        "highway": "footway",
        "indoor": "yes",
        "level": "2",
        "level_ref": "2",
        "osm_id": 1461185268,
        "osm_type": "way",
        "_category": "yes",
        "_level": 2,
        "_source": "level_2"
      }
    },
    {
      "type": "Feature",
      "geometry": {
        "type": "LineString",
        "coordinates": [
          [
            -0.4889538,
            51.4699883
          ],
          [
            -0.4889533,
            51.4698921
          ]
        ]
      },
      "properties": {
        "highway": "footway",
        "indoor": "yes",
        "level": "2",
        "level_ref": "2",
        "osm_id": 1461185269,
        "osm_type": "way",
        "_category": "yes",
        "_level": 2,
        "_source": "level_2"
      }
    },
    {
      "type": "Feature",
      "geometry": {
        "type": "LineString",
        "coordinates": [
          [
            -0.4889724,
            51.4704252
          ],
          [
            -0.4889726,
            51.4704457
          ]
        ]
      },
      "properties": {
        "highway": "footway",
        "indoor": "yes",
        "level": "2",
        "level_ref": "2",
        "osm_id": 1461185285,
        "osm_type": "way",
        "_category": "yes",
        "_level": 2,
        "_source": "level_2"
      }
    },
    {
      "type": "Feature",
      "geometry": {
        "type": "LineString",
        "coordinates": [
          [
            -0.4889446,
            51.4704831
          ],
          [
            -0.4889443,
            51.4704458
          ],
          [
            -0.4889726,
            51.4704457
          ]
        ]
      },
      "properties": {
        "highway": "footway",
        "indoor": "yes",
        "level": "2",
        "level_ref": "2",
        "osm_id": 1461185290,
        "osm_type": "way",
        "_category": "yes",
        "_level": 2,
        "_source": "level_2"
      }
    },
    {
      "type": "Feature",
      "geometry": {
        "type": "LineString",
        "coordinates": [
          [
            -0.4889446,
            51.4704831
          ],
          [
            -0.4889443,
            51.4704458
          ],
          [
            -0.4889726,
            51.4704457
          ],
          [
            -0.4890209,
            51.4704456
          ],
          [
            -0.4890474,
            51.4704455
          ],
          [
            -0.4890476,
            51.4704826
          ]
        ]
      },
      "properties": {
        "highway": "footway",
        "indoor": "yes",
        "level": "2",
        "level_ref": "2",
        "osm_id": 1461185292,
        "osm_type": "way",
        "_category": "yes",
        "_level": 2,
        "_source": "level_2"
      }
    },
    {
      "type": "Feature",
      "geometry": {
        "type": "LineString",
        "coordinates": [
          [
            -0.4889709,
            51.4702369
          ],
          [
            -0.4889708,
            51.4702172
          ],
          [
            -0.4888683,
            51.4702175
          ],
          [
            -0.4888698,
            51.470446
          ],
          [
            -0.4889443,
            51.4704458
          ]
        ]
      },
      "properties": {
        "highway": "footway",
        "indoor": "yes",
        "level": "2",
        "level_ref": "2",
        "osm_id": 1461185297,
        "osm_type": "way",
        "_category": "yes",
        "_level": 2,
        "_source": "level_2"
      }
    },
    {
      "type": "Feature",
      "geometry": {
        "type": "LineString",
        "coordinates": [
          [
            -0.4890284,
            51.471099
          ],
          [
            -0.4890279,
            51.4710804
          ]
        ]
      },
      "properties": {
        "highway": "footway",
        "indoor": "yes",
        "level": "2",
        "level_ref": "2",
        "osm_id": 1461185338,
        "osm_type": "way",
        "_category": "yes",
        "_level": 2,
        "_source": "level_2"
      }
    },
    {
      "type": "Feature",
      "geometry": {
        "type": "LineString",
        "coordinates": [
          [
            -0.488979,
            51.4710802
          ],
          [
            -0.488979,
            51.4711011
          ]
        ]
      },
      "properties": {
        "highway": "footway",
        "indoor": "yes",
        "level": "2",
        "level_ref": "2",
        "osm_id": 1461185339,
        "osm_type": "way",
        "_category": "yes",
        "_level": 2,
        "_source": "level_2"
      }
    },
    {
      "type": "Feature",
      "geometry": {
        "type": "LineString",
        "coordinates": [
          [
            -0.4889532,
            51.4717088
          ],
          [
            -0.4889536,
            51.4717457
          ],
          [
            -0.4889816,
            51.4717456
          ]
        ]
      },
      "properties": {
        "highway": "footway",
        "indoor": "yes",
        "level": "2",
        "level_ref": "2",
        "osm_id": 1461185362,
        "osm_type": "way",
        "_category": "yes",
        "_level": 2,
        "_source": "level_2"
      }
    },
    {
      "type": "Feature",
      "geometry": {
        "type": "LineString",
        "coordinates": [
          [
            -0.4889821,
            51.4717665
          ],
          [
            -0.4889816,
            51.4717456
          ],
          [
            -0.4890301,
            51.4717454
          ],
          [
            -0.489031,
            51.4717659
          ]
        ]
      },
      "properties": {
        "highway": "footway",
        "indoor": "yes",
        "level": "2",
        "level_ref": "2",
        "osm_id": 1461185363,
        "osm_type": "way",
        "_category": "yes",
        "_level": 2,
        "_source": "level_2"
      }
    },
    {
      "type": "Feature",
      "geometry": {
        "type": "LineString",
        "coordinates": [
          [
            -0.4875279,
            51.4732075
          ],
          [
            -0.4875282,
            51.4732469
          ]
        ]
      },
      "properties": {
        "highway": "footway",
        "indoor": "yes",
        "level": "2",
        "level_ref": "2",
        "osm_id": 1461185366,
        "osm_type": "way",
        "_category": "yes",
        "_level": 2,
        "_source": "level_2"
      }
    },
    {
      "type": "Feature",
      "geometry": {
        "type": "LineString",
        "coordinates": [
          [
            -0.4875567,
            51.4732074
          ],
          [
            -0.487557,
            51.4732469
          ]
        ]
      },
      "properties": {
        "highway": "footway",
        "indoor": "yes",
        "level": "2",
        "level_ref": "2",
        "osm_id": 1461185367,
        "osm_type": "way",
        "_category": "yes",
        "_level": 2,
        "_source": "level_2"
      }
    },
    {
      "type": "Feature",
      "geometry": {
        "type": "LineString",
        "coordinates": [
          [
            -0.4877609,
            51.4732068
          ],
          [
            -0.4877612,
            51.4732462
          ]
        ]
      },
      "properties": {
        "highway": "footway",
        "indoor": "yes",
        "level": "2",
        "level_ref": "2",
        "osm_id": 1461185368,
        "osm_type": "way",
        "_category": "yes",
        "_level": 2,
        "_source": "level_2"
      }
    },
    {
      "type": "Feature",
      "geometry": {
        "type": "LineString",
        "coordinates": [
          [
            -0.4880106,
            51.473206
          ],
          [
            -0.4880109,
            51.4732463
          ]
        ]
      },
      "properties": {
        "highway": "footway",
        "indoor": "yes",
        "level": "2",
        "level_ref": "2",
        "osm_id": 1461185369,
        "osm_type": "way",
        "_category": "yes",
        "_level": 2,
        "_source": "level_2"
      }
    },
    {
      "type": "Feature",
      "geometry": {
        "type": "LineString",
        "coordinates": [
          [
            -0.4880536,
            51.4732059
          ],
          [
            -0.4880539,
            51.4732462
          ]
        ]
      },
      "properties": {
        "highway": "footway",
        "indoor": "yes",
        "level": "2",
        "level_ref": "2",
        "osm_id": 1461185370,
        "osm_type": "way",
        "_category": "yes",
        "_level": 2,
        "_source": "level_2"
      }
    },
    {
      "type": "Feature",
      "geometry": {
        "type": "LineString",
        "coordinates": [
          [
            -0.4881046,
            51.4732057
          ],
          [
            -0.4881049,
            51.4732461
          ]
        ]
      },
      "properties": {
        "highway": "footway",
        "indoor": "yes",
        "level": "2",
        "level_ref": "2",
        "osm_id": 1461185371,
        "osm_type": "way",
        "_category": "yes",
        "_level": 2,
        "_source": "level_2"
      }
    },
    {
      "type": "Feature",
      "geometry": {
        "type": "LineString",
        "coordinates": [
          [
            -0.4883045,
            51.4732052
          ],
          [
            -0.4883048,
            51.4732458
          ]
        ]
      },
      "properties": {
        "highway": "footway",
        "indoor": "yes",
        "level": "2",
        "level_ref": "2",
        "osm_id": 1461185372,
        "osm_type": "way",
        "_category": "yes",
        "_level": 2,
        "_source": "level_2"
      }
    },
    {
      "type": "Feature",
      "geometry": {
        "type": "LineString",
        "coordinates": [
          [
            -0.4886093,
            51.4732043
          ],
          [
            -0.4886096,
            51.4732463
          ]
        ]
      },
      "properties": {
        "highway": "footway",
        "indoor": "yes",
        "level": "2",
        "level_ref": "2",
        "osm_id": 1461185373,
        "osm_type": "way",
        "_category": "yes",
        "_level": 2,
        "_source": "level_2"
      }
    },
    {
      "type": "Feature",
      "geometry": {
        "type": "LineString",
        "coordinates": [
          [
            -0.4883562,
            51.473205
          ],
          [
            -0.4883565,
            51.4732457
          ]
        ]
      },
      "properties": {
        "highway": "footway",
        "indoor": "yes",
        "level": "2",
        "level_ref": "2",
        "osm_id": 1461185374,
        "osm_type": "way",
        "_category": "yes",
        "_level": 2,
        "_source": "level_2"
      }
    },
    {
      "type": "Feature",
      "geometry": {
        "type": "LineString",
        "coordinates": [
          [
            -0.4886565,
            51.4732041
          ],
          [
            -0.4886568,
            51.4732464
          ]
        ]
      },
      "properties": {
        "highway": "footway",
        "indoor": "yes",
        "level": "2",
        "level_ref": "2",
        "osm_id": 1461185375,
        "osm_type": "way",
        "_category": "yes",
        "_level": 2,
        "_source": "level_2"
      }
    },
    {
      "type": "Feature",
      "geometry": {
        "type": "LineString",
        "coordinates": [
          [
            -0.4889263,
            51.4732033
          ],
          [
            -0.4889266,
            51.4732456
          ]
        ]
      },
      "properties": {
        "highway": "footway",
        "indoor": "yes",
        "level": "2",
        "level_ref": "2",
        "osm_id": 1461185376,
        "osm_type": "way",
        "_category": "yes",
        "_level": 2,
        "_source": "level_2"
      }
    },
    {
      "type": "Feature",
      "geometry": {
        "type": "LineString",
        "coordinates": [
          [
            -0.4889819,
            51.4732032
          ],
          [
            -0.4889817,
            51.4732454
          ]
        ]
      },
      "properties": {
        "highway": "footway",
        "indoor": "yes",
        "level": "2",
        "level_ref": "2",
        "osm_id": 1461185377,
        "osm_type": "way",
        "_category": "yes",
        "_level": 2,
        "_source": "level_2"
      }
    },
    {
      "type": "Feature",
      "geometry": {
        "type": "LineString",
        "coordinates": [
          [
            -0.486877,
            51.4732091
          ],
          [
            -0.4874031,
            51.4732079
          ],
          [
            -0.4875279,
            51.4732075
          ],
          [
            -0.4875567,
            51.4732074
          ],
          [
            -0.4876534,
            51.4732071
          ],
          [
            -0.4877277,
            51.4732069
          ],
          [
            -0.4877609,
            51.4732068
          ],
          [
            -0.4879673,
            51.4732061
          ],
          [
            -0.4880106,
            51.473206
          ],
          [
            -0.4880536,
            51.4732059
          ],
          [
            -0.4881046,
            51.4732057
          ],
          [
            -0.4883045,
            51.4732052
          ],
          [
            -0.4883562,
            51.473205
          ],
          [
            -0.4886093,
            51.4732043
          ],
          [
            -0.4886565,
            51.4732041
          ],
          [
            -0.4888535,
            51.4732035
          ],
          [
            -0.4889263,
            51.4732033
          ],
          [
            -0.4889819,
            51.4732032
          ]
        ]
      },
      "properties": {
        "highway": "footway",
        "indoor": "yes",
        "level": "2",
        "level_ref": "2",
        "osm_id": 1461185378,
        "osm_type": "way",
        "_category": "yes",
        "_level": 2,
        "_source": "level_2"
      }
    },
    {
      "type": "Feature",
      "geometry": {
        "type": "LineString",
        "coordinates": [
          [
            -0.4888558,
            51.4730926
          ],
          [
            -0.4888535,
            51.4732035
          ]
        ]
      },
      "properties": {
        "highway": "footway",
        "indoor": "yes",
        "level": "2",
        "level_ref": "2",
        "osm_id": 1461185379,
        "osm_type": "way",
        "_category": "yes",
        "_level": 2,
        "_source": "level_2"
      }
    },
    {
      "type": "Feature",
      "geometry": {
        "type": "LineString",
        "coordinates": [
          [
            -0.4878281,
            51.4701293
          ],
          [
            -0.487828,
            51.4701574
          ]
        ]
      },
      "properties": {
        "highway": "footway",
        "indoor": "yes",
        "level": "2",
        "level_ref": "2",
        "osm_id": 1461185407,
        "osm_type": "way",
        "_category": "yes",
        "_level": 2,
        "_source": "level_2"
      }
    },
    {
      "type": "Feature",
      "geometry": {
        "type": "LineString",
        "coordinates": [
          [
            -0.48776,
            51.4704165
          ],
          [
            -0.48776,
            51.4704345
          ]
        ]
      },
      "properties": {
        "highway": "footway",
        "indoor": "yes",
        "level": "2",
        "level_ref": "2",
        "osm_id": 1461185411,
        "osm_type": "way",
        "_category": "yes",
        "_level": 2,
        "_source": "level_2"
      }
    },
    {
      "type": "Feature",
      "geometry": {
        "type": "LineString",
        "coordinates": [
          [
            -0.4878271,
            51.4704345
          ],
          [
            -0.4878272,
            51.4704179
          ]
        ]
      },
      "properties": {
        "highway": "footway",
        "indoor": "yes",
        "level": "2",
        "level_ref": "2",
        "osm_id": 1461185412,
        "osm_type": "way",
        "_category": "yes",
        "_level": 2,
        "_source": "level_2"
      }
    },
    {
      "type": "Feature",
      "geometry": {
        "type": "LineString",
        "coordinates": [
          [
            -0.4880302,
            51.4718221
          ],
          [
            -0.4880297,
            51.4715083
          ],
          [
            -0.4879193,
            51.4715086
          ]
        ]
      },
      "properties": {
        "highway": "footway",
        "indoor": "yes",
        "level": "2",
        "level_ref": "2",
        "osm_id": 1461185490,
        "osm_type": "way",
        "_category": "yes",
        "_level": 2,
        "_source": "level_2"
      }
    },
    {
      "type": "Feature",
      "geometry": {
        "type": "Polygon",
        "coordinates": [
          [
            [
              -0.4877453,
              51.4710102
            ],
            [
              -0.4877452,
              51.4710782
            ],
            [
              -0.487577,
              51.471078
            ],
            [
              -0.4875771,
              51.4710101
            ],
            [
              -0.4877453,
              51.4710102
            ]
          ]
        ]
      },
      "properties": {
        "indoor": "area",
        "information": "helpdesk",
        "level": "2",
        "level_ref": "2",
        "name": "British Airways Customer Services South",
        "tourism": "information",
        "osm_id": 1461185493,
        "osm_type": "way",
        "_category": "area",
        "_level": 2,
        "_source": "level_2"
      }
    },
    {
      "type": "Feature",
      "geometry": {
        "type": "LineString",
        "coordinates": [
          [
            -0.487827,
            51.4718219
          ],
          [
            -0.4878929,
            51.471822
          ],
          [
            -0.4879224,
            51.471822
          ]
        ]
      },
      "properties": {
        "highway": "footway",
        "indoor": "yes",
        "level": "2",
        "level_ref": "2",
        "lit": "24/7",
        "surface": "paving_stones",
        "osm_id": 1461185494,
        "osm_type": "way",
        "_category": "yes",
        "_level": 2,
        "_source": "level_2"
      }
    },
    {
      "type": "Feature",
      "geometry": {
        "type": "LineString",
        "coordinates": [
          [
            -0.4879224,
            51.471822
          ],
          [
            -0.4879219,
            51.4720186
          ],
          [
            -0.4879217,
            51.4721202
          ],
          [
            -0.4879269,
            51.4724749
          ]
        ]
      },
      "properties": {
        "highway": "footway",
        "indoor": "yes",
        "level": "2",
        "level_ref": "2",
        "lit": "24/7",
        "surface": "paving_stones",
        "osm_id": 1461185495,
        "osm_type": "way",
        "_category": "yes",
        "_level": 2,
        "_source": "level_2"
      }
    },
    {
      "type": "Feature",
      "geometry": {
        "type": "LineString",
        "coordinates": [
          [
            -0.4884346,
            51.4713713
          ],
          [
            -0.488425,
            51.4719021
          ]
        ]
      },
      "properties": {
        "highway": "footway",
        "indoor": "yes",
        "level": "2",
        "level_ref": "2",
        "lit": "24/7",
        "surface": "paving_stones",
        "osm_id": 1461185496,
        "osm_type": "way",
        "_category": "yes",
        "_level": 2,
        "_source": "level_2"
      }
    },
    {
      "type": "Feature",
      "geometry": {
        "type": "LineString",
        "coordinates": [
          [
            -0.4880296,
            51.4716465
          ],
          [
            -0.4880641,
            51.4716467
          ]
        ]
      },
      "properties": {
        "highway": "footway",
        "indoor": "yes",
        "level": "2",
        "level_ref": "2",
        "osm_id": 1461185497,
        "osm_type": "way",
        "_category": "yes",
        "_level": 2,
        "_source": "level_2"
      }
    },
    {
      "type": "Feature",
      "geometry": {
        "type": "LineString",
        "coordinates": [
          [
            -0.4876942,
            51.472475
          ],
          [
            -0.4876995,
            51.472655
          ],
          [
            -0.4876816,
            51.4728634
          ],
          [
            -0.4876823,
            51.4728883
          ],
          [
            -0.4876554,
            51.4729786
          ]
        ]
      },
      "properties": {
        "highway": "footway",
        "indoor": "yes",
        "level": "2",
        "level_ref": "2",
        "lit": "24/7",
        "surface": "paving_stones",
        "osm_id": 1461185499,
        "osm_type": "way",
        "_category": "yes",
        "_level": 2,
        "_source": "level_2"
      }
    },
    {
      "type": "Feature",
      "geometry": {
        "type": "LineString",
        "coordinates": [
          [
            -0.4868858,
            51.471936
          ],
          [
            -0.4867778,
            51.4719346
          ]
        ]
      },
      "properties": {
        "highway": "footway",
        "indoor": "yes",
        "level": "2",
        "level_ref": "2",
        "osm_id": 1461185500,
        "osm_type": "way",
        "_category": "yes",
        "_level": 2,
        "_source": "level_2"
      }
    },
    {
      "type": "Feature",
      "geometry": {
        "type": "LineString",
        "coordinates": [
          [
            -0.4877522,
            51.4726546
          ],
          [
            -0.4877543,
            51.472752
          ]
        ]
      },
      "properties": {
        "highway": "footway",
        "indoor": "yes",
        "level": "2",
        "level_ref": "2",
        "osm_id": 1461185504,
        "osm_type": "way",
        "_category": "yes",
        "_level": 2,
        "_source": "level_2"
      }
    },
    {
      "type": "Feature",
      "geometry": {
        "type": "LineString",
        "coordinates": [
          [
            -0.4878036,
            51.4727542
          ],
          [
            -0.4878015,
            51.4726542
          ]
        ]
      },
      "properties": {
        "highway": "footway",
        "indoor": "yes",
        "level": "2",
        "level_ref": "2",
        "osm_id": 1461185505,
        "osm_type": "way",
        "_category": "yes",
        "_level": 2,
        "_source": "level_2"
      }
    },
    {
      "type": "Feature",
      "geometry": {
        "type": "LineString",
        "coordinates": [
          [
            -0.4876823,
            51.4728883
          ],
          [
            -0.4876085,
            51.4728895
          ]
        ]
      },
      "properties": {
        "highway": "footway",
        "indoor": "yes",
        "level": "2",
        "level_ref": "2",
        "osm_id": 1461185506,
        "osm_type": "way",
        "_category": "yes",
        "_level": 2,
        "_source": "level_2"
      }
    },
    {
      "type": "Feature",
      "geometry": {
        "type": "LineString",
        "coordinates": [
          [
            -0.4880344,
            51.4729768
          ],
          [
            -0.4880302,
            51.4727726
          ],
          [
            -0.4880276,
            51.4726524
          ],
          [
            -0.4880239,
            51.4724748
          ]
        ]
      },
      "properties": {
        "highway": "footway",
        "indoor": "yes",
        "level": "2",
        "level_ref": "2",
        "osm_id": 1461185507,
        "osm_type": "way",
        "_category": "yes",
        "_level": 2,
        "_source": "level_2"
      }
    },
    {
      "type": "Feature",
      "geometry": {
        "type": "Point",
        "coordinates": [
          -0.4882476,
          51.470939
        ]
      },
      "properties": {
        "barrier": "security_control",
        "indoor": "yes",
        "level": "3",
        "name": "Security South",
        "osm_id": 1508420385,
        "osm_type": "node",
        "_category": "yes",
        "_level": 3,
        "_source": "level_3"
      }
    },
    {
      "type": "Feature",
      "geometry": {
        "type": "Point",
        "coordinates": [
          -0.4882662,
          51.4723568
        ]
      },
      "properties": {
        "barrier": "security_control",
        "indoor": "yes",
        "level": "3",
        "name": "Security North",
        "osm_id": 1508420544,
        "osm_type": "node",
        "_category": "yes",
        "_level": 3,
        "_source": "level_3"
      }
    },
    {
      "type": "Feature",
      "geometry": {
        "type": "Point",
        "coordinates": [
          -0.4885349,
          51.4727685
        ]
      },
      "properties": {
        "barrier": "security_control",
        "indoor": "yes",
        "level": "3",
        "name": "Fast Track North",
        "osm_id": 4360356627,
        "osm_type": "node",
        "_category": "yes",
        "_level": 3,
        "_source": "level_3"
      }
    },
    {
      "type": "Feature",
      "geometry": {
        "type": "Point",
        "coordinates": [
          -0.48852,
          51.4701952
        ]
      },
      "properties": {
        "amenity": "toilets",
        "changing_table": "yes",
        "check_date": "2023-04-08",
        "fee": "no",
        "indoor": "yes",
        "level": "3",
        "wheelchair": "yes",
        "osm_id": 4360356630,
        "osm_type": "node",
        "_category": "toilet",
        "_level": 3,
        "_source": "level_3"
      }
    },
    {
      "type": "Feature",
      "geometry": {
        "type": "Point",
        "coordinates": [
          -0.4886883,
          51.4711269
        ]
      },
      "properties": {
        "amenity": "atm",
        "cash_in": "no",
        "check_date": "2023-10-27",
        "indoor": "yes",
        "level": "3",
        "operator": "Travelex",
        "osm_id": 4360359428,
        "osm_type": "node",
        "_category": "atm",
        "_level": 3,
        "_source": "level_3"
      }
    },
    {
      "type": "Feature",
      "geometry": {
        "type": "Point",
        "coordinates": [
          -0.4886905,
          51.4711662
        ]
      },
      "properties": {
        "amenity": "post_box",
        "brand": "Royal Mail",
        "brand:wikidata": "Q638098",
        "collection_times": "Mo-Fr 16:15; Sa 12:00",
        "fixme": "Check ref: nodes 571521109 and 4360359429 both have the same value",
        "indoor": "yes",
        "level": "3",
        "operator": "Royal Mail",
        "operator:wikidata": "Q638098",
        "post_box:type": "pillar",
        "ref": "TW6 1152",
        "royal_cypher": "EIIR",
        "royal_cypher:wikidata": "Q33102113",
        "osm_id": 4360359429,
        "osm_type": "node",
        "_category": "yes",
        "_level": 3,
        "_source": "level_3"
      }
    },
    {
      "type": "Feature",
      "geometry": {
        "type": "Point",
        "coordinates": [
          -0.488409,
          51.4714761
        ]
      },
      "properties": {
        "amenity": "toilets",
        "check_date": "2023-09-29",
        "fee": "no",
        "indoor": "yes",
        "level": "3",
        "osm_id": 4360359448,
        "osm_type": "node",
        "_category": "toilet",
        "_level": 3,
        "_source": "level_3"
      }
    },
    {
      "type": "Feature",
      "geometry": {
        "type": "Point",
        "coordinates": [
          -0.4880839,
          51.4713982
        ]
      },
      "properties": {
        "amenity": "atm",
        "indoor": "yes",
        "level": "3",
        "osm_id": 4360359451,
        "osm_type": "node",
        "_category": "atm",
        "_level": 3,
        "_source": "level_3"
      }
    },
    {
      "type": "Feature",
      "geometry": {
        "type": "Point",
        "coordinates": [
          -0.4886861,
          51.4717091
        ]
      },
      "properties": {
        "amenity": "post_box",
        "brand": "Royal Mail",
        "brand:wikidata": "Q638098",
        "collection_times": "Mo-Fr 16:00; Sa 12:00",
        "fixme": "Check ref: nodes 571521104 and 4360359466 both have the same value",
        "indoor": "yes",
        "level": "3",
        "operator": "Royal Mail",
        "operator:wikidata": "Q638098",
        "post_box:type": "pillar",
        "ref": "TW6 1150",
        "royal_cypher": "EIIR",
        "royal_cypher:wikidata": "Q33102113",
        "osm_id": 4360359466,
        "osm_type": "node",
        "_category": "yes",
        "_level": 3,
        "_source": "level_3"
      }
    },
    {
      "type": "Feature",
      "geometry": {
        "type": "Point",
        "coordinates": [
          -0.4880619,
          51.4721043
        ]
      },
      "properties": {
        "amenity": "atm",
        "check_date": "2024-01-01",
        "indoor": "yes",
        "level": "3",
        "osm_id": 4360359505,
        "osm_type": "node",
        "_category": "atm",
        "_level": 3,
        "_source": "level_3"
      }
    },
    {
      "type": "Feature",
      "geometry": {
        "type": "Point",
        "coordinates": [
          -0.4881782,
          51.4729519
        ]
      },
      "properties": {
        "amenity": "drinking_water",
        "check_date": "2023-10-27",
        "fountain": "bottle_refill",
        "indoor": "yes",
        "level": "3",
        "osm_id": 4360359586,
        "osm_type": "node",
        "_category": "yes",
        "_level": 3,
        "_source": "level_3"
      }
    },
    {
      "type": "Feature",
      "geometry": {
        "type": "Point",
        "coordinates": [
          -0.4882948,
          51.4729755
        ]
      },
      "properties": {
        "amenity": "toilets",
        "changing_table": "yes",
        "check_date": "2023-10-27",
        "fee": "no",
        "indoor": "yes",
        "level": "3",
        "wheelchair": "yes",
        "osm_id": 4360359587,
        "osm_type": "node",
        "_category": "toilet",
        "_level": 3,
        "_source": "level_3"
      }
    },
    {
      "type": "Feature",
      "geometry": {
        "type": "Point",
        "coordinates": [
          -0.4884407,
          51.4729728
        ]
      },
      "properties": {
        "amenity": "toilets",
        "fee": "no",
        "indoor": "yes",
        "level": "3",
        "wheelchair": "yes",
        "osm_id": 4360359599,
        "osm_type": "node",
        "_category": "toilet",
        "_level": 3,
        "_source": "level_3"
      }
    },
    {
      "type": "Feature",
      "geometry": {
        "type": "Point",
        "coordinates": [
          -0.4886952,
          51.4718781
        ]
      },
      "properties": {
        "amenity": "atm",
        "check_date": "2023-09-29",
        "indoor": "yes",
        "level": "3",
        "osm_id": 6655919654,
        "osm_type": "node",
        "_category": "atm",
        "_level": 3,
        "_source": "level_3"
      }
    },
    {
      "type": "Feature",
      "geometry": {
        "type": "Point",
        "coordinates": [
          -0.4891764,
          51.472353
        ]
      },
      "properties": {
        "entrance": "yes",
        "level": "3",
        "level_ref": "3",
        "osm_id": 13400797568,
        "osm_type": "node",
        "_category": "area",
        "_level": 3,
        "_source": "level_3"
      }
    },
    {
      "type": "Feature",
      "geometry": {
        "type": "Point",
        "coordinates": [
          -0.4884637,
          51.4707342
        ]
      },
      "properties": {
        "barrier": "security_control",
        "indoor": "yes",
        "level": "3",
        "name": "Fast Track South",
        "osm_id": 13400852880,
        "osm_type": "node",
        "_category": "yes",
        "_level": 3,
        "_source": "level_3"
      }
    },
    {
      "type": "Feature",
      "geometry": {
        "type": "Point",
        "coordinates": [
          -0.4888925,
          51.4730797
        ]
      },
      "properties": {
        "door": "yes",
        "level": "3",
        "osm_id": 13400853063,
        "osm_type": "node",
        "_category": "area",
        "_level": 3,
        "_source": "level_3"
      }
    },
    {
      "type": "Feature",
      "geometry": {
        "type": "Point",
        "coordinates": [
          -0.4868374,
          51.4718897
        ]
      },
      "properties": {
        "door": "yes",
        "level": "3",
        "osm_id": 13400853137,
        "osm_type": "node",
        "_category": "area",
        "_level": 3,
        "_source": "level_3"
      }
    },
    {
      "type": "Feature",
      "geometry": {
        "type": "Point",
        "coordinates": [
          -0.4873086,
          51.4720291
        ]
      },
      "properties": {
        "door": "yes",
        "level": "3",
        "osm_id": 13400853146,
        "osm_type": "node",
        "_category": "area",
        "_level": 3,
        "_source": "level_3"
      }
    },
    {
      "type": "Feature",
      "geometry": {
        "type": "LineString",
        "coordinates": [
          [
            -0.4888895,
            51.4727206
          ],
          [
            -0.4889746,
            51.4727203
          ],
          [
            -0.4890508,
            51.47272
          ],
          [
            -0.4890774,
            51.4727199
          ],
          [
            -0.4891803,
            51.4727195
          ],
          [
            -0.4894331,
            51.4727185
          ]
        ]
      },
      "properties": {
        "highway": "footway",
        "indoor": "yes",
        "level": "3",
        "lit": "24/7",
        "osm_id": 105215472,
        "osm_type": "way",
        "_category": "yes",
        "_level": 3,
        "_source": "level_3"
      }
    },
    {
      "type": "Feature",
      "geometry": {
        "type": "LineString",
        "coordinates": [
          [
            -0.4888736,
            51.4707932
          ],
          [
            -0.4883674,
            51.4707912
          ],
          [
            -0.4883654,
            51.4709396
          ],
          [
            -0.4882476,
            51.470939
          ],
          [
            -0.4878179,
            51.4709378
          ]
        ]
      },
      "properties": {
        "highway": "footway",
        "indoor": "yes",
        "level": "3",
        "oneway:foot": "yes",
        "osm_id": 136853409,
        "osm_type": "way",
        "_category": "yes",
        "_level": 3,
        "_source": "level_3"
      }
    },
    {
      "type": "Feature",
      "geometry": {
        "type": "LineString",
        "coordinates": [
          [
            -0.4876554,
            51.4729786
          ],
          [
            -0.487759,
            51.4729781
          ],
          [
            -0.4878083,
            51.4729778
          ],
          [
            -0.4882948,
            51.4729755
          ]
        ]
      },
      "properties": {
        "highway": "footway",
        "indoor": "yes",
        "level": "3",
        "osm_id": 136853426,
        "osm_type": "way",
        "_category": "yes",
        "_level": 3,
        "_source": "level_3"
      }
    },
    {
      "type": "Feature",
      "geometry": {
        "type": "LineString",
        "coordinates": [
          [
            -0.4888815,
            51.471746
          ],
          [
            -0.4889536,
            51.4717457
          ],
          [
            -0.4890565,
            51.4717453
          ],
          [
            -0.4891701,
            51.4717449
          ],
          [
            -0.4894195,
            51.4717444
          ]
        ]
      },
      "properties": {
        "highway": "footway",
        "indoor": "yes",
        "level": "3",
        "lit": "yes",
        "surface": "paving_stones",
        "osm_id": 136853439,
        "osm_type": "way",
        "_category": "yes",
        "_level": 3,
        "_source": "level_3"
      }
    },
    {
      "type": "Feature",
      "geometry": {
        "type": "LineString",
        "coordinates": [
          [
            -0.4888865,
            51.4723546
          ],
          [
            -0.4882662,
            51.4723568
          ],
          [
            -0.4878303,
            51.472359
          ]
        ]
      },
      "properties": {
        "highway": "footway",
        "indoor": "yes",
        "level": "3",
        "oneway:foot": "yes",
        "osm_id": 137514847,
        "osm_type": "way",
        "_category": "yes",
        "_level": 3,
        "_source": "level_3"
      }
    },
    {
      "type": "Feature",
      "geometry": {
        "type": "LineString",
        "coordinates": [
          [
            -0.4878617,
            51.4702593
          ],
          [
            -0.4878277,
            51.4702593
          ],
          [
            -0.4877605,
            51.4702592
          ],
          [
            -0.4877247,
            51.4702591
          ],
          [
            -0.4877242,
            51.4704344
          ]
        ]
      },
      "properties": {
        "highway": "footway",
        "indoor": "yes",
        "level": "3",
        "surface": "paving_stones",
        "osm_id": 137514849,
        "osm_type": "way",
        "_category": "yes",
        "_level": 3,
        "_source": "level_3"
      }
    },
    {
      "type": "Feature",
      "geometry": {
        "type": "Polygon",
        "coordinates": [
          [
            [
              -0.4884972,
              51.4717824
            ],
            [
              -0.4884984,
              51.471708
            ],
            [
              -0.4884994,
              51.471647
            ],
            [
              -0.4883776,
              51.4716462
            ],
            [
              -0.4883754,
              51.4717816
            ],
            [
              -0.4884972,
              51.4717824
            ]
          ]
        ]
      },
      "properties": {
        "amenity": "toilets",
        "changing_table": "yes",
        "fee": "no",
        "indoor": "room",
        "level": "3",
        "wheelchair": "yes",
        "osm_id": 438299655,
        "osm_type": "way",
        "_category": "toilet",
        "_level": 3,
        "_source": "level_3"
      }
    },
    {
      "type": "Feature",
      "geometry": {
        "type": "Polygon",
        "coordinates": [
          [
            [
              -0.488462,
              51.4727272
            ],
            [
              -0.4886843,
              51.4727259
            ],
            [
              -0.4886834,
              51.4726618
            ],
            [
              -0.488461,
              51.4726631
            ],
            [
              -0.488462,
              51.4727272
            ]
          ]
        ]
      },
      "properties": {
        "brand": "Boots",
        "brand:wikidata": "Q6123139",
        "check_date": "2025-05-10",
        "check_date:opening_hours": "2025-05-10",
        "indoor": "room",
        "level": "3",
        "name": "Boots",
        "opening_hours": "Mo-Su 05:30-22:00",
        "shop": "chemist",
        "wheelchair": "yes",
        "osm_id": 438299662,
        "osm_type": "way",
        "_category": "shop",
        "_level": 3,
        "_source": "level_3"
      }
    },
    {
      "type": "Feature",
      "geometry": {
        "type": "Polygon",
        "coordinates": [
          [
            [
              -0.4888006,
              51.4730799
            ],
            [
              -0.4888925,
              51.4730797
            ],
            [
              -0.488982,
              51.4730795
            ],
            [
              -0.4889829,
              51.4732478
            ],
            [
              -0.4888014,
              51.4732482
            ],
            [
              -0.4888006,
              51.4730799
            ]
          ]
        ]
      },
      "properties": {
        "amenity": "cafe",
        "brand": "Caffè Nero",
        "brand:wikidata": "Q675808",
        "check_date": "2024-08-22",
        "check_date:opening_hours": "2024-08-22",
        "cuisine": "coffee_shop",
        "indoor": "room",
        "level": "3",
        "name": "Caffè Nero",
        "opening_hours": "Mo-Su 00:00-24:00",
        "takeaway": "yes",
        "website": "https://www.caffenero.com/uk/stores/heathrow-t5-landside",
        "osm_id": 438299667,
        "osm_type": "way",
        "_category": "food",
        "_level": 3,
        "_source": "level_3"
      }
    },
    {
      "type": "Feature",
      "geometry": {
        "type": "Polygon",
        "coordinates": [
          [
            [
              -0.4885146,
              51.4722657
            ],
            [
              -0.4885159,
              51.4720354
            ],
            [
              -0.4887014,
              51.4720358
            ],
            [
              -0.4887,
              51.4722661
            ],
            [
              -0.4885146,
              51.4722657
            ]
          ]
        ]
      },
      "properties": {
        "amenity": "fast_food",
        "brand": "Pret A Manger",
        "brand:wikidata": "Q2109109",
        "cuisine": "sandwich",
        "indoor": "area",
        "level": "3",
        "name": "Pret A Manger",
        "short_name": "Pret",
        "takeaway": "yes",
        "osm_id": 438299668,
        "osm_type": "way",
        "_category": "food",
        "_level": 3,
        "_source": "level_3"
      }
    },
    {
      "type": "Feature",
      "geometry": {
        "type": "Polygon",
        "coordinates": [
          [
            [
              -0.4877599,
              51.4713113
            ],
            [
              -0.4877605,
              51.4714724
            ],
            [
              -0.4873007,
              51.471475
            ],
            [
              -0.4872996,
              51.4714018
            ],
            [
              -0.4873,
              51.4713139
            ],
            [
              -0.4877599,
              51.4713113
            ]
          ]
        ]
      },
      "properties": {
        "airside": "yes",
        "check_date": "2026-02-09",
        "indoor": "room",
        "level": "3",
        "name": "Collection",
        "shop": "clothes",
        "osm_id": 438299673,
        "osm_type": "way",
        "_category": "shop",
        "_level": 3,
        "_source": "level_3"
      }
    },
    {
      "type": "Feature",
      "geometry": {
        "type": "Polygon",
        "coordinates": [
          [
            [
              -0.488371,
              51.4722188
            ],
            [
              -0.4883709,
              51.4721147
            ],
            [
              -0.4880585,
              51.4721118
            ],
            [
              -0.4880583,
              51.4722165
            ],
            [
              -0.488371,
              51.4722188
            ]
          ]
        ]
      },
      "properties": {
        "brand": "Accessorize",
        "brand:wikidata": "Q65007482",
        "indoor": "room",
        "level": "3",
        "name": "Accessorize",
        "shop": "fashion_accessories",
        "osm_id": 438299675,
        "osm_type": "way",
        "_category": "shop",
        "_level": 3,
        "_source": "level_3"
      }
    },
    {
      "type": "Feature",
      "geometry": {
        "type": "Polygon",
        "coordinates": [
          [
            [
              -0.4883735,
              51.4718696
            ],
            [
              -0.4883754,
              51.4717816
            ],
            [
              -0.4883776,
              51.4716462
            ],
            [
              -0.4883783,
              51.471506
            ],
            [
              -0.4881138,
              51.4715061
            ],
            [
              -0.4881297,
              51.4715839
            ],
            [
              -0.4881313,
              51.471665
            ],
            [
              -0.488116,
              51.4717476
            ],
            [
              -0.4880888,
              51.4718183
            ],
            [
              -0.4880541,
              51.4718699
            ],
            [
              -0.4883735,
              51.4718696
            ]
          ]
        ]
      },
      "properties": {
        "brand": "InMotion",
        "brand:wikidata": "Q109648041",
        "indoor": "room",
        "level": "3",
        "name": "InMotion",
        "shop": "electronics",
        "osm_id": 438299676,
        "osm_type": "way",
        "_category": "shop",
        "_level": 3,
        "_source": "level_3"
      }
    },
    {
      "type": "Feature",
      "geometry": {
        "type": "Polygon",
        "coordinates": [
          [
            [
              -0.4886787,
              51.4710582
            ],
            [
              -0.4886784,
              51.4711447
            ],
            [
              -0.4884026,
              51.4711443
            ],
            [
              -0.4884029,
              51.4710577
            ],
            [
              -0.4886787,
              51.4710582
            ]
          ]
        ]
      },
      "properties": {
        "check_date": "2023-10-27",
        "indoor": "room",
        "level": "3",
        "name": "Excess Baggage Company",
        "shop": "bag",
        "osm_id": 438299678,
        "osm_type": "way",
        "_category": "shop",
        "_level": 3,
        "_source": "level_3"
      }
    },
    {
      "type": "Feature",
      "geometry": {
        "type": "Polygon",
        "coordinates": [
          [
            [
              -0.4886834,
              51.4726618
            ],
            [
              -0.4886824,
              51.4725977
            ],
            [
              -0.4884601,
              51.472599
            ],
            [
              -0.488461,
              51.4726631
            ],
            [
              -0.4886834,
              51.4726618
            ]
          ]
        ]
      },
      "properties": {
        "addr:street": "Wallis Road",
        "check_date": "2023-09-29",
        "indoor": "room",
        "level": "3",
        "name": "Excess Baggage Company",
        "shop": "bag",
        "wheelchair": "yes",
        "osm_id": 438299679,
        "osm_type": "way",
        "_category": "shop",
        "_level": 3,
        "_source": "level_3"
      }
    },
    {
      "type": "Feature",
      "geometry": {
        "type": "Polygon",
        "coordinates": [
          [
            [
              -0.4873156,
              51.4727056
            ],
            [
              -0.487319,
              51.472842
            ],
            [
              -0.4876262,
              51.4728393
            ],
            [
              -0.4876231,
              51.472703
            ],
            [
              -0.4873156,
              51.4727056
            ]
          ]
        ]
      },
      "properties": {
        "check_date": "2026-02-09",
        "indoor": "room",
        "level": "3",
        "name": "Glorious Britain",
        "shop": "gift",
        "wheelchair": "yes",
        "osm_id": 438299683,
        "osm_type": "way",
        "_category": "shop",
        "_level": 3,
        "_source": "level_3"
      }
    },
    {
      "type": "Feature",
      "geometry": {
        "type": "Polygon",
        "coordinates": [
          [
            [
              -0.4873122,
              51.4725589
            ],
            [
              -0.4876197,
              51.4725562
            ],
            [
              -0.4876231,
              51.472703
            ],
            [
              -0.4873156,
              51.4727056
            ],
            [
              -0.4873122,
              51.4725589
            ]
          ]
        ]
      },
      "properties": {
        "check_date": "2023-10-27",
        "indoor": "room",
        "level": "3",
        "name": "The Harry Potter Shop",
        "shop": "toys",
        "wheelchair": "yes",
        "osm_id": 438299686,
        "osm_type": "way",
        "_category": "shop",
        "_level": 3,
        "_source": "level_3"
      }
    },
    {
      "type": "Feature",
      "geometry": {
        "type": "Polygon",
        "coordinates": [
          [
            [
              -0.4880838,
              51.4713704
            ],
            [
              -0.4883771,
              51.47137
            ],
            [
              -0.4883773,
              51.4714479
            ],
            [
              -0.488084,
              51.4714482
            ],
            [
              -0.4880839,
              51.4713982
            ],
            [
              -0.4880838,
              51.4713704
            ]
          ]
        ]
      },
      "properties": {
        "amenity": "bureau_de_change",
        "brand": "Travelex",
        "brand:wikidata": "Q2337964",
        "brand:wikipedia": "en:Travelex",
        "indoor": "room",
        "level": "3",
        "name": "Travelex",
        "osm_id": 438299687,
        "osm_type": "way",
        "_category": "currency",
        "_level": 3,
        "_source": "level_3"
      }
    },
    {
      "type": "Feature",
      "geometry": {
        "type": "Polygon",
        "coordinates": [
          [
            [
              -0.4877605,
              51.4714724
            ],
            [
              -0.4877678,
              51.4719735
            ],
            [
              -0.4873079,
              51.4719761
            ],
            [
              -0.4873056,
              51.4718002
            ],
            [
              -0.4873007,
              51.471475
            ],
            [
              -0.4877605,
              51.4714724
            ]
          ]
        ]
      },
      "properties": {
        "airside": "yes",
        "check_date": "2026-02-09",
        "indoor": "room",
        "level": "3",
        "name": "Harrods",
        "shop": "gift",
        "osm_id": 438299688,
        "osm_type": "way",
        "_category": "shop",
        "_level": 3,
        "_source": "level_3"
      }
    },
    {
      "type": "Feature",
      "geometry": {
        "type": "Polygon",
        "coordinates": [
          [
            [
              -0.488648,
              51.4705126
            ],
            [
              -0.4886462,
              51.4705846
            ],
            [
              -0.4884065,
              51.4705823
            ],
            [
              -0.4884083,
              51.4705103
            ],
            [
              -0.488648,
              51.4705126
            ]
          ]
        ]
      },
      "properties": {
        "indoor": "room",
        "level": "3",
        "name": "Case",
        "shop": "bag",
        "osm_id": 438299703,
        "osm_type": "way",
        "_category": "shop",
        "_level": 3,
        "_source": "level_3"
      }
    },
    {
      "type": "Feature",
      "geometry": {
        "type": "Polygon",
        "coordinates": [
          [
            [
              -0.488648,
              51.4705126
            ],
            [
              -0.488407,
              51.4705103
            ],
            [
              -0.4884086,
              51.4704458
            ],
            [
              -0.4886496,
              51.4704482
            ],
            [
              -0.488648,
              51.4705126
            ]
          ]
        ]
      },
      "properties": {
        "disused:shop": "yes",
        "indoor": "room",
        "level": "3",
        "osm_id": 438299708,
        "osm_type": "way",
        "_category": "room",
        "_level": 3,
        "_source": "level_3"
      }
    },
    {
      "type": "Feature",
      "geometry": {
        "type": "Polygon",
        "coordinates": [
          [
            [
              -0.4886784,
              51.4725388
            ],
            [
              -0.4886774,
              51.4724453
            ],
            [
              -0.4885363,
              51.4724459
            ],
            [
              -0.4885374,
              51.4725394
            ],
            [
              -0.4886784,
              51.4725388
            ]
          ]
        ]
      },
      "properties": {
        "amenity": "bureau_de_change",
        "brand": "Travelex",
        "brand:wikidata": "Q2337964",
        "brand:wikipedia": "en:Travelex",
        "check_date": "2023-04-08",
        "indoor": "room",
        "level": "3",
        "name": "Travelex",
        "wheelchair": "yes",
        "osm_id": 438299716,
        "osm_type": "way",
        "_category": "currency",
        "_level": 3,
        "_source": "level_3"
      }
    },
    {
      "type": "Feature",
      "geometry": {
        "type": "Polygon",
        "coordinates": [
          [
            [
              -0.4876713,
              51.473009
            ],
            [
              -0.4879406,
              51.4730092
            ],
            [
              -0.4879402,
              51.4731667
            ],
            [
              -0.4876709,
              51.4731664
            ],
            [
              -0.4876713,
              51.473009
            ]
          ]
        ]
      },
      "properties": {
        "amenity": "bureau_de_change",
        "check_date": "2023-09-29",
        "indoor": "room",
        "level": "3",
        "name": "Travelex",
        "wheelchair": "yes",
        "osm_id": 438299717,
        "osm_type": "way",
        "_category": "currency",
        "_level": 3,
        "_source": "level_3"
      }
    },
    {
      "type": "Feature",
      "geometry": {
        "type": "Polygon",
        "coordinates": [
          [
            [
              -0.4887019,
              51.4719416
            ],
            [
              -0.4887023,
              51.4718706
            ],
            [
              -0.4885169,
              51.4718701
            ],
            [
              -0.4885165,
              51.4719412
            ],
            [
              -0.4887019,
              51.4719416
            ]
          ]
        ]
      },
      "properties": {
        "amenity": "bureau_de_change",
        "brand": "Travelex",
        "brand:wikidata": "Q2337964",
        "brand:wikipedia": "en:Travelex",
        "check_date": "2023-09-29",
        "indoor": "room",
        "level": "3",
        "name": "Travelex",
        "osm_id": 438299718,
        "osm_type": "way",
        "_category": "currency",
        "_level": 3,
        "_source": "level_3"
      }
    },
    {
      "type": "Feature",
      "geometry": {
        "type": "Polygon",
        "coordinates": [
          [
            [
              -0.4886832,
              51.4706423
            ],
            [
              -0.4886828,
              51.4707109
            ],
            [
              -0.4885306,
              51.4707106
            ],
            [
              -0.488531,
              51.470642
            ],
            [
              -0.4886832,
              51.4706423
            ]
          ]
        ]
      },
      "properties": {
        "amenity": "bureau_de_change",
        "brand": "Travelex",
        "brand:wikidata": "Q2337964",
        "check_date": "2023-04-08",
        "indoor": "room",
        "level": "3",
        "name": "Travelex",
        "osm_id": 438299720,
        "osm_type": "way",
        "_category": "currency",
        "_level": 3,
        "_source": "level_3"
      }
    },
    {
      "type": "Feature",
      "geometry": {
        "type": "Polygon",
        "coordinates": [
          [
            [
              -0.4886791,
              51.4709725
            ],
            [
              -0.4886787,
              51.4710582
            ],
            [
              -0.4884036,
              51.4710577
            ],
            [
              -0.4884039,
              51.4709721
            ],
            [
              -0.4886791,
              51.4709725
            ]
          ]
        ]
      },
      "properties": {
        "amenity": "vat_refund",
        "indoor": "room",
        "level": "3",
        "name": "VAT Refunds",
        "osm_id": 438299725,
        "osm_type": "way",
        "_category": "room",
        "_level": 3,
        "_source": "level_3"
      }
    },
    {
      "type": "Feature",
      "geometry": {
        "type": "Polygon",
        "coordinates": [
          [
            [
              -0.4887014,
              51.4720358
            ],
            [
              -0.4887019,
              51.4719416
            ],
            [
              -0.4885165,
              51.4719412
            ],
            [
              -0.4885159,
              51.4720354
            ],
            [
              -0.4887014,
              51.4720358
            ]
          ]
        ]
      },
      "properties": {
        "brand": "WHSmith",
        "brand:website": "https://www.whsmithplc.co.uk/",
        "brand:wikidata": "Q1548712",
        "brand:wikipedia": "en:WHSmith",
        "check_date": "2024-09-29",
        "indoor": "room",
        "level": "3",
        "name": "WHSmith",
        "shop": "newsagent",
        "osm_id": 438299727,
        "osm_type": "way",
        "_category": "shop",
        "_level": 3,
        "_source": "level_3"
      }
    },
    {
      "type": "Feature",
      "geometry": {
        "type": "Polygon",
        "coordinates": [
          [
            [
              -0.488409,
              51.4703561
            ],
            [
              -0.4886518,
              51.4703584
            ],
            [
              -0.4886496,
              51.4704482
            ],
            [
              -0.4884086,
              51.4704458
            ],
            [
              -0.488409,
              51.4703561
            ]
          ]
        ]
      },
      "properties": {
        "brand": "WHSmith",
        "brand:website": "https://www.whsmithplc.co.uk/",
        "brand:wikidata": "Q1548712",
        "brand:wikipedia": "en:WHSmith",
        "check_date": "2023-04-08",
        "indoor": "room",
        "level": "3",
        "name": "WHSmith",
        "shop": "newsagent",
        "osm_id": 438299729,
        "osm_type": "way",
        "_category": "shop",
        "_level": 3,
        "_source": "level_3"
      }
    },
    {
      "type": "Feature",
      "geometry": {
        "type": "Polygon",
        "coordinates": [
          [
            [
              -0.4880541,
              51.4718699
            ],
            [
              -0.4880551,
              51.471955
            ],
            [
              -0.4880566,
              51.4720341
            ],
            [
              -0.4880626,
              51.4720849
            ],
            [
              -0.4883719,
              51.472087
            ],
            [
              -0.4883734,
              51.4719465
            ],
            [
              -0.4883735,
              51.4718696
            ],
            [
              -0.4880541,
              51.4718699
            ]
          ]
        ]
      },
      "properties": {
        "brand": "WHSmith",
        "brand:website": "https://www.whsmithplc.co.uk/",
        "brand:wikidata": "Q1548712",
        "brand:wikipedia": "en:WHSmith",
        "indoor": "room",
        "level": "3",
        "name": "WHSmith",
        "shop": "newsagent",
        "osm_id": 438299730,
        "osm_type": "way",
        "_category": "shop",
        "_level": 3,
        "_source": "level_3"
      }
    },
    {
      "type": "Feature",
      "geometry": {
        "type": "Polygon",
        "coordinates": [
          [
            [
              -0.4868362,
              51.4718027
            ],
            [
              -0.4868374,
              51.4718897
            ],
            [
              -0.48684,
              51.4720847
            ],
            [
              -0.4870232,
              51.4720837
            ],
            [
              -0.4873093,
              51.4720822
            ],
            [
              -0.4873086,
              51.4720291
            ],
            [
              -0.4873079,
              51.4719761
            ],
            [
              -0.4873056,
              51.4718002
            ],
            [
              -0.4868362,
              51.4718027
            ]
          ]
        ]
      },
      "properties": {
        "airside": "yes",
        "amenity": "restaurant",
        "brand": "Wagamama",
        "brand:wikidata": "Q503715",
        "brand:wikipedia": "en:Wagamama",
        "check_date": "2026-02-09",
        "cuisine": "asian",
        "indoor": "room",
        "level": "3",
        "name": "Wagamama",
        "website": "https://www.wagamama.com/restaurants/heathrow/heathrow-t5",
        "osm_id": 438299732,
        "osm_type": "way",
        "_category": "food",
        "_level": 3,
        "_source": "level_3"
      }
    },
    {
      "type": "Feature",
      "geometry": {
        "type": "Polygon",
        "coordinates": [
          [
            [
              -0.4872955,
              51.4711166
            ],
            [
              -0.4877553,
              51.471114
            ],
            [
              -0.4877599,
              51.4713113
            ],
            [
              -0.4873,
              51.4713139
            ],
            [
              -0.4872955,
              51.4711166
            ]
          ]
        ]
      },
      "properties": {
        "airside": "yes",
        "brand": "Boots",
        "brand:wikidata": "Q6123139",
        "check_date": "2026-02-09",
        "indoor": "room",
        "level": "3",
        "name": "Boots",
        "shop": "chemist",
        "website": "https://www.boots.com/stores/1145-heathrow-t5-airside-departures-tw6-2ga",
        "osm_id": 438299739,
        "osm_type": "way",
        "_category": "shop",
        "_level": 3,
        "_source": "level_3"
      }
    },
    {
      "type": "Feature",
      "geometry": {
        "type": "LineString",
        "coordinates": [
          [
            -0.4880298,
            51.4714774
          ],
          [
            -0.488409,
            51.4714761
          ]
        ]
      },
      "properties": {
        "highway": "footway",
        "indoor": "yes",
        "level": "3",
        "osm_id": 438299750,
        "osm_type": "way",
        "_category": "yes",
        "_level": 3,
        "_source": "level_3"
      }
    },
    {
      "type": "Feature",
      "geometry": {
        "type": "LineString",
        "coordinates": [
          [
            -0.4888902,
            51.4728049
          ],
          [
            -0.4885211,
            51.4728081
          ],
          [
            -0.4885247,
            51.4729721
          ],
          [
            -0.4884407,
            51.4729728
          ]
        ]
      },
      "properties": {
        "highway": "footway",
        "indoor": "yes",
        "level": "3",
        "surface": "asphalt",
        "osm_id": 438299753,
        "osm_type": "way",
        "_category": "yes",
        "_level": 3,
        "_source": "level_3"
      }
    },
    {
      "type": "Feature",
      "geometry": {
        "type": "LineString",
        "coordinates": [
          [
            -0.4888899,
            51.4727656
          ],
          [
            -0.4885349,
            51.4727685
          ],
          [
            -0.4880302,
            51.4727726
          ]
        ]
      },
      "properties": {
        "highway": "footway",
        "indoor": "yes",
        "level": "3",
        "oneway:foot": "yes",
        "osm_id": 438299755,
        "osm_type": "way",
        "_category": "yes",
        "_level": 3,
        "_source": "level_3"
      }
    },
    {
      "type": "Feature",
      "geometry": {
        "type": "LineString",
        "coordinates": [
          [
            -0.48852,
            51.4701952
          ],
          [
            -0.4885946,
            51.470195
          ],
          [
            -0.4885956,
            51.470322
          ],
          [
            -0.4887415,
            51.4703216
          ],
          [
            -0.4887421,
            51.4703973
          ],
          [
            -0.4888703,
            51.4703969
          ]
        ]
      },
      "properties": {
        "highway": "footway",
        "indoor": "yes",
        "level": "3",
        "surface": "paving_stones",
        "osm_id": 438299756,
        "osm_type": "way",
        "_category": "yes",
        "_level": 3,
        "_source": "level_3"
      }
    },
    {
      "type": "Feature",
      "geometry": {
        "type": "LineString",
        "coordinates": [
          [
            -0.4880297,
            51.4715083
          ],
          [
            -0.4879449,
            51.4715085
          ],
          [
            -0.4878936,
            51.4715087
          ],
          [
            -0.4878251,
            51.4715081
          ]
        ]
      },
      "properties": {
        "highway": "footway",
        "indoor": "yes",
        "level": "3",
        "surface": "paving_stones",
        "osm_id": 438299757,
        "osm_type": "way",
        "_category": "yes",
        "_level": 3,
        "_source": "level_3"
      }
    },
    {
      "type": "Feature",
      "geometry": {
        "type": "LineString",
        "coordinates": [
          [
            -0.4895055,
            51.4705168
          ],
          [
            -0.489538,
            51.4705167
          ]
        ]
      },
      "properties": {
        "highway": "footway",
        "indoor": "yes",
        "level": "3",
        "osm_id": 1178268700,
        "osm_type": "way",
        "_category": "yes",
        "_level": 3,
        "_source": "level_3"
      }
    },
    {
      "type": "Feature",
      "geometry": {
        "type": "LineString",
        "coordinates": [
          [
            -0.4890496,
            51.4710981
          ],
          [
            -0.4890545,
            51.4711376
          ]
        ]
      },
      "properties": {
        "highway": "footway",
        "indoor": "yes",
        "level": "3",
        "osm_id": 1178305511,
        "osm_type": "way",
        "_category": "yes",
        "_level": 3,
        "_source": "level_3"
      }
    },
    {
      "type": "Feature",
      "geometry": {
        "type": "LineString",
        "coordinates": [
          [
            -0.4895393,
            51.4710383
          ],
          [
            -0.4895006,
            51.4710384
          ]
        ]
      },
      "properties": {
        "highway": "footway",
        "indoor": "yes",
        "level": "3",
        "osm_id": 1178305525,
        "osm_type": "way",
        "_category": "yes",
        "_level": 3,
        "_source": "level_3"
      }
    },
    {
      "type": "Feature",
      "geometry": {
        "type": "LineString",
        "coordinates": [
          [
            -0.4895075,
            51.4711737
          ],
          [
            -0.4895405,
            51.4711736
          ]
        ]
      },
      "properties": {
        "covered": "yes",
        "highway": "footway",
        "indoor": "yes",
        "level": "3",
        "osm_id": 1178305541,
        "osm_type": "way",
        "_category": "yes",
        "_level": 3,
        "_source": "level_3"
      }
    },
    {
      "type": "Feature",
      "geometry": {
        "type": "LineString",
        "coordinates": [
          [
            -0.4895424,
            51.4717149
          ],
          [
            -0.4895427,
            51.4717439
          ],
          [
            -0.489543,
            51.4717863
          ],
          [
            -0.4894972,
            51.471786
          ]
        ]
      },
      "properties": {
        "covered": "yes",
        "highway": "footway",
        "indoor": "yes",
        "level": "3",
        "osm_id": 1179690037,
        "osm_type": "way",
        "_category": "yes",
        "_level": 3,
        "_source": "level_3"
      }
    },
    {
      "type": "Feature",
      "geometry": {
        "type": "LineString",
        "coordinates": [
          [
            -0.4894926,
            51.4716824
          ],
          [
            -0.4895422,
            51.4716827
          ],
          [
            -0.4895424,
            51.4717149
          ],
          [
            -0.489494,
            51.4717146
          ]
        ]
      },
      "properties": {
        "covered": "yes",
        "highway": "footway",
        "indoor": "yes",
        "level": "3",
        "osm_id": 1179690038,
        "osm_type": "way",
        "_category": "yes",
        "_level": 3,
        "_source": "level_3"
      }
    },
    {
      "type": "Feature",
      "geometry": {
        "type": "LineString",
        "coordinates": [
          [
            -0.4890564,
            51.4717084
          ],
          [
            -0.4890565,
            51.4717453
          ]
        ]
      },
      "properties": {
        "highway": "footway",
        "indoor": "yes",
        "level": "3",
        "osm_id": 1179702379,
        "osm_type": "way",
        "_category": "yes",
        "_level": 3,
        "_source": "level_3"
      }
    },
    {
      "type": "Feature",
      "geometry": {
        "type": "LineString",
        "coordinates": [
          [
            -0.4895529,
            51.472718
          ],
          [
            -0.4895532,
            51.4727604
          ],
          [
            -0.4895535,
            51.4727921
          ],
          [
            -0.4895554,
            51.4730199
          ],
          [
            -0.4894914,
            51.4730202
          ]
        ]
      },
      "properties": {
        "covered": "yes",
        "highway": "footway",
        "indoor": "yes",
        "level": "3",
        "osm_id": 1179767729,
        "osm_type": "way",
        "_category": "yes",
        "_level": 3,
        "_source": "level_3"
      }
    },
    {
      "type": "Feature",
      "geometry": {
        "type": "LineString",
        "coordinates": [
          [
            -0.4889741,
            51.4726833
          ],
          [
            -0.4889746,
            51.4727203
          ]
        ]
      },
      "properties": {
        "highway": "footway",
        "indoor": "yes",
        "level": "3",
        "osm_id": 1179767737,
        "osm_type": "way",
        "_category": "yes",
        "_level": 3,
        "_source": "level_3"
      }
    },
    {
      "type": "Feature",
      "geometry": {
        "type": "LineString",
        "coordinates": [
          [
            -0.4895135,
            51.4726569
          ],
          [
            -0.4895524,
            51.4726568
          ],
          [
            -0.4895527,
            51.472689
          ]
        ]
      },
      "properties": {
        "covered": "yes",
        "highway": "footway",
        "indoor": "yes",
        "level": "3",
        "osm_id": 1179767750,
        "osm_type": "way",
        "_category": "yes",
        "_level": 3,
        "_source": "level_3"
      }
    },
    {
      "type": "Feature",
      "geometry": {
        "type": "LineString",
        "coordinates": [
          [
            -0.4809249,
            51.4704729
          ],
          [
            -0.4809774,
            51.4704735
          ]
        ]
      },
      "properties": {
        "highway": "footway",
        "indoor": "yes",
        "level": "3",
        "osm_id": 1179971620,
        "osm_type": "way",
        "_category": "yes",
        "_level": 3,
        "_source": "level_3"
      }
    },
    {
      "type": "Feature",
      "geometry": {
        "type": "LineString",
        "coordinates": [
          [
            -0.4808916,
            51.4698495
          ],
          [
            -0.4809668,
            51.4698478
          ]
        ]
      },
      "properties": {
        "highway": "footway",
        "indoor": "yes",
        "level": "3",
        "osm_id": 1179971623,
        "osm_type": "way",
        "_category": "yes",
        "_level": 3,
        "_source": "level_3"
      }
    },
    {
      "type": "Feature",
      "geometry": {
        "type": "LineString",
        "coordinates": [
          [
            -0.4814354,
            51.469748
          ],
          [
            -0.4815434,
            51.4697445
          ]
        ]
      },
      "properties": {
        "highway": "footway",
        "indoor": "yes",
        "level": "3",
        "osm_id": 1179971630,
        "osm_type": "way",
        "_category": "yes",
        "_level": 3,
        "_source": "level_3"
      }
    },
    {
      "type": "Feature",
      "geometry": {
        "type": "LineString",
        "coordinates": [
          [
            -0.4814382,
            51.4701648
          ],
          [
            -0.4815587,
            51.4701639
          ]
        ]
      },
      "properties": {
        "highway": "footway",
        "indoor": "yes",
        "level": "3",
        "osm_id": 1179971635,
        "osm_type": "way",
        "_category": "yes",
        "_level": 3,
        "_source": "level_3"
      }
    },
    {
      "type": "Feature",
      "geometry": {
        "type": "LineString",
        "coordinates": [
          [
            -0.4815699,
            51.4704721
          ],
          [
            -0.4814404,
            51.4704747
          ]
        ]
      },
      "properties": {
        "highway": "footway",
        "indoor": "yes",
        "level": "3",
        "osm_id": 1179971638,
        "osm_type": "way",
        "_category": "yes",
        "_level": 3,
        "_source": "level_3"
      }
    },
    {
      "type": "Feature",
      "geometry": {
        "type": "LineString",
        "coordinates": [
          [
            -0.4809382,
            51.4708937
          ],
          [
            -0.4809846,
            51.4708931
          ]
        ]
      },
      "properties": {
        "highway": "footway",
        "indoor": "yes",
        "level": "3",
        "osm_id": 1179971641,
        "osm_type": "way",
        "_category": "yes",
        "_level": 3,
        "_source": "level_3"
      }
    },
    {
      "type": "Feature",
      "geometry": {
        "type": "LineString",
        "coordinates": [
          [
            -0.4809434,
            51.4714388
          ],
          [
            -0.4809985,
            51.4714378
          ]
        ]
      },
      "properties": {
        "highway": "footway",
        "indoor": "yes",
        "level": "3",
        "osm_id": 1179971644,
        "osm_type": "way",
        "_category": "yes",
        "_level": 3,
        "_source": "level_3"
      }
    },
    {
      "type": "Feature",
      "geometry": {
        "type": "LineString",
        "coordinates": [
          [
            -0.4809499,
            51.4719935
          ],
          [
            -0.4810245,
            51.4719942
          ]
        ]
      },
      "properties": {
        "highway": "footway",
        "indoor": "yes",
        "level": "3",
        "osm_id": 1179971647,
        "osm_type": "way",
        "_category": "yes",
        "_level": 3,
        "_source": "level_3"
      }
    },
    {
      "type": "Feature",
      "geometry": {
        "type": "LineString",
        "coordinates": [
          [
            -0.4815829,
            51.4717186
          ],
          [
            -0.4814854,
            51.4717186
          ]
        ]
      },
      "properties": {
        "highway": "footway",
        "indoor": "yes",
        "level": "3",
        "osm_id": 1179971648,
        "osm_type": "way",
        "_category": "yes",
        "_level": 3,
        "_source": "level_3"
      }
    },
    {
      "type": "Feature",
      "geometry": {
        "type": "LineString",
        "coordinates": [
          [
            -0.4815837,
            51.4719972
          ],
          [
            -0.4814915,
            51.4719993
          ]
        ]
      },
      "properties": {
        "highway": "footway",
        "indoor": "yes",
        "level": "3",
        "osm_id": 1179971651,
        "osm_type": "way",
        "_category": "yes",
        "_level": 3,
        "_source": "level_3"
      }
    },
    {
      "type": "Feature",
      "geometry": {
        "type": "LineString",
        "coordinates": [
          [
            -0.4815819,
            51.4714154
          ],
          [
            -0.4814788,
            51.4714171
          ]
        ]
      },
      "properties": {
        "highway": "footway",
        "indoor": "yes",
        "level": "3",
        "osm_id": 1179971654,
        "osm_type": "way",
        "_category": "yes",
        "_level": 3,
        "_source": "level_3"
      }
    },
    {
      "type": "Feature",
      "geometry": {
        "type": "LineString",
        "coordinates": [
          [
            -0.4814699,
            51.4709788
          ],
          [
            -0.4815806,
            51.4709774
          ],
          [
            -0.4815812,
            51.4707838
          ],
          [
            -0.4815699,
            51.4704721
          ],
          [
            -0.4815687,
            51.4704379
          ],
          [
            -0.4815587,
            51.4701639
          ],
          [
            -0.481558,
            51.4701443
          ],
          [
            -0.4815444,
            51.4697713
          ],
          [
            -0.4815434,
            51.4697445
          ],
          [
            -0.4815424,
            51.4697154
          ],
          [
            -0.4814351,
            51.4697174
          ],
          [
            -0.4813893,
            51.4697188
          ],
          [
            -0.4810293,
            51.4697296
          ],
          [
            -0.4809648,
            51.4697315
          ],
          [
            -0.4809665,
            51.4698307
          ],
          [
            -0.4809668,
            51.4698478
          ],
          [
            -0.4809772,
            51.4704597
          ],
          [
            -0.4809774,
            51.4704735
          ],
          [
            -0.4809844,
            51.4708861
          ],
          [
            -0.4809846,
            51.4708931
          ],
          [
            -0.4809912,
            51.4712809
          ],
          [
            -0.480997,
            51.4714054
          ],
          [
            -0.4809985,
            51.4714378
          ],
          [
            -0.4810231,
            51.4719634
          ],
          [
            -0.4810245,
            51.4719942
          ],
          [
            -0.4810274,
            51.4720545
          ],
          [
            -0.4815839,
            51.472057
          ],
          [
            -0.4815837,
            51.4719972
          ],
          [
            -0.4815837,
            51.4719711
          ],
          [
            -0.4815829,
            51.4717186
          ],
          [
            -0.4815828,
            51.4716973
          ],
          [
            -0.4815819,
            51.4714154
          ],
          [
            -0.4815819,
            51.4713937
          ],
          [
            -0.4815806,
            51.4709774
          ]
        ]
      },
      "properties": {
        "highway": "footway",
        "indoor": "yes",
        "level": "3",
        "osm_id": 1179971657,
        "osm_type": "way",
        "_category": "yes",
        "_level": 3,
        "_source": "level_3"
      }
    },
    {
      "type": "Feature",
      "geometry": {
        "type": "LineString",
        "coordinates": [
          [
            -0.481446,
            51.4709783
          ],
          [
            -0.4814545,
            51.4709783
          ],
          [
            -0.4814602,
            51.4709784
          ],
          [
            -0.4814654,
            51.4709786
          ],
          [
            -0.4814699,
            51.4709788
          ],
          [
            -0.4814699,
            51.4710081
          ]
        ]
      },
      "properties": {
        "highway": "footway",
        "indoor": "yes",
        "level": "3",
        "osm_id": 1179971661,
        "osm_type": "way",
        "_category": "yes",
        "_level": 3,
        "_source": "level_3"
      }
    },
    {
      "type": "Feature",
      "geometry": {
        "type": "LineString",
        "coordinates": [
          [
            -0.4876085,
            51.4728895
          ],
          [
            -0.4876834,
            51.4728878
          ]
        ]
      },
      "properties": {
        "highway": "footway",
        "indoor": "yes",
        "level": "3",
        "osm_id": 1179989964,
        "osm_type": "way",
        "_category": "yes",
        "_level": 3,
        "_source": "level_3"
      }
    },
    {
      "type": "Feature",
      "geometry": {
        "type": "LineString",
        "coordinates": [
          [
            -0.4876082,
            51.4728651
          ],
          [
            -0.4876832,
            51.4728634
          ]
        ]
      },
      "properties": {
        "highway": "footway",
        "indoor": "yes",
        "level": "3",
        "osm_id": 1179989966,
        "osm_type": "way",
        "_category": "yes",
        "_level": 3,
        "_source": "level_3"
      }
    },
    {
      "type": "Feature",
      "geometry": {
        "type": "LineString",
        "coordinates": [
          [
            -0.4878251,
            51.4715081
          ],
          [
            -0.487827,
            51.4718219
          ],
          [
            -0.4878287,
            51.4720286
          ],
          [
            -0.4878303,
            51.472359
          ],
          [
            -0.4878286,
            51.4724126
          ],
          [
            -0.4876793,
            51.4724102
          ],
          [
            -0.4876832,
            51.4728634
          ],
          [
            -0.4876834,
            51.4728878
          ],
          [
            -0.4876554,
            51.4729786
          ]
        ]
      },
      "properties": {
        "highway": "footway",
        "indoor": "yes",
        "level": "3",
        "osm_id": 1179989972,
        "osm_type": "way",
        "_category": "yes",
        "_level": 3,
        "_source": "level_3"
      }
    },
    {
      "type": "Feature",
      "geometry": {
        "type": "LineString",
        "coordinates": [
          [
            -0.4877598,
            51.4704913
          ],
          [
            -0.48776,
            51.4704345
          ]
        ]
      },
      "properties": {
        "highway": "footway",
        "indoor": "yes",
        "level": "3",
        "osm_id": 1179989993,
        "osm_type": "way",
        "_category": "yes",
        "_level": 3,
        "_source": "level_3"
      }
    },
    {
      "type": "Feature",
      "geometry": {
        "type": "LineString",
        "coordinates": [
          [
            -0.4878271,
            51.4704345
          ],
          [
            -0.487827,
            51.4704914
          ]
        ]
      },
      "properties": {
        "highway": "footway",
        "indoor": "yes",
        "level": "3",
        "osm_id": 1179989996,
        "osm_type": "way",
        "_category": "yes",
        "_level": 3,
        "_source": "level_3"
      }
    },
    {
      "type": "Feature",
      "geometry": {
        "type": "LineString",
        "coordinates": [
          [
            -0.4868382,
            51.4704333
          ],
          [
            -0.4868372,
            51.4704468
          ]
        ]
      },
      "properties": {
        "highway": "footway",
        "indoor": "yes",
        "level": "3",
        "osm_id": 1180025415,
        "osm_type": "way",
        "_category": "yes",
        "_level": 3,
        "_source": "level_3"
      }
    },
    {
      "type": "Feature",
      "geometry": {
        "type": "LineString",
        "coordinates": [
          [
            -0.4877242,
            51.4704344
          ],
          [
            -0.4868382,
            51.4704333
          ]
        ]
      },
      "properties": {
        "highway": "footway",
        "indoor": "yes",
        "level": "3",
        "osm_id": 1180025422,
        "osm_type": "way",
        "_category": "yes",
        "_level": 3,
        "_source": "level_3"
      }
    },
    {
      "type": "Feature",
      "geometry": {
        "type": "LineString",
        "coordinates": [
          [
            -0.4554891,
            51.4708141
          ],
          [
            -0.4555494,
            51.4707869
          ]
        ]
      },
      "properties": {
        "highway": "footway",
        "indoor": "yes",
        "level": "3",
        "osm_id": 1180196708,
        "osm_type": "way",
        "_category": "yes",
        "_level": 3,
        "_source": "level_3"
      }
    },
    {
      "type": "Feature",
      "geometry": {
        "type": "LineString",
        "coordinates": [
          [
            -0.4563289,
            51.4716187
          ],
          [
            -0.4554891,
            51.4708141
          ],
          [
            -0.4554619,
            51.470788
          ],
          [
            -0.4555209,
            51.4707621
          ]
        ]
      },
      "properties": {
        "highway": "footway",
        "indoor": "yes",
        "level": "3",
        "osm_id": 1180196709,
        "osm_type": "way",
        "_category": "yes",
        "_level": 3,
        "_source": "level_3"
      }
    },
    {
      "type": "Feature",
      "geometry": {
        "type": "LineString",
        "coordinates": [
          [
            -0.4563441,
            51.4716331
          ],
          [
            -0.4563504,
            51.4716305
          ]
        ]
      },
      "properties": {
        "highway": "footway",
        "indoor": "yes",
        "level": "3",
        "osm_id": 1180196728,
        "osm_type": "way",
        "_category": "yes",
        "_level": 3,
        "_source": "level_3"
      }
    },
    {
      "type": "Feature",
      "geometry": {
        "type": "LineString",
        "coordinates": [
          [
            -0.4563545,
            51.471643
          ],
          [
            -0.4563608,
            51.4716405
          ]
        ]
      },
      "properties": {
        "highway": "footway",
        "indoor": "yes",
        "level": "3",
        "osm_id": 1180196729,
        "osm_type": "way",
        "_category": "yes",
        "_level": 3,
        "_source": "level_3"
      }
    },
    {
      "type": "Feature",
      "geometry": {
        "type": "LineString",
        "coordinates": [
          [
            -0.4563666,
            51.4716546
          ],
          [
            -0.4563545,
            51.471643
          ],
          [
            -0.4563441,
            51.4716331
          ],
          [
            -0.4563289,
            51.4716187
          ],
          [
            -0.4563354,
            51.4716161
          ]
        ]
      },
      "properties": {
        "highway": "footway",
        "indoor": "yes",
        "level": "3",
        "osm_id": 1180196730,
        "osm_type": "way",
        "_category": "yes",
        "_level": 3,
        "_source": "level_3"
      }
    },
    {
      "type": "Feature",
      "geometry": {
        "type": "LineString",
        "coordinates": [
          [
            -0.4563859,
            51.471666
          ],
          [
            -0.4563805,
            51.4716681
          ],
          [
            -0.4563666,
            51.4716546
          ],
          [
            -0.4563725,
            51.4716524
          ]
        ]
      },
      "properties": {
        "highway": "footway",
        "indoor": "yes",
        "level": "3",
        "osm_id": 1180196733,
        "osm_type": "way",
        "_category": "yes",
        "_level": 3,
        "_source": "level_3"
      }
    },
    {
      "type": "Feature",
      "geometry": {
        "type": "LineString",
        "coordinates": [
          [
            -0.4889532,
            51.4717088
          ],
          [
            -0.4889536,
            51.4717457
          ]
        ]
      },
      "properties": {
        "highway": "footway",
        "indoor": "yes",
        "level": "3",
        "osm_id": 1461185197,
        "osm_type": "way",
        "_category": "yes",
        "_level": 3,
        "_source": "level_3"
      }
    },
    {
      "type": "Feature",
      "geometry": {
        "type": "LineString",
        "coordinates": [
          [
            -0.4888707,
            51.470446
          ],
          [
            -0.4889443,
            51.4704458
          ],
          [
            -0.4890474,
            51.4704455
          ],
          [
            -0.4891566,
            51.4704452
          ],
          [
            -0.4894437,
            51.4704446
          ]
        ]
      },
      "properties": {
        "highway": "footway",
        "indoor": "yes",
        "level": "3",
        "osm_id": 1461185280,
        "osm_type": "way",
        "_category": "yes",
        "_level": 3,
        "_source": "level_3"
      }
    },
    {
      "type": "Feature",
      "geometry": {
        "type": "LineString",
        "coordinates": [
          [
            -0.4888688,
            51.4702174
          ],
          [
            -0.4890202,
            51.4702171
          ],
          [
            -0.4890203,
            51.4702367
          ]
        ]
      },
      "properties": {
        "highway": "footway",
        "indoor": "yes",
        "level": "3",
        "osm_id": 1461185283,
        "osm_type": "way",
        "_category": "yes",
        "_level": 3,
        "_source": "level_3"
      }
    },
    {
      "type": "Feature",
      "geometry": {
        "type": "LineString",
        "coordinates": [
          [
            -0.4889446,
            51.4704831
          ],
          [
            -0.4889443,
            51.4704458
          ]
        ]
      },
      "properties": {
        "highway": "footway",
        "indoor": "yes",
        "level": "3",
        "osm_id": 1461185289,
        "osm_type": "way",
        "_category": "yes",
        "_level": 3,
        "_source": "level_3"
      }
    },
    {
      "type": "Feature",
      "geometry": {
        "type": "LineString",
        "coordinates": [
          [
            -0.4890474,
            51.4704455
          ],
          [
            -0.4890476,
            51.4704826
          ]
        ]
      },
      "properties": {
        "highway": "footway",
        "indoor": "yes",
        "level": "3",
        "osm_id": 1461185294,
        "osm_type": "way",
        "_category": "yes",
        "_level": 3,
        "_source": "level_3"
      }
    },
    {
      "type": "Feature",
      "geometry": {
        "type": "LineString",
        "coordinates": [
          [
            -0.4895375,
            51.4704136
          ],
          [
            -0.489508,
            51.4704136
          ],
          [
            -0.489508,
            51.4703997
          ]
        ]
      },
      "properties": {
        "highway": "footway",
        "indoor": "yes",
        "level": "3",
        "osm_id": 1461185316,
        "osm_type": "way",
        "_category": "yes",
        "_level": 3,
        "_source": "level_3"
      }
    },
    {
      "type": "Feature",
      "geometry": {
        "type": "LineString",
        "coordinates": [
          [
            -0.4894824,
            51.4703996
          ],
          [
            -0.4894823,
            51.4704136
          ],
          [
            -0.489508,
            51.4704136
          ]
        ]
      },
      "properties": {
        "highway": "footway",
        "indoor": "yes",
        "level": "3",
        "osm_id": 1461185323,
        "osm_type": "way",
        "_category": "yes",
        "_level": 3,
        "_source": "level_3"
      }
    },
    {
      "type": "Feature",
      "geometry": {
        "type": "LineString",
        "coordinates": [
          [
            -0.489536,
            51.4714288
          ],
          [
            -0.4895062,
            51.4714289
          ]
        ]
      },
      "properties": {
        "highway": "footway",
        "indoor": "yes",
        "level": "3",
        "osm_id": 1461185324,
        "osm_type": "way",
        "_category": "yes",
        "_level": 3,
        "_source": "level_3"
      }
    },
    {
      "type": "Feature",
      "geometry": {
        "type": "LineString",
        "coordinates": [
          [
            -0.4894811,
            51.471443
          ],
          [
            -0.4894807,
            51.471429
          ],
          [
            -0.4895062,
            51.4714289
          ]
        ]
      },
      "properties": {
        "highway": "footway",
        "indoor": "yes",
        "level": "3",
        "osm_id": 1461185330,
        "osm_type": "way",
        "_category": "yes",
        "_level": 3,
        "_source": "level_3"
      }
    },
    {
      "type": "Feature",
      "geometry": {
        "type": "LineString",
        "coordinates": [
          [
            -0.4889513,
            51.4711381
          ],
          [
            -0.488951,
            51.4711012
          ]
        ]
      },
      "properties": {
        "highway": "footway",
        "indoor": "yes",
        "level": "3",
        "osm_id": 1461185337,
        "osm_type": "way",
        "_category": "yes",
        "_level": 3,
        "_source": "level_3"
      }
    },
    {
      "type": "Feature",
      "geometry": {
        "type": "LineString",
        "coordinates": [
          [
            -0.4888761,
            51.4711016
          ],
          [
            -0.488951,
            51.4711012
          ],
          [
            -0.4890282,
            51.4710988
          ],
          [
            -0.4890496,
            51.4710981
          ],
          [
            -0.4891634,
            51.4711007
          ],
          [
            -0.4894386,
            51.4710999
          ]
        ]
      },
      "properties": {
        "highway": "footway",
        "indoor": "yes",
        "level": "3",
        "surface": "paving_stones",
        "osm_id": 1461185343,
        "osm_type": "way",
        "_category": "yes",
        "_level": 3,
        "_source": "level_3"
      }
    },
    {
      "type": "Feature",
      "geometry": {
        "type": "LineString",
        "coordinates": [
          [
            -0.4888742,
            51.4708724
          ],
          [
            -0.4890269,
            51.4708721
          ],
          [
            -0.489027,
            51.4708917
          ]
        ]
      },
      "properties": {
        "highway": "footway",
        "indoor": "yes",
        "level": "3",
        "osm_id": 1461185359,
        "osm_type": "way",
        "_category": "yes",
        "_level": 3,
        "_source": "level_3"
      }
    },
    {
      "type": "Feature",
      "geometry": {
        "type": "LineString",
        "coordinates": [
          [
            -0.4888834,
            51.4719752
          ],
          [
            -0.4890346,
            51.4719742
          ],
          [
            -0.4890343,
            51.4719546
          ]
        ]
      },
      "properties": {
        "highway": "footway",
        "indoor": "yes",
        "level": "3",
        "osm_id": 1461185360,
        "osm_type": "way",
        "_category": "yes",
        "_level": 3,
        "_source": "level_3"
      }
    },
    {
      "type": "Feature",
      "geometry": {
        "type": "LineString",
        "coordinates": [
          [
            -0.4888925,
            51.4730797
          ],
          [
            -0.4888902,
            51.4728049
          ],
          [
            -0.4888899,
            51.4727656
          ],
          [
            -0.4888895,
            51.4727206
          ],
          [
            -0.4888879,
            51.4725237
          ],
          [
            -0.4888865,
            51.4723546
          ],
          [
            -0.4888834,
            51.4719752
          ],
          [
            -0.4888822,
            51.4718371
          ],
          [
            -0.4888815,
            51.471746
          ],
          [
            -0.4888761,
            51.4711016
          ],
          [
            -0.4888742,
            51.4708724
          ],
          [
            -0.4888736,
            51.4707932
          ],
          [
            -0.4888731,
            51.4707358
          ],
          [
            -0.4888707,
            51.470446
          ],
          [
            -0.4888703,
            51.4703969
          ],
          [
            -0.4888688,
            51.4702174
          ]
        ]
      },
      "properties": {
        "highway": "footway",
        "indoor": "yes",
        "level": "3",
        "osm_id": 1461185383,
        "osm_type": "way",
        "_category": "yes",
        "_level": 3,
        "_source": "level_3"
      }
    },
    {
      "type": "Feature",
      "geometry": {
        "type": "LineString",
        "coordinates": [
          [
            -0.4888731,
            51.4707358
          ],
          [
            -0.4884637,
            51.4707342
          ],
          [
            -0.4880281,
            51.4707325
          ]
        ]
      },
      "properties": {
        "highway": "footway",
        "indoor": "yes",
        "level": "3",
        "oneway:foot": "yes",
        "osm_id": 1461185387,
        "osm_type": "way",
        "_category": "yes",
        "_level": 3,
        "_source": "level_3"
      }
    },
    {
      "type": "Feature",
      "geometry": {
        "type": "LineString",
        "coordinates": [
          [
            -0.4888822,
            51.4718371
          ],
          [
            -0.4885357,
            51.4718359
          ],
          [
            -0.4885369,
            51.4717081
          ],
          [
            -0.4884984,
            51.471708
          ]
        ]
      },
      "properties": {
        "highway": "footway",
        "indoor": "yes",
        "level": "3",
        "osm_id": 1461185388,
        "osm_type": "way",
        "_category": "yes",
        "_level": 3,
        "_source": "level_3"
      }
    },
    {
      "type": "Feature",
      "geometry": {
        "type": "LineString",
        "coordinates": [
          [
            -0.4878083,
            51.4729778
          ],
          [
            -0.4878068,
            51.4729043
          ]
        ]
      },
      "properties": {
        "highway": "footway",
        "indoor": "yes",
        "level": "3",
        "osm_id": 1461185389,
        "osm_type": "way",
        "_category": "yes",
        "_level": 3,
        "_source": "level_3"
      }
    },
    {
      "type": "Feature",
      "geometry": {
        "type": "LineString",
        "coordinates": [
          [
            -0.4877575,
            51.4729043
          ],
          [
            -0.487759,
            51.4729781
          ]
        ]
      },
      "properties": {
        "highway": "footway",
        "indoor": "yes",
        "level": "3",
        "osm_id": 1461185390,
        "osm_type": "way",
        "_category": "yes",
        "_level": 3,
        "_source": "level_3"
      }
    },
    {
      "type": "Feature",
      "geometry": {
        "type": "LineString",
        "coordinates": [
          [
            -0.489466,
            51.4730343
          ],
          [
            -0.4894659,
            51.4730203
          ],
          [
            -0.4894914,
            51.4730202
          ]
        ]
      },
      "properties": {
        "highway": "footway",
        "indoor": "yes",
        "level": "3",
        "osm_id": 1461185394,
        "osm_type": "way",
        "_category": "yes",
        "_level": 3,
        "_source": "level_3"
      }
    },
    {
      "type": "Feature",
      "geometry": {
        "type": "LineString",
        "coordinates": [
          [
            -0.487828,
            51.4701574
          ],
          [
            -0.4878277,
            51.4702593
          ]
        ]
      },
      "properties": {
        "highway": "footway",
        "indoor": "yes",
        "level": "3",
        "osm_id": 1461185405,
        "osm_type": "way",
        "_category": "yes",
        "_level": 3,
        "_source": "level_3"
      }
    },
    {
      "type": "Feature",
      "geometry": {
        "type": "LineString",
        "coordinates": [
          [
            -0.4878617,
            51.4702593
          ],
          [
            -0.4878612,
            51.4704346
          ],
          [
            -0.4878271,
            51.4704345
          ],
          [
            -0.48776,
            51.4704345
          ],
          [
            -0.4877242,
            51.4704344
          ]
        ]
      },
      "properties": {
        "highway": "footway",
        "indoor": "yes",
        "level": "3",
        "surface": "paving_stones",
        "osm_id": 1461185406,
        "osm_type": "way",
        "_category": "yes",
        "_level": 3,
        "_source": "level_3"
      }
    },
    {
      "type": "Feature",
      "geometry": {
        "type": "LineString",
        "coordinates": [
          [
            -0.4877605,
            51.4702592
          ],
          [
            -0.4877609,
            51.4701565
          ]
        ]
      },
      "properties": {
        "highway": "footway",
        "indoor": "yes",
        "level": "3",
        "osm_id": 1461185408,
        "osm_type": "way",
        "_category": "yes",
        "_level": 3,
        "_source": "level_3"
      }
    },
    {
      "type": "Feature",
      "geometry": {
        "type": "LineString",
        "coordinates": [
          [
            -0.4877605,
            51.4702592
          ],
          [
            -0.4877605,
            51.4702727
          ]
        ]
      },
      "properties": {
        "highway": "footway",
        "indoor": "yes",
        "level": "3",
        "surface": "paving_stones",
        "osm_id": 1461185409,
        "osm_type": "way",
        "_category": "yes",
        "_level": 3,
        "_source": "level_3"
      }
    },
    {
      "type": "Feature",
      "geometry": {
        "type": "LineString",
        "coordinates": [
          [
            -0.4878276,
            51.4702727
          ],
          [
            -0.4878277,
            51.4702593
          ]
        ]
      },
      "properties": {
        "highway": "footway",
        "indoor": "yes",
        "level": "3",
        "surface": "paving_stones",
        "osm_id": 1461185410,
        "osm_type": "way",
        "_category": "yes",
        "_level": 3,
        "_source": "level_3"
      }
    },
    {
      "type": "Feature",
      "geometry": {
        "type": "LineString",
        "coordinates": [
          [
            -0.4895181,
            51.4727605
          ],
          [
            -0.4895532,
            51.4727604
          ]
        ]
      },
      "properties": {
        "covered": "yes",
        "highway": "footway",
        "indoor": "yes",
        "level": "3",
        "osm_id": 1461185418,
        "osm_type": "way",
        "_category": "yes",
        "_level": 3,
        "_source": "level_3"
      }
    },
    {
      "type": "Feature",
      "geometry": {
        "type": "LineString",
        "coordinates": [
          [
            -0.4890512,
            51.4727397
          ],
          [
            -0.4890508,
            51.47272
          ]
        ]
      },
      "properties": {
        "highway": "footway",
        "indoor": "yes",
        "level": "3",
        "osm_id": 1461185421,
        "osm_type": "way",
        "_category": "yes",
        "_level": 3,
        "_source": "level_3"
      }
    },
    {
      "type": "Feature",
      "geometry": {
        "type": "LineString",
        "coordinates": [
          [
            -0.4890774,
            51.4727199
          ],
          [
            -0.4890773,
            51.4726829
          ]
        ]
      },
      "properties": {
        "highway": "footway",
        "indoor": "yes",
        "level": "3",
        "osm_id": 1461185422,
        "osm_type": "way",
        "_category": "yes",
        "_level": 3,
        "_source": "level_3"
      }
    },
    {
      "type": "Feature",
      "geometry": {
        "type": "LineString",
        "coordinates": [
          [
            -0.4892314,
            51.4723527
          ],
          [
            -0.4891764,
            51.472353
          ],
          [
            -0.4888865,
            51.4723546
          ]
        ]
      },
      "properties": {
        "highway": "footway",
        "indoor": "yes",
        "level": "3",
        "osm_id": 1461185423,
        "osm_type": "way",
        "_category": "yes",
        "_level": 3,
        "_source": "level_3"
      }
    },
    {
      "type": "Feature",
      "geometry": {
        "type": "LineString",
        "coordinates": [
          [
            -0.4892331,
            51.4725223
          ],
          [
            -0.4892314,
            51.4723527
          ],
          [
            -0.4892303,
            51.4722422
          ]
        ]
      },
      "properties": {
        "highway": "footway",
        "indoor": "yes",
        "level": "3",
        "osm_id": 1461185424,
        "osm_type": "way",
        "_category": "yes",
        "_level": 3,
        "_source": "level_3"
      }
    },
    {
      "type": "Feature",
      "geometry": {
        "type": "LineString",
        "coordinates": [
          [
            -0.4893478,
            51.4722122
          ],
          [
            -0.4893481,
            51.4722417
          ]
        ]
      },
      "properties": {
        "highway": "footway",
        "indoor": "yes",
        "level": "3",
        "osm_id": 1461185432,
        "osm_type": "way",
        "_category": "yes",
        "_level": 3,
        "_source": "level_3"
      }
    },
    {
      "type": "Feature",
      "geometry": {
        "type": "LineString",
        "coordinates": [
          [
            -0.4892692,
            51.4722125
          ],
          [
            -0.4892695,
            51.472242
          ]
        ]
      },
      "properties": {
        "highway": "footway",
        "indoor": "yes",
        "level": "3",
        "osm_id": 1461185435,
        "osm_type": "way",
        "_category": "yes",
        "_level": 3,
        "_source": "level_3"
      }
    },
    {
      "type": "Feature",
      "geometry": {
        "type": "LineString",
        "coordinates": [
          [
            -0.4893085,
            51.4722124
          ],
          [
            -0.4893088,
            51.4722419
          ]
        ]
      },
      "properties": {
        "highway": "footway",
        "indoor": "yes",
        "level": "3",
        "osm_id": 1461185436,
        "osm_type": "way",
        "_category": "yes",
        "_level": 3,
        "_source": "level_3"
      }
    },
    {
      "type": "Feature",
      "geometry": {
        "type": "LineString",
        "coordinates": [
          [
            -0.4893871,
            51.472212
          ],
          [
            -0.4893874,
            51.4722416
          ]
        ]
      },
      "properties": {
        "highway": "footway",
        "indoor": "yes",
        "level": "3",
        "osm_id": 1461185446,
        "osm_type": "way",
        "_category": "yes",
        "_level": 3,
        "_source": "level_3"
      }
    },
    {
      "type": "Feature",
      "geometry": {
        "type": "LineString",
        "coordinates": [
          [
            -0.4894264,
            51.4722119
          ],
          [
            -0.4894267,
            51.4722414
          ],
          [
            -0.4893874,
            51.4722416
          ],
          [
            -0.4893481,
            51.4722417
          ],
          [
            -0.4893088,
            51.4722419
          ],
          [
            -0.4892695,
            51.472242
          ],
          [
            -0.4892303,
            51.4722422
          ]
        ]
      },
      "properties": {
        "highway": "footway",
        "indoor": "yes",
        "level": "3",
        "osm_id": 1461185449,
        "osm_type": "way",
        "_category": "yes",
        "_level": 3,
        "_source": "level_3"
      }
    },
    {
      "type": "Feature",
      "geometry": {
        "type": "LineString",
        "coordinates": [
          [
            -0.489272,
            51.4724926
          ],
          [
            -0.4892724,
            51.4725221
          ]
        ]
      },
      "properties": {
        "highway": "footway",
        "indoor": "yes",
        "level": "3",
        "osm_id": 1461185455,
        "osm_type": "way",
        "_category": "yes",
        "_level": 3,
        "_source": "level_3"
      }
    },
    {
      "type": "Feature",
      "geometry": {
        "type": "LineString",
        "coordinates": [
          [
            -0.4893113,
            51.4724924
          ],
          [
            -0.4893116,
            51.4725219
          ]
        ]
      },
      "properties": {
        "highway": "footway",
        "indoor": "yes",
        "level": "3",
        "osm_id": 1461185456,
        "osm_type": "way",
        "_category": "yes",
        "_level": 3,
        "_source": "level_3"
      }
    },
    {
      "type": "Feature",
      "geometry": {
        "type": "LineString",
        "coordinates": [
          [
            -0.4893506,
            51.4724923
          ],
          [
            -0.4893509,
            51.4725218
          ]
        ]
      },
      "properties": {
        "highway": "footway",
        "indoor": "yes",
        "level": "3",
        "osm_id": 1461185457,
        "osm_type": "way",
        "_category": "yes",
        "_level": 3,
        "_source": "level_3"
      }
    },
    {
      "type": "Feature",
      "geometry": {
        "type": "LineString",
        "coordinates": [
          [
            -0.4893899,
            51.4724921
          ],
          [
            -0.4893902,
            51.4725216
          ]
        ]
      },
      "properties": {
        "highway": "footway",
        "indoor": "yes",
        "level": "3",
        "osm_id": 1461185458,
        "osm_type": "way",
        "_category": "yes",
        "_level": 3,
        "_source": "level_3"
      }
    },
    {
      "type": "Feature",
      "geometry": {
        "type": "LineString",
        "coordinates": [
          [
            -0.4894292,
            51.4724919
          ],
          [
            -0.4894295,
            51.4725214
          ],
          [
            -0.4893902,
            51.4725216
          ],
          [
            -0.4893509,
            51.4725218
          ],
          [
            -0.4893116,
            51.4725219
          ],
          [
            -0.4892724,
            51.4725221
          ],
          [
            -0.4892331,
            51.4725223
          ]
        ]
      },
      "properties": {
        "highway": "footway",
        "indoor": "yes",
        "level": "3",
        "osm_id": 1461185459,
        "osm_type": "way",
        "_category": "yes",
        "_level": 3,
        "_source": "level_3"
      }
    },
    {
      "type": "Feature",
      "geometry": {
        "type": "LineString",
        "coordinates": [
          [
            -0.4878936,
            51.4715087
          ],
          [
            -0.4878936,
            51.47154
          ]
        ]
      },
      "properties": {
        "highway": "footway",
        "indoor": "yes",
        "level": "3",
        "surface": "paving_stones",
        "osm_id": 1461185483,
        "osm_type": "way",
        "_category": "yes",
        "_level": 3,
        "_source": "level_3"
      }
    },
    {
      "type": "Feature",
      "geometry": {
        "type": "LineString",
        "coordinates": [
          [
            -0.4879449,
            51.4715085
          ],
          [
            -0.4879473,
            51.4715398
          ]
        ]
      },
      "properties": {
        "highway": "footway",
        "indoor": "yes",
        "level": "3",
        "surface": "paving_stones",
        "osm_id": 1461185484,
        "osm_type": "way",
        "_category": "yes",
        "_level": 3,
        "_source": "level_3"
      }
    },
    {
      "type": "Feature",
      "geometry": {
        "type": "LineString",
        "coordinates": [
          [
            -0.4878251,
            51.4715081
          ],
          [
            -0.4878179,
            51.4709378
          ],
          [
            -0.4878162,
            51.4707316
          ],
          [
            -0.4880281,
            51.4707325
          ]
        ]
      },
      "properties": {
        "highway": "footway",
        "indoor": "yes",
        "level": "3",
        "osm_id": 1461185485,
        "osm_type": "way",
        "_category": "yes",
        "_level": 3,
        "_source": "level_3"
      }
    },
    {
      "type": "Feature",
      "geometry": {
        "type": "Polygon",
        "coordinates": [
          [
            [
              -0.4880923,
              51.4706973
            ],
            [
              -0.4877485,
              51.4706973
            ],
            [
              -0.4877485,
              51.4707583
            ],
            [
              -0.4870247,
              51.4707583
            ],
            [
              -0.4870247,
              51.4700479
            ],
            [
              -0.4880923,
              51.4700479
            ],
            [
              -0.4880923,
              51.4706973
            ]
          ]
        ]
      },
      "properties": {
        "access": "customers",
        "airside": "yes",
        "amenity": "lounge",
        "bar": "yes",
        "check_date": "2026-02-09",
        "customers": "airline",
        "food": "yes",
        "indoor": "room",
        "internet_access": "wlan",
        "level": "3",
        "membership": "yes",
        "name": "Concorde Lounge",
        "operator": "British Airways",
        "toilets": "yes",
        "osm_id": 1461185486,
        "osm_type": "way",
        "_category": "room",
        "_level": 3,
        "_source": "level_3"
      }
    },
    {
      "type": "Feature",
      "geometry": {
        "type": "LineString",
        "coordinates": [
          [
            -0.4880296,
            51.4716465
          ],
          [
            -0.4880641,
            51.4716465
          ]
        ]
      },
      "properties": {
        "highway": "footway",
        "indoor": "yes",
        "level": "3",
        "osm_id": 1461185487,
        "osm_type": "way",
        "_category": "yes",
        "_level": 3,
        "_source": "level_3"
      }
    },
    {
      "type": "Feature",
      "geometry": {
        "type": "LineString",
        "coordinates": [
          [
            -0.4880296,
            51.4716699
          ],
          [
            -0.4880641,
            51.4716699
          ]
        ]
      },
      "properties": {
        "highway": "footway",
        "indoor": "yes",
        "level": "3",
        "osm_id": 1461185488,
        "osm_type": "way",
        "_category": "yes",
        "_level": 3,
        "_source": "level_3"
      }
    },
    {
      "type": "Feature",
      "geometry": {
        "type": "LineString",
        "coordinates": [
          [
            -0.4880641,
            51.4716961
          ],
          [
            -0.4880296,
            51.471696
          ]
        ]
      },
      "properties": {
        "highway": "footway",
        "indoor": "yes",
        "level": "3",
        "osm_id": 1461185489,
        "osm_type": "way",
        "_category": "yes",
        "_level": 3,
        "_source": "level_3"
      }
    },
    {
      "type": "Feature",
      "geometry": {
        "type": "LineString",
        "coordinates": [
          [
            -0.4880301,
            51.4720973
          ],
          [
            -0.4880292,
            51.4720212
          ],
          [
            -0.4880294,
            51.4718238
          ],
          [
            -0.4880294,
            51.4717989
          ],
          [
            -0.4880296,
            51.471696
          ],
          [
            -0.4880296,
            51.4716699
          ],
          [
            -0.4880296,
            51.4716465
          ],
          [
            -0.4880297,
            51.4715083
          ],
          [
            -0.4880298,
            51.4714774
          ]
        ]
      },
      "properties": {
        "highway": "footway",
        "indoor": "yes",
        "level": "3",
        "osm_id": 1461185498,
        "osm_type": "way",
        "_category": "yes",
        "_level": 3,
        "_source": "level_3"
      }
    },
    {
      "type": "Feature",
      "geometry": {
        "type": "LineString",
        "coordinates": [
          [
            -0.4868374,
            51.4718897
          ],
          [
            -0.4867772,
            51.47189
          ]
        ]
      },
      "properties": {
        "highway": "footway",
        "indoor": "yes",
        "level": "3",
        "osm_id": 1461185501,
        "osm_type": "way",
        "_category": "yes",
        "_level": 3,
        "_source": "level_3"
      }
    },
    {
      "type": "Feature",
      "geometry": {
        "type": "LineString",
        "coordinates": [
          [
            -0.4878287,
            51.4720286
          ],
          [
            -0.4873086,
            51.4720291
          ]
        ]
      },
      "properties": {
        "highway": "footway",
        "indoor": "yes",
        "level": "3",
        "osm_id": 1461185502,
        "osm_type": "way",
        "_category": "yes",
        "_level": 3,
        "_source": "level_3"
      }
    },
    {
      "type": "Feature",
      "geometry": {
        "type": "LineString",
        "coordinates": [
          [
            -0.4876793,
            51.4724102
          ],
          [
            -0.486908,
            51.4724154
          ],
          [
            -0.4869144,
            51.4725742
          ]
        ]
      },
      "properties": {
        "highway": "footway",
        "indoor": "yes",
        "level": "3",
        "osm_id": 1461185503,
        "osm_type": "way",
        "_category": "yes",
        "_level": 3,
        "_source": "level_3"
      }
    },
    {
      "type": "Feature",
      "geometry": {
        "type": "Point",
        "coordinates": [
          -0.4895031,
          51.4704852
        ]
      },
      "properties": {
        "highway": "elevator",
        "indoor": "yes",
        "level": "0;1;1.5;2;2.5;3",
        "level_ref": "0",
        "osm_id": 1501376011,
        "osm_type": "node",
        "_category": "elevator",
        "_level": 0,
        "_source": "level_b1"
      }
    },
    {
      "type": "Feature",
      "geometry": {
        "type": "Point",
        "coordinates": [
          -0.4889532,
          51.4717088
        ]
      },
      "properties": {
        "highway": "elevator",
        "indoor": "yes",
        "level": "0;1;2;3",
        "level_ref": "0",
        "osm_id": 1501376100,
        "osm_type": "node",
        "_category": "elevator",
        "_level": 0,
        "_source": "level_b1"
      }
    },
    {
      "type": "Feature",
      "geometry": {
        "type": "Point",
        "coordinates": [
          -0.4893506,
          51.4724923
        ]
      },
      "properties": {
        "highway": "elevator",
        "indoor": "yes",
        "level": "-3;-1;0;3",
        "osm_id": 1501376177,
        "osm_type": "node",
        "_category": "elevator",
        "_level": -3,
        "_source": "level_b1"
      }
    },
    {
      "type": "Feature",
      "geometry": {
        "type": "Point",
        "coordinates": [
          -0.4893899,
          51.4724921
        ]
      },
      "properties": {
        "highway": "elevator",
        "indoor": "yes",
        "level": "-3;-1;0;3",
        "osm_id": 1501376189,
        "osm_type": "node",
        "_category": "elevator",
        "_level": -3,
        "_source": "level_b1"
      }
    },
    {
      "type": "Feature",
      "geometry": {
        "type": "Point",
        "coordinates": [
          -0.4894292,
          51.4724919
        ]
      },
      "properties": {
        "highway": "elevator",
        "indoor": "yes",
        "level": "-3;-1;0;3",
        "osm_id": 1501376194,
        "osm_type": "node",
        "_category": "elevator",
        "_level": -3,
        "_source": "level_b1"
      }
    },
    {
      "type": "Feature",
      "geometry": {
        "type": "Point",
        "coordinates": [
          -0.489515,
          51.4726891
        ]
      },
      "properties": {
        "highway": "elevator",
        "indoor": "yes",
        "level": "0;1;1.5;2;2.5;3",
        "level_ref": "0",
        "osm_id": 1501376209,
        "osm_type": "node",
        "_category": "elevator",
        "_level": 0,
        "_source": "level_b1"
      }
    },
    {
      "type": "Feature",
      "geometry": {
        "type": "Point",
        "coordinates": [
          -0.4895181,
          51.4727605
        ]
      },
      "properties": {
        "highway": "elevator",
        "indoor": "yes",
        "level": "0;1;1.5;2;2.5;3",
        "osm_id": 1501376220,
        "osm_type": "node",
        "_category": "elevator",
        "_level": 0,
        "_source": "level_b1"
      }
    },
    {
      "type": "Feature",
      "geometry": {
        "type": "Point",
        "coordinates": [
          -0.4763572,
          51.4715163
        ]
      },
      "properties": {
        "fixme": "level=*;* needs setting for elevator",
        "highway": "elevator",
        "osm_id": 4360359460,
        "osm_type": "node",
        "_category": "elevator",
        "_level": null,
        "_source": "level_b1"
      }
    },
    {
      "type": "Feature",
      "geometry": {
        "type": "Point",
        "coordinates": [
          -0.4574452,
          51.470554
        ]
      },
      "properties": {
        "highway": "elevator",
        "level": "0;-1",
        "osm_id": 4436130422,
        "osm_type": "node",
        "_category": "elevator",
        "_level": 0,
        "_source": "level_b1"
      }
    },
    {
      "type": "Feature",
      "geometry": {
        "type": "Point",
        "coordinates": [
          -0.4525328,
          51.4713415
        ]
      },
      "properties": {
        "highway": "elevator",
        "indoor": "yes",
        "level": "-4;-2",
        "wheelchair": "yes",
        "osm_id": 5481888061,
        "osm_type": "node",
        "_category": "elevator",
        "_level": -4,
        "_source": "level_b1"
      }
    },
    {
      "type": "Feature",
      "geometry": {
        "type": "Point",
        "coordinates": [
          -0.4525052,
          51.4713657
        ]
      },
      "properties": {
        "highway": "elevator",
        "indoor": "yes",
        "level": "-4;-2",
        "wheelchair": "yes",
        "osm_id": 5481888416,
        "osm_type": "node",
        "_category": "elevator",
        "_level": -4,
        "_source": "level_b1"
      }
    },
    {
      "type": "Feature",
      "geometry": {
        "type": "Point",
        "coordinates": [
          -0.4514901,
          51.4703595
        ]
      },
      "properties": {
        "highway": "elevator",
        "indoor": "yes",
        "level": "0;1;5",
        "osm_id": 6468096525,
        "osm_type": "node",
        "_category": "elevator",
        "_level": 0,
        "_source": "level_b1"
      }
    },
    {
      "type": "Feature",
      "geometry": {
        "type": "Point",
        "coordinates": [
          -0.476323,
          51.4712605
        ]
      },
      "properties": {
        "highway": "elevator",
        "indoor": "yes",
        "level": "1;2",
        "osm_id": 10228438657,
        "osm_type": "node",
        "_category": "elevator",
        "_level": 1,
        "_source": "level_b1"
      }
    },
    {
      "type": "Feature",
      "geometry": {
        "type": "Point",
        "coordinates": [
          -0.4763274,
          51.4720691
        ]
      },
      "properties": {
        "highway": "elevator",
        "indoor": "yes",
        "level": "1;2",
        "osm_id": 10228438671,
        "osm_type": "node",
        "_category": "elevator",
        "_level": 1,
        "_source": "level_b1"
      }
    },
    {
      "type": "Feature",
      "geometry": {
        "type": "Point",
        "coordinates": [
          -0.4528676,
          51.4712144
        ]
      },
      "properties": {
        "highway": "elevator",
        "indoor": "yes",
        "level": "0;-1",
        "osm_id": 10945644094,
        "osm_type": "node",
        "_category": "elevator",
        "_level": 0,
        "_source": "level_b1"
      }
    },
    {
      "type": "Feature",
      "geometry": {
        "type": "Point",
        "coordinates": [
          -0.4529043,
          51.4711861
        ]
      },
      "properties": {
        "highway": "elevator",
        "indoor": "yes",
        "level": "0;-1",
        "osm_id": 10945644096,
        "osm_type": "node",
        "_category": "elevator",
        "_level": 0,
        "_source": "level_b1"
      }
    },
    {
      "type": "Feature",
      "geometry": {
        "type": "Point",
        "coordinates": [
          -0.4895055,
          51.4705168
        ]
      },
      "properties": {
        "highway": "elevator",
        "indoor": "yes",
        "level": "0;1;1.5;2;2.5;3",
        "level_ref": "0",
        "osm_id": 10945790366,
        "osm_type": "node",
        "_category": "elevator",
        "_level": 0,
        "_source": "level_b1"
      }
    },
    {
      "type": "Feature",
      "geometry": {
        "type": "Point",
        "coordinates": [
          -0.4890545,
          51.4711376
        ]
      },
      "properties": {
        "highway": "elevator",
        "indoor": "yes",
        "level": "0;1;2;3",
        "level_ref": "0",
        "osm_id": 10945790370,
        "osm_type": "node",
        "_category": "elevator",
        "_level": 0,
        "_source": "level_b1"
      }
    },
    {
      "type": "Feature",
      "geometry": {
        "type": "Point",
        "coordinates": [
          -0.4889513,
          51.4711381
        ]
      },
      "properties": {
        "highway": "elevator",
        "indoor": "yes",
        "level": "0;1;2;3",
        "level_ref": "0",
        "osm_id": 10946139598,
        "osm_type": "node",
        "_category": "elevator",
        "_level": 0,
        "_source": "level_b1"
      }
    },
    {
      "type": "Feature",
      "geometry": {
        "type": "Point",
        "coordinates": [
          -0.4895006,
          51.4710384
        ]
      },
      "properties": {
        "highway": "elevator",
        "indoor": "yes",
        "level": "0;1;1.5;2;2.5;3",
        "level_ref": "0",
        "osm_id": 10946153145,
        "osm_type": "node",
        "_category": "elevator",
        "_level": 0,
        "_source": "level_b1"
      }
    },
    {
      "type": "Feature",
      "geometry": {
        "type": "Point",
        "coordinates": [
          -0.4895075,
          51.4711737
        ]
      },
      "properties": {
        "highway": "elevator",
        "indoor": "yes",
        "level": "0;1;1.5;2;2.5;3",
        "level_ref": "0",
        "osm_id": 10946153146,
        "osm_type": "node",
        "_category": "elevator",
        "_level": 0,
        "_source": "level_b1"
      }
    },
    {
      "type": "Feature",
      "geometry": {
        "type": "Point",
        "coordinates": [
          -0.4895051,
          51.471142
        ]
      },
      "properties": {
        "highway": "elevator",
        "indoor": "yes",
        "level": "0;1;1.5;2;2.5;3",
        "level_ref": "0",
        "osm_id": 10946153147,
        "osm_type": "node",
        "_category": "elevator",
        "_level": 0,
        "_source": "level_b1"
      }
    },
    {
      "type": "Feature",
      "geometry": {
        "type": "Point",
        "coordinates": [
          -0.4759625,
          51.4711425
        ]
      },
      "properties": {
        "highway": "elevator",
        "indoor": "yes",
        "level": "-2;1",
        "osm_id": 10946651246,
        "osm_type": "node",
        "_category": "elevator",
        "_level": -2,
        "_source": "level_b1"
      }
    },
    {
      "type": "Feature",
      "geometry": {
        "type": "Point",
        "coordinates": [
          -0.4761856,
          51.4707008
        ]
      },
      "properties": {
        "highway": "elevator",
        "indoor": "yes",
        "level": "-2;0;2",
        "osm_id": 10946651281,
        "osm_type": "node",
        "_category": "elevator",
        "_level": -2,
        "_source": "level_b1"
      }
    },
    {
      "type": "Feature",
      "geometry": {
        "type": "Point",
        "coordinates": [
          -0.476187,
          51.470743
        ]
      },
      "properties": {
        "highway": "elevator",
        "indoor": "yes",
        "level": "-2;0;2",
        "osm_id": 10946651282,
        "osm_type": "node",
        "_category": "elevator",
        "_level": -2,
        "_source": "level_b1"
      }
    },
    {
      "type": "Feature",
      "geometry": {
        "type": "Point",
        "coordinates": [
          -0.4761839,
          51.4706523
        ]
      },
      "properties": {
        "highway": "elevator",
        "indoor": "yes",
        "level": "-2;0;2",
        "osm_id": 10946651283,
        "osm_type": "node",
        "_category": "elevator",
        "_level": -2,
        "_source": "level_b1"
      }
    },
    {
      "type": "Feature",
      "geometry": {
        "type": "Point",
        "coordinates": [
          -0.4759603,
          51.4709634
        ]
      },
      "properties": {
        "highway": "elevator",
        "indoor": "yes",
        "level": "-4;-2;0;1;2",
        "osm_id": 10946651287,
        "osm_type": "node",
        "_category": "elevator",
        "_level": -4,
        "_source": "level_b1"
      }
    },
    {
      "type": "Feature",
      "geometry": {
        "type": "Point",
        "coordinates": [
          -0.47596,
          51.471036
        ]
      },
      "properties": {
        "highway": "elevator",
        "indoor": "yes",
        "level": "-4;-2;0;1",
        "osm_id": 10946651288,
        "osm_type": "node",
        "_category": "elevator",
        "_level": -4,
        "_source": "level_b1"
      }
    },
    {
      "type": "Feature",
      "geometry": {
        "type": "Point",
        "coordinates": [
          -0.4759593,
          51.470933
        ]
      },
      "properties": {
        "highway": "elevator",
        "indoor": "yes",
        "level": "-2;0;1;2",
        "osm_id": 10946651289,
        "osm_type": "node",
        "_category": "elevator",
        "_level": -2,
        "_source": "level_b1"
      }
    },
    {
      "type": "Feature",
      "geometry": {
        "type": "Point",
        "coordinates": [
          -0.4759599,
          51.471067
        ]
      },
      "properties": {
        "highway": "elevator",
        "indoor": "yes",
        "level": "-2;0;1",
        "osm_id": 10946651290,
        "osm_type": "node",
        "_category": "elevator",
        "_level": -2,
        "_source": "level_b1"
      }
    },
    {
      "type": "Feature",
      "geometry": {
        "type": "Point",
        "coordinates": [
          -0.4759617,
          51.4710024
        ]
      },
      "properties": {
        "highway": "elevator",
        "indoor": "yes",
        "level": "-4;-2;0;1",
        "osm_id": 10946651291,
        "osm_type": "node",
        "_category": "elevator",
        "_level": -4,
        "_source": "level_b1"
      }
    },
    {
      "type": "Feature",
      "geometry": {
        "type": "Point",
        "coordinates": [
          -0.4894926,
          51.4716824
        ]
      },
      "properties": {
        "highway": "elevator",
        "indoor": "yes",
        "level": "0;1;1.5;2;2.5;3",
        "level_ref": "0",
        "osm_id": 10956923851,
        "osm_type": "node",
        "_category": "elevator",
        "_level": 0,
        "_source": "level_b1"
      }
    },
    {
      "type": "Feature",
      "geometry": {
        "type": "Point",
        "coordinates": [
          -0.489494,
          51.4717146
        ]
      },
      "properties": {
        "highway": "elevator",
        "indoor": "yes",
        "level": "0;1;1.5;2;2.5;3",
        "level_ref": "0",
        "osm_id": 10956923852,
        "osm_type": "node",
        "_category": "elevator",
        "_level": 0,
        "_source": "level_b1"
      }
    },
    {
      "type": "Feature",
      "geometry": {
        "type": "Point",
        "coordinates": [
          -0.4894995,
          51.4718177
        ]
      },
      "properties": {
        "highway": "elevator",
        "indoor": "yes",
        "level": "0;1;1.5;2;2.5;3",
        "level_ref": "0",
        "osm_id": 10956923853,
        "osm_type": "node",
        "_category": "elevator",
        "_level": 0,
        "_source": "level_b1"
      }
    },
    {
      "type": "Feature",
      "geometry": {
        "type": "Point",
        "coordinates": [
          -0.4894972,
          51.471786
        ]
      },
      "properties": {
        "highway": "elevator",
        "indoor": "yes",
        "level": "0;1;1.5;2;2.5;3",
        "level_ref": "0",
        "osm_id": 10956923854,
        "osm_type": "node",
        "_category": "elevator",
        "_level": 0,
        "_source": "level_b1"
      }
    },
    {
      "type": "Feature",
      "geometry": {
        "type": "Point",
        "coordinates": [
          -0.4890564,
          51.4717084
        ]
      },
      "properties": {
        "highway": "elevator",
        "indoor": "yes",
        "level": "0;1;2;3",
        "level_ref": "0",
        "osm_id": 10957041503,
        "osm_type": "node",
        "_category": "elevator",
        "_level": 0,
        "_source": "level_b1"
      }
    },
    {
      "type": "Feature",
      "geometry": {
        "type": "Point",
        "coordinates": [
          -0.4890773,
          51.4726829
        ]
      },
      "properties": {
        "highway": "elevator",
        "indoor": "yes",
        "level": "0;1;2;3",
        "osm_id": 10957568108,
        "osm_type": "node",
        "_category": "elevator",
        "_level": 0,
        "_source": "level_b1"
      }
    },
    {
      "type": "Feature",
      "geometry": {
        "type": "Point",
        "coordinates": [
          -0.4889741,
          51.4726833
        ]
      },
      "properties": {
        "highway": "elevator",
        "indoor": "yes",
        "level": "0;1;2;3",
        "osm_id": 10957568109,
        "osm_type": "node",
        "_category": "elevator",
        "_level": 0,
        "_source": "level_b1"
      }
    },
    {
      "type": "Feature",
      "geometry": {
        "type": "Point",
        "coordinates": [
          -0.4895135,
          51.4726569
        ]
      },
      "properties": {
        "highway": "elevator",
        "indoor": "yes",
        "level": "0;1;1.5;2;2.5;3",
        "level_ref": "0",
        "osm_id": 10957568130,
        "osm_type": "node",
        "_category": "elevator",
        "_level": 0,
        "_source": "level_b1"
      }
    },
    {
      "type": "Feature",
      "geometry": {
        "type": "Point",
        "coordinates": [
          -0.4895204,
          51.4727922
        ]
      },
      "properties": {
        "highway": "elevator",
        "indoor": "yes",
        "level": "0;1;1.5;2;2.5;3",
        "osm_id": 10957568132,
        "osm_type": "node",
        "_category": "elevator",
        "_level": 0,
        "_source": "level_b1"
      }
    },
    {
      "type": "Feature",
      "geometry": {
        "type": "Point",
        "coordinates": [
          -0.4883977,
          51.4717265
        ]
      },
      "properties": {
        "highway": "elevator",
        "indoor": "yes",
        "level": "0;1",
        "level_ref": "0",
        "osm_id": 10957651633,
        "osm_type": "node",
        "_category": "elevator",
        "_level": 0,
        "_source": "level_b1"
      }
    },
    {
      "type": "Feature",
      "geometry": {
        "type": "Point",
        "coordinates": [
          -0.4883964,
          51.4716451
        ]
      },
      "properties": {
        "highway": "elevator",
        "indoor": "yes",
        "level": "0;1",
        "level_ref": "0",
        "osm_id": 10957651636,
        "osm_type": "node",
        "_category": "elevator",
        "_level": 0,
        "_source": "level_b1"
      }
    },
    {
      "type": "Feature",
      "geometry": {
        "type": "Point",
        "coordinates": [
          -0.4885382,
          51.4730886
        ]
      },
      "properties": {
        "highway": "elevator",
        "indoor": "yes",
        "level": "0;1",
        "level_ref": "0",
        "osm_id": 10957651647,
        "osm_type": "node",
        "_category": "elevator",
        "_level": 0,
        "_source": "level_b1"
      }
    },
    {
      "type": "Feature",
      "geometry": {
        "type": "Point",
        "coordinates": [
          -0.4884961,
          51.473088
        ]
      },
      "properties": {
        "highway": "elevator",
        "indoor": "yes",
        "level": "0;1",
        "level_ref": "0",
        "osm_id": 10957651657,
        "osm_type": "node",
        "_category": "elevator",
        "_level": 0,
        "_source": "level_b1"
      }
    },
    {
      "type": "Feature",
      "geometry": {
        "type": "Point",
        "coordinates": [
          -0.4763245,
          51.4715616
        ]
      },
      "properties": {
        "highway": "elevator",
        "indoor": "yes",
        "level": "1;2",
        "osm_id": 10957888651,
        "osm_type": "node",
        "_category": "elevator",
        "_level": 1,
        "_source": "level_b1"
      }
    },
    {
      "type": "Feature",
      "geometry": {
        "type": "Point",
        "coordinates": [
          -0.4758721,
          51.4720436
        ]
      },
      "properties": {
        "highway": "elevator",
        "indoor": "yes",
        "level": "1;2",
        "osm_id": 10957888655,
        "osm_type": "node",
        "_category": "elevator",
        "_level": 1,
        "_source": "level_b1"
      }
    },
    {
      "type": "Feature",
      "geometry": {
        "type": "Point",
        "coordinates": [
          -0.4758679,
          51.4715683
        ]
      },
      "properties": {
        "highway": "elevator",
        "indoor": "yes",
        "level": "1;2",
        "osm_id": 10957888663,
        "osm_type": "node",
        "_category": "elevator",
        "_level": 1,
        "_source": "level_b1"
      }
    },
    {
      "type": "Feature",
      "geometry": {
        "type": "Point",
        "coordinates": [
          -0.4758661,
          51.4712157
        ]
      },
      "properties": {
        "highway": "elevator",
        "indoor": "yes",
        "level": "1;2",
        "osm_id": 10957888677,
        "osm_type": "node",
        "_category": "elevator",
        "_level": 1,
        "_source": "level_b1"
      }
    },
    {
      "type": "Feature",
      "geometry": {
        "type": "Point",
        "coordinates": [
          -0.475863,
          51.4707149
        ]
      },
      "properties": {
        "highway": "elevator",
        "indoor": "yes",
        "level": "1;2",
        "osm_id": 10957888679,
        "osm_type": "node",
        "_category": "elevator",
        "_level": 1,
        "_source": "level_b1"
      }
    },
    {
      "type": "Feature",
      "geometry": {
        "type": "Point",
        "coordinates": [
          -0.47632,
          51.4706961
        ]
      },
      "properties": {
        "highway": "elevator",
        "indoor": "yes",
        "level": "1;2",
        "osm_id": 10957888687,
        "osm_type": "node",
        "_category": "elevator",
        "_level": 1,
        "_source": "level_b1"
      }
    },
    {
      "type": "Feature",
      "geometry": {
        "type": "Point",
        "coordinates": [
          -0.4758608,
          51.4703808
        ]
      },
      "properties": {
        "highway": "elevator",
        "indoor": "yes",
        "level": "1;2",
        "osm_id": 10957888696,
        "osm_type": "node",
        "_category": "elevator",
        "_level": 1,
        "_source": "level_b1"
      }
    },
    {
      "type": "Feature",
      "geometry": {
        "type": "Point",
        "coordinates": [
          -0.4758594,
          51.4699969
        ]
      },
      "properties": {
        "highway": "elevator",
        "indoor": "yes",
        "level": "1;2",
        "osm_id": 10957888704,
        "osm_type": "node",
        "_category": "elevator",
        "_level": 1,
        "_source": "level_b1"
      }
    },
    {
      "type": "Feature",
      "geometry": {
        "type": "Point",
        "coordinates": [
          -0.4763162,
          51.4699948
        ]
      },
      "properties": {
        "highway": "elevator",
        "indoor": "yes",
        "level": "1;2",
        "osm_id": 10957904511,
        "osm_type": "node",
        "_category": "elevator",
        "_level": 1,
        "_source": "level_b1"
      }
    },
    {
      "type": "Feature",
      "geometry": {
        "type": "Point",
        "coordinates": [
          -0.4763178,
          51.4702968
        ]
      },
      "properties": {
        "highway": "elevator",
        "indoor": "yes",
        "level": "1;2",
        "osm_id": 10957904517,
        "osm_type": "node",
        "_category": "elevator",
        "_level": 1,
        "_source": "level_b1"
      }
    },
    {
      "type": "Feature",
      "geometry": {
        "type": "Point",
        "coordinates": [
          -0.4869872,
          51.4711417
        ]
      },
      "properties": {
        "highway": "elevator",
        "indoor": "yes",
        "level": "-4;-2;1",
        "osm_id": 10958032240,
        "osm_type": "node",
        "_category": "elevator",
        "_level": -4,
        "_source": "level_b1"
      }
    },
    {
      "type": "Feature",
      "geometry": {
        "type": "Point",
        "coordinates": [
          -0.4869869,
          51.4711194
        ]
      },
      "properties": {
        "highway": "elevator",
        "indoor": "yes",
        "level": "-4;-2;1",
        "osm_id": 10958032241,
        "osm_type": "node",
        "_category": "elevator",
        "_level": -4,
        "_source": "level_b1"
      }
    },
    {
      "type": "Feature",
      "geometry": {
        "type": "Point",
        "coordinates": [
          -0.4869866,
          51.4710964
        ]
      },
      "properties": {
        "highway": "elevator",
        "indoor": "yes",
        "level": "-4;-2;1",
        "osm_id": 10958032242,
        "osm_type": "node",
        "_category": "elevator",
        "_level": -4,
        "_source": "level_b1"
      }
    },
    {
      "type": "Feature",
      "geometry": {
        "type": "Point",
        "coordinates": [
          -0.4869841,
          51.4710089
        ]
      },
      "properties": {
        "highway": "elevator",
        "indoor": "yes",
        "level": "-4;-2;2",
        "osm_id": 10958032243,
        "osm_type": "node",
        "_category": "elevator",
        "_level": -4,
        "_source": "level_b1"
      }
    },
    {
      "type": "Feature",
      "geometry": {
        "type": "Point",
        "coordinates": [
          -0.4869838,
          51.4709898
        ]
      },
      "properties": {
        "highway": "elevator",
        "indoor": "yes",
        "level": "-4;-2;2",
        "osm_id": 10958032244,
        "osm_type": "node",
        "_category": "elevator",
        "_level": -4,
        "_source": "level_b1"
      }
    },
    {
      "type": "Feature",
      "geometry": {
        "type": "Point",
        "coordinates": [
          -0.4869835,
          51.4709685
        ]
      },
      "properties": {
        "highway": "elevator",
        "indoor": "yes",
        "level": "-4;-2;2",
        "osm_id": 10958032245,
        "osm_type": "node",
        "_category": "elevator",
        "_level": -4,
        "_source": "level_b1"
      }
    },
    {
      "type": "Feature",
      "geometry": {
        "type": "Point",
        "coordinates": [
          -0.4869439,
          51.4706463
        ]
      },
      "properties": {
        "highway": "elevator",
        "indoor": "yes",
        "level": "0;1",
        "level_ref": "0",
        "osm_id": 10958032256,
        "osm_type": "node",
        "_category": "elevator",
        "_level": 0,
        "_source": "level_b1"
      }
    },
    {
      "type": "Feature",
      "geometry": {
        "type": "Point",
        "coordinates": [
          -0.4869432,
          51.4706827
        ]
      },
      "properties": {
        "highway": "elevator",
        "indoor": "yes",
        "level": "0;1",
        "level_ref": "0",
        "osm_id": 10958032259,
        "osm_type": "node",
        "_category": "elevator",
        "_level": 0,
        "_source": "level_b1"
      }
    },
    {
      "type": "Feature",
      "geometry": {
        "type": "Point",
        "coordinates": [
          -0.4869488,
          51.4707653
        ]
      },
      "properties": {
        "highway": "elevator",
        "indoor": "yes",
        "level": "-4;-2;0;1",
        "level_ref": "0",
        "osm_id": 10958032273,
        "osm_type": "node",
        "_category": "elevator",
        "_level": -4,
        "_source": "level_b1"
      }
    },
    {
      "type": "Feature",
      "geometry": {
        "type": "Point",
        "coordinates": [
          -0.4869508,
          51.4707291
        ]
      },
      "properties": {
        "highway": "elevator",
        "indoor": "yes",
        "level": "-4;-2;0;1",
        "level_ref": "0",
        "osm_id": 10958032274,
        "osm_type": "node",
        "_category": "elevator",
        "_level": -4,
        "_source": "level_b1"
      }
    },
    {
      "type": "Feature",
      "geometry": {
        "type": "Point",
        "coordinates": [
          -0.4869476,
          51.4708059
        ]
      },
      "properties": {
        "highway": "elevator",
        "indoor": "yes",
        "level": "-4;-2;0;1",
        "level_ref": "0",
        "osm_id": 10958032275,
        "osm_type": "node",
        "_category": "elevator",
        "_level": -4,
        "_source": "level_b1"
      }
    },
    {
      "type": "Feature",
      "geometry": {
        "type": "Point",
        "coordinates": [
          -0.4809249,
          51.4704729
        ]
      },
      "properties": {
        "highway": "elevator",
        "indoor": "yes",
        "level": "2;3",
        "osm_id": 10959349823,
        "osm_type": "node",
        "_category": "elevator",
        "_level": 2,
        "_source": "level_b1"
      }
    },
    {
      "type": "Feature",
      "geometry": {
        "type": "Point",
        "coordinates": [
          -0.4808916,
          51.4698495
        ]
      },
      "properties": {
        "highway": "elevator",
        "indoor": "yes",
        "level": "2;3",
        "osm_id": 10959349831,
        "osm_type": "node",
        "_category": "elevator",
        "_level": 2,
        "_source": "level_b1"
      }
    },
    {
      "type": "Feature",
      "geometry": {
        "type": "Point",
        "coordinates": [
          -0.4814351,
          51.4697174
        ]
      },
      "properties": {
        "highway": "elevator",
        "indoor": "yes",
        "level": "2;3",
        "osm_id": 10959349851,
        "osm_type": "node",
        "_category": "elevator",
        "_level": 2,
        "_source": "level_b1"
      }
    },
    {
      "type": "Feature",
      "geometry": {
        "type": "Point",
        "coordinates": [
          -0.4814354,
          51.469748
        ]
      },
      "properties": {
        "highway": "elevator",
        "indoor": "yes",
        "level": "2;3",
        "osm_id": 10959349853,
        "osm_type": "node",
        "_category": "elevator",
        "_level": 2,
        "_source": "level_b1"
      }
    },
    {
      "type": "Feature",
      "geometry": {
        "type": "Point",
        "coordinates": [
          -0.4814382,
          51.4701648
        ]
      },
      "properties": {
        "highway": "elevator",
        "indoor": "yes",
        "level": "2;3",
        "osm_id": 10959349867,
        "osm_type": "node",
        "_category": "elevator",
        "_level": 2,
        "_source": "level_b1"
      }
    },
    {
      "type": "Feature",
      "geometry": {
        "type": "Point",
        "coordinates": [
          -0.4814404,
          51.4704747
        ]
      },
      "properties": {
        "highway": "elevator",
        "indoor": "yes",
        "level": "2;3",
        "osm_id": 10959349874,
        "osm_type": "node",
        "_category": "elevator",
        "_level": 2,
        "_source": "level_b1"
      }
    },
    {
      "type": "Feature",
      "geometry": {
        "type": "Point",
        "coordinates": [
          -0.4809382,
          51.4708937
        ]
      },
      "properties": {
        "highway": "elevator",
        "indoor": "yes",
        "level": "2;3",
        "osm_id": 10959349883,
        "osm_type": "node",
        "_category": "elevator",
        "_level": 2,
        "_source": "level_b1"
      }
    },
    {
      "type": "Feature",
      "geometry": {
        "type": "Point",
        "coordinates": [
          -0.4809434,
          51.4714388
        ]
      },
      "properties": {
        "highway": "elevator",
        "indoor": "yes",
        "level": "2;3",
        "osm_id": 10959349891,
        "osm_type": "node",
        "_category": "elevator",
        "_level": 2,
        "_source": "level_b1"
      }
    },
    {
      "type": "Feature",
      "geometry": {
        "type": "Point",
        "coordinates": [
          -0.4809499,
          51.4719935
        ]
      },
      "properties": {
        "highway": "elevator",
        "indoor": "yes",
        "level": "2;3",
        "osm_id": 10959349899,
        "osm_type": "node",
        "_category": "elevator",
        "_level": 2,
        "_source": "level_b1"
      }
    },
    {
      "type": "Feature",
      "geometry": {
        "type": "Point",
        "coordinates": [
          -0.4814854,
          51.4717186
        ]
      },
      "properties": {
        "highway": "elevator",
        "indoor": "yes",
        "level": "2;3",
        "osm_id": 10959349900,
        "osm_type": "node",
        "_category": "elevator",
        "_level": 2,
        "_source": "level_b1"
      }
    },
    {
      "type": "Feature",
      "geometry": {
        "type": "Point",
        "coordinates": [
          -0.4814915,
          51.4719993
        ]
      },
      "properties": {
        "highway": "elevator",
        "indoor": "yes",
        "level": "2;3",
        "osm_id": 10959358908,
        "osm_type": "node",
        "_category": "elevator",
        "_level": 2,
        "_source": "level_b1"
      }
    },
    {
      "type": "Feature",
      "geometry": {
        "type": "Point",
        "coordinates": [
          -0.4814788,
          51.4714171
        ]
      },
      "properties": {
        "highway": "elevator",
        "indoor": "yes",
        "level": "2;3",
        "osm_id": 10959358916,
        "osm_type": "node",
        "_category": "elevator",
        "_level": 2,
        "_source": "level_b1"
      }
    },
    {
      "type": "Feature",
      "geometry": {
        "type": "Point",
        "coordinates": [
          -0.4809648,
          51.4697315
        ]
      },
      "properties": {
        "highway": "elevator",
        "indoor": "yes",
        "level": "2;3",
        "osm_id": 10959358927,
        "osm_type": "node",
        "_category": "elevator",
        "_level": 2,
        "_source": "level_b1"
      }
    },
    {
      "type": "Feature",
      "geometry": {
        "type": "Point",
        "coordinates": [
          -0.481446,
          51.4709783
        ]
      },
      "properties": {
        "highway": "elevator",
        "indoor": "yes",
        "level": "2;3",
        "osm_id": 10959358942,
        "osm_type": "node",
        "_category": "elevator",
        "_level": 2,
        "_source": "level_b1"
      }
    },
    {
      "type": "Feature",
      "geometry": {
        "type": "Point",
        "coordinates": [
          -0.4814699,
          51.4710081
        ]
      },
      "properties": {
        "highway": "elevator",
        "indoor": "yes",
        "level": "2;3",
        "osm_id": 10959358943,
        "osm_type": "node",
        "_category": "elevator",
        "_level": 2,
        "_source": "level_b1"
      }
    },
    {
      "type": "Feature",
      "geometry": {
        "type": "Point",
        "coordinates": [
          -0.4811105,
          51.4715461
        ]
      },
      "properties": {
        "highway": "elevator",
        "indoor": "yes",
        "level": "-2;2",
        "osm_id": 10959358946,
        "osm_type": "node",
        "_category": "elevator",
        "_level": -2,
        "_source": "level_b1"
      }
    },
    {
      "type": "Feature",
      "geometry": {
        "type": "Point",
        "coordinates": [
          -0.4811092,
          51.4715248
        ]
      },
      "properties": {
        "highway": "elevator",
        "indoor": "yes",
        "level": "-2;2",
        "osm_id": 10959358955,
        "osm_type": "node",
        "_category": "elevator",
        "_level": -2,
        "_source": "level_b1"
      }
    },
    {
      "type": "Feature",
      "geometry": {
        "type": "Point",
        "coordinates": [
          -0.4814928,
          51.4706507
        ]
      },
      "properties": {
        "highway": "elevator",
        "indoor": "yes",
        "level": "-4;-2;0;2",
        "osm_id": 10959358975,
        "osm_type": "node",
        "_category": "elevator",
        "_level": -4,
        "_source": "level_b1"
      }
    },
    {
      "type": "Feature",
      "geometry": {
        "type": "Point",
        "coordinates": [
          -0.4814928,
          51.4706424
        ]
      },
      "properties": {
        "highway": "elevator",
        "indoor": "yes",
        "level": "-4;-2;0;2",
        "osm_id": 10959358977,
        "osm_type": "node",
        "_category": "elevator",
        "_level": -4,
        "_source": "level_b1"
      }
    },
    {
      "type": "Feature",
      "geometry": {
        "type": "Point",
        "coordinates": [
          -0.4814927,
          51.4706294
        ]
      },
      "properties": {
        "highway": "elevator",
        "indoor": "yes",
        "level": "-4;-2;0;2",
        "osm_id": 10959358979,
        "osm_type": "node",
        "_category": "elevator",
        "_level": -4,
        "_source": "level_b1"
      }
    },
    {
      "type": "Feature",
      "geometry": {
        "type": "Point",
        "coordinates": [
          -0.4810441,
          51.4712007
        ]
      },
      "properties": {
        "highway": "elevator",
        "indoor": "yes",
        "level": "-4;-2;0;1;2",
        "osm_id": 10959358993,
        "osm_type": "node",
        "_category": "elevator",
        "_level": -4,
        "_source": "level_b1"
      }
    },
    {
      "type": "Feature",
      "geometry": {
        "type": "Point",
        "coordinates": [
          -0.4810159,
          51.4707801
        ]
      },
      "properties": {
        "highway": "elevator",
        "indoor": "yes",
        "level": "-4;-2;0;1;2",
        "osm_id": 10959358996,
        "osm_type": "node",
        "_category": "elevator",
        "_level": -4,
        "_source": "level_b1"
      }
    },
    {
      "type": "Feature",
      "geometry": {
        "type": "Point",
        "coordinates": [
          -0.4810205,
          51.4709729
        ]
      },
      "properties": {
        "highway": "elevator",
        "indoor": "yes",
        "level": "-4;-2;-1;0;1",
        "osm_id": 10959359025,
        "osm_type": "node",
        "_category": "elevator",
        "_level": -4,
        "_source": "level_b1"
      }
    },
    {
      "type": "Feature",
      "geometry": {
        "type": "Point",
        "coordinates": [
          -0.4810199,
          51.4710248
        ]
      },
      "properties": {
        "highway": "elevator",
        "indoor": "yes",
        "level": "-4;-2;-1;0;1",
        "osm_id": 10959359026,
        "osm_type": "node",
        "_category": "elevator",
        "_level": -4,
        "_source": "level_b1"
      }
    },
    {
      "type": "Feature",
      "geometry": {
        "type": "Point",
        "coordinates": [
          -0.4810205,
          51.4709372
        ]
      },
      "properties": {
        "highway": "elevator",
        "indoor": "yes",
        "level": "-4;-2;-1;0;1",
        "osm_id": 10959359027,
        "osm_type": "node",
        "_category": "elevator",
        "_level": -4,
        "_source": "level_b1"
      }
    },
    {
      "type": "Feature",
      "geometry": {
        "type": "Point",
        "coordinates": [
          -0.4810194,
          51.4710583
        ]
      },
      "properties": {
        "highway": "elevator",
        "indoor": "yes",
        "level": "-4;-2;-1;0;1",
        "osm_id": 10959359028,
        "osm_type": "node",
        "_category": "elevator",
        "_level": -4,
        "_source": "level_b1"
      }
    },
    {
      "type": "Feature",
      "geometry": {
        "type": "Point",
        "coordinates": [
          -0.4869517,
          51.4711872
        ]
      },
      "properties": {
        "highway": "elevator",
        "indoor": "yes",
        "level": "0;1",
        "level_ref": "0",
        "osm_id": 10959383324,
        "osm_type": "node",
        "_category": "elevator",
        "_level": 0,
        "_source": "level_b1"
      }
    },
    {
      "type": "Feature",
      "geometry": {
        "type": "Point",
        "coordinates": [
          -0.488197,
          51.4730495
        ]
      },
      "properties": {
        "highway": "elevator",
        "indoor": "yes",
        "level": "1;2",
        "osm_id": 10959495148,
        "osm_type": "node",
        "_category": "elevator",
        "_level": 1,
        "_source": "level_b1"
      }
    },
    {
      "type": "Feature",
      "geometry": {
        "type": "Point",
        "coordinates": [
          -0.4882153,
          51.4730498
        ]
      },
      "properties": {
        "highway": "elevator",
        "indoor": "yes",
        "level": "1;2",
        "osm_id": 10959495149,
        "osm_type": "node",
        "_category": "elevator",
        "_level": 1,
        "_source": "level_b1"
      }
    },
    {
      "type": "Feature",
      "geometry": {
        "type": "Point",
        "coordinates": [
          -0.4876085,
          51.4728895
        ]
      },
      "properties": {
        "highway": "elevator",
        "indoor": "yes",
        "level": "2;3",
        "osm_id": 10959495168,
        "osm_type": "node",
        "_category": "elevator",
        "_level": 2,
        "_source": "level_b1"
      }
    },
    {
      "type": "Feature",
      "geometry": {
        "type": "Point",
        "coordinates": [
          -0.4876082,
          51.4728651
        ]
      },
      "properties": {
        "highway": "elevator",
        "indoor": "yes",
        "level": "2;3",
        "osm_id": 10959495169,
        "osm_type": "node",
        "_category": "elevator",
        "_level": 2,
        "_source": "level_b1"
      }
    },
    {
      "type": "Feature",
      "geometry": {
        "type": "Point",
        "coordinates": [
          -0.4880641,
          51.4716964
        ]
      },
      "properties": {
        "highway": "elevator",
        "indoor": "yes",
        "level": "2;3",
        "osm_id": 10959495192,
        "osm_type": "node",
        "_category": "elevator",
        "_level": 2,
        "_source": "level_b1"
      }
    },
    {
      "type": "Feature",
      "geometry": {
        "type": "Point",
        "coordinates": [
          -0.4880641,
          51.4716701
        ]
      },
      "properties": {
        "highway": "elevator",
        "indoor": "yes",
        "level": "2;3",
        "osm_id": 10959495193,
        "osm_type": "node",
        "_category": "elevator",
        "_level": 2,
        "_source": "level_b1"
      }
    },
    {
      "type": "Feature",
      "geometry": {
        "type": "Point",
        "coordinates": [
          -0.4880641,
          51.4716467
        ]
      },
      "properties": {
        "highway": "elevator",
        "indoor": "yes",
        "level": "2;3",
        "osm_id": 10959495194,
        "osm_type": "node",
        "_category": "elevator",
        "_level": 2,
        "_source": "level_b1"
      }
    },
    {
      "type": "Feature",
      "geometry": {
        "type": "Point",
        "coordinates": [
          -0.4877598,
          51.4704913
        ]
      },
      "properties": {
        "highway": "elevator",
        "indoor": "yes",
        "level": "3;4",
        "osm_id": 10959500016,
        "osm_type": "node",
        "_category": "elevator",
        "_level": 3,
        "_source": "level_b1"
      }
    },
    {
      "type": "Feature",
      "geometry": {
        "type": "Point",
        "coordinates": [
          -0.487827,
          51.4704914
        ]
      },
      "properties": {
        "highway": "elevator",
        "indoor": "yes",
        "level": "3;4",
        "osm_id": 10959500017,
        "osm_type": "node",
        "_category": "elevator",
        "_level": 3,
        "_source": "level_b1"
      }
    },
    {
      "type": "Feature",
      "geometry": {
        "type": "Point",
        "coordinates": [
          -0.4877609,
          51.4701565
        ]
      },
      "properties": {
        "highway": "elevator",
        "indoor": "yes",
        "level": "2;3",
        "osm_id": 10959500018,
        "osm_type": "node",
        "_category": "elevator",
        "_level": 2,
        "_source": "level_b1"
      }
    },
    {
      "type": "Feature",
      "geometry": {
        "type": "Point",
        "coordinates": [
          -0.487828,
          51.4701574
        ]
      },
      "properties": {
        "highway": "elevator",
        "indoor": "yes",
        "level": "2;3",
        "osm_id": 10959500019,
        "osm_type": "node",
        "_category": "elevator",
        "_level": 2,
        "_source": "level_b1"
      }
    },
    {
      "type": "Feature",
      "geometry": {
        "type": "Point",
        "coordinates": [
          -0.4880109,
          51.4732463
        ]
      },
      "properties": {
        "highway": "elevator",
        "indoor": "yes",
        "level": "1;2",
        "osm_id": 10959821611,
        "osm_type": "node",
        "_category": "elevator",
        "_level": 1,
        "_source": "level_b1"
      }
    },
    {
      "type": "Feature",
      "geometry": {
        "type": "Point",
        "coordinates": [
          -0.4880539,
          51.4732462
        ]
      },
      "properties": {
        "highway": "elevator",
        "indoor": "yes",
        "level": "1;2",
        "osm_id": 10959821613,
        "osm_type": "node",
        "_category": "elevator",
        "_level": 1,
        "_source": "level_b1"
      }
    },
    {
      "type": "Feature",
      "geometry": {
        "type": "Point",
        "coordinates": [
          -0.4875282,
          51.4732469
        ]
      },
      "properties": {
        "highway": "elevator",
        "indoor": "yes",
        "level": "1;2",
        "osm_id": 10959821617,
        "osm_type": "node",
        "_category": "elevator",
        "_level": 1,
        "_source": "level_b1"
      }
    },
    {
      "type": "Feature",
      "geometry": {
        "type": "Point",
        "coordinates": [
          -0.4883565,
          51.4732457
        ]
      },
      "properties": {
        "highway": "elevator",
        "indoor": "yes",
        "level": "1;2",
        "osm_id": 10959821619,
        "osm_type": "node",
        "_category": "elevator",
        "_level": 1,
        "_source": "level_b1"
      }
    },
    {
      "type": "Feature",
      "geometry": {
        "type": "Point",
        "coordinates": [
          -0.4886568,
          51.4732464
        ]
      },
      "properties": {
        "highway": "elevator",
        "indoor": "yes",
        "level": "1;2",
        "osm_id": 10959821621,
        "osm_type": "node",
        "_category": "elevator",
        "_level": 1,
        "_source": "level_b1"
      }
    },
    {
      "type": "Feature",
      "geometry": {
        "type": "Point",
        "coordinates": [
          -0.4889817,
          51.4732454
        ]
      },
      "properties": {
        "highway": "elevator",
        "indoor": "yes",
        "level": "1;2",
        "osm_id": 10959821625,
        "osm_type": "node",
        "_category": "elevator",
        "_level": 1,
        "_source": "level_b1"
      }
    },
    {
      "type": "Feature",
      "geometry": {
        "type": "Point",
        "coordinates": [
          -0.4868182,
          51.4721557
        ]
      },
      "properties": {
        "highway": "elevator",
        "indoor": "yes",
        "level": "1;2",
        "osm_id": 10959821658,
        "osm_type": "node",
        "_category": "elevator",
        "_level": 1,
        "_source": "level_b1"
      }
    },
    {
      "type": "Feature",
      "geometry": {
        "type": "Point",
        "coordinates": [
          -0.4868054,
          51.4724949
        ]
      },
      "properties": {
        "highway": "elevator",
        "indoor": "yes",
        "level": "1;2",
        "osm_id": 10959821659,
        "osm_type": "node",
        "_category": "elevator",
        "_level": 1,
        "_source": "level_b1"
      }
    },
    {
      "type": "Feature",
      "geometry": {
        "type": "Point",
        "coordinates": [
          -0.4867849,
          51.4717459
        ]
      },
      "properties": {
        "highway": "elevator",
        "indoor": "yes",
        "level": "1;2",
        "osm_id": 10959821661,
        "osm_type": "node",
        "_category": "elevator",
        "_level": 1,
        "_source": "level_b1"
      }
    },
    {
      "type": "Feature",
      "geometry": {
        "type": "Point",
        "coordinates": [
          -0.4874034,
          51.4732474
        ]
      },
      "properties": {
        "highway": "elevator",
        "indoor": "yes",
        "level": "1;2",
        "osm_id": 10959821662,
        "osm_type": "node",
        "_category": "elevator",
        "_level": 1,
        "_source": "level_b1"
      }
    },
    {
      "type": "Feature",
      "geometry": {
        "type": "Point",
        "coordinates": [
          -0.487728,
          51.4732463
        ]
      },
      "properties": {
        "highway": "elevator",
        "indoor": "yes",
        "level": "1;2",
        "osm_id": 10959821663,
        "osm_type": "node",
        "_category": "elevator",
        "_level": 1,
        "_source": "level_b1"
      }
    },
    {
      "type": "Feature",
      "geometry": {
        "type": "Point",
        "coordinates": [
          -0.4869963,
          51.4723195
        ]
      },
      "properties": {
        "highway": "elevator",
        "indoor": "yes",
        "level": "0;2",
        "level_ref": "0",
        "osm_id": 10959821701,
        "osm_type": "node",
        "_category": "elevator",
        "_level": 0,
        "_source": "level_b1"
      }
    },
    {
      "type": "Feature",
      "geometry": {
        "type": "Point",
        "coordinates": [
          -0.486996,
          51.4723039
        ]
      },
      "properties": {
        "highway": "elevator",
        "indoor": "yes",
        "level": "0;2",
        "level_ref": "0",
        "osm_id": 10959821702,
        "osm_type": "node",
        "_category": "elevator",
        "_level": 0,
        "_source": "level_b1"
      }
    },
    {
      "type": "Feature",
      "geometry": {
        "type": "Point",
        "coordinates": [
          -0.486792,
          51.4708401
        ]
      },
      "properties": {
        "highway": "elevator",
        "indoor": "yes",
        "level": "1;2",
        "osm_id": 10959821723,
        "osm_type": "node",
        "_category": "elevator",
        "_level": 1,
        "_source": "level_b1"
      }
    },
    {
      "type": "Feature",
      "geometry": {
        "type": "Point",
        "coordinates": [
          -0.4867901,
          51.470559
        ]
      },
      "properties": {
        "highway": "elevator",
        "indoor": "yes",
        "level": "1;2",
        "osm_id": 10959821724,
        "osm_type": "node",
        "_category": "elevator",
        "_level": 1,
        "_source": "level_b1"
      }
    },
    {
      "type": "Feature",
      "geometry": {
        "type": "Point",
        "coordinates": [
          -0.4868105,
          51.4710482
        ]
      },
      "properties": {
        "highway": "elevator",
        "indoor": "yes",
        "level": "1;2",
        "osm_id": 10959821728,
        "osm_type": "node",
        "_category": "elevator",
        "_level": 1,
        "_source": "level_b1"
      }
    },
    {
      "type": "Feature",
      "geometry": {
        "type": "Point",
        "coordinates": [
          -0.4886113,
          51.469911
        ]
      },
      "properties": {
        "highway": "elevator",
        "indoor": "yes",
        "level": "1;2",
        "osm_id": 10959821784,
        "osm_type": "node",
        "_category": "elevator",
        "_level": 1,
        "_source": "level_b1"
      }
    },
    {
      "type": "Feature",
      "geometry": {
        "type": "Point",
        "coordinates": [
          -0.4873614,
          51.4699146
        ]
      },
      "properties": {
        "highway": "elevator",
        "indoor": "yes",
        "level": "1;2",
        "osm_id": 10959821786,
        "osm_type": "node",
        "_category": "elevator",
        "_level": 1,
        "_source": "level_b1"
      }
    },
    {
      "type": "Feature",
      "geometry": {
        "type": "Point",
        "coordinates": [
          -0.4869309,
          51.4699167
        ]
      },
      "properties": {
        "highway": "elevator",
        "indoor": "yes",
        "level": "1;2",
        "osm_id": 10959821788,
        "osm_type": "node",
        "_category": "elevator",
        "_level": 1,
        "_source": "level_b1"
      }
    },
    {
      "type": "Feature",
      "geometry": {
        "type": "Point",
        "coordinates": [
          -0.4881815,
          51.4699114
        ]
      },
      "properties": {
        "highway": "elevator",
        "indoor": "yes",
        "level": "1;2",
        "osm_id": 10959821790,
        "osm_type": "node",
        "_category": "elevator",
        "_level": 1,
        "_source": "level_b1"
      }
    },
    {
      "type": "Feature",
      "geometry": {
        "type": "Point",
        "coordinates": [
          -0.4890123,
          51.4699103
        ]
      },
      "properties": {
        "highway": "elevator",
        "indoor": "yes",
        "level": "1;2",
        "osm_id": 10959821792,
        "osm_type": "node",
        "_category": "elevator",
        "_level": 1,
        "_source": "level_b1"
      }
    },
    {
      "type": "Feature",
      "geometry": {
        "type": "Point",
        "coordinates": [
          -0.4878087,
          51.4699125
        ]
      },
      "properties": {
        "highway": "elevator",
        "indoor": "yes",
        "level": "1;2",
        "osm_id": 10959821799,
        "osm_type": "node",
        "_category": "elevator",
        "_level": 1,
        "_source": "level_b1"
      }
    },
    {
      "type": "Feature",
      "geometry": {
        "type": "Point",
        "coordinates": [
          -0.4506557,
          51.4685592
        ]
      },
      "properties": {
        "highway": "elevator",
        "indoor": "yes",
        "level": "1;4",
        "osm_id": 10960142949,
        "osm_type": "node",
        "_category": "elevator",
        "_level": 1,
        "_source": "level_b1"
      }
    },
    {
      "type": "Feature",
      "geometry": {
        "type": "Point",
        "coordinates": [
          -0.4513414,
          51.4685573
        ]
      },
      "properties": {
        "highway": "elevator",
        "indoor": "yes",
        "level": "1;4",
        "osm_id": 10960142951,
        "osm_type": "node",
        "_category": "elevator",
        "_level": 1,
        "_source": "level_b1"
      }
    },
    {
      "type": "Feature",
      "geometry": {
        "type": "Point",
        "coordinates": [
          -0.4514171,
          51.4684818
        ]
      },
      "properties": {
        "highway": "elevator",
        "indoor": "yes",
        "level": "1;4",
        "osm_id": 10960142956,
        "osm_type": "node",
        "_category": "elevator",
        "_level": 1,
        "_source": "level_b1"
      }
    },
    {
      "type": "Feature",
      "geometry": {
        "type": "Point",
        "coordinates": [
          -0.4507358,
          51.468474
        ]
      },
      "properties": {
        "highway": "elevator",
        "indoor": "yes",
        "level": "1;4",
        "osm_id": 10960142959,
        "osm_type": "node",
        "_category": "elevator",
        "_level": 1,
        "_source": "level_b1"
      }
    },
    {
      "type": "Feature",
      "geometry": {
        "type": "Point",
        "coordinates": [
          -0.4492968,
          51.4686911
        ]
      },
      "properties": {
        "highway": "elevator",
        "indoor": "yes",
        "level": "1;4",
        "osm_id": 10960142998,
        "osm_type": "node",
        "_category": "elevator",
        "_level": 1,
        "_source": "level_b1"
      }
    },
    {
      "type": "Feature",
      "geometry": {
        "type": "Point",
        "coordinates": [
          -0.4489803,
          51.4703803
        ]
      },
      "properties": {
        "highway": "elevator",
        "indoor": "yes",
        "level": "1;4",
        "osm_id": 10960145307,
        "osm_type": "node",
        "_category": "elevator",
        "_level": 1,
        "_source": "level_b1"
      }
    },
    {
      "type": "Feature",
      "geometry": {
        "type": "Point",
        "coordinates": [
          -0.4490541,
          51.4703795
        ]
      },
      "properties": {
        "highway": "elevator",
        "indoor": "yes",
        "level": "1;4",
        "osm_id": 10960145308,
        "osm_type": "node",
        "_category": "elevator",
        "_level": 1,
        "_source": "level_b1"
      }
    },
    {
      "type": "Feature",
      "geometry": {
        "type": "Point",
        "coordinates": [
          -0.4485991,
          51.470043
        ]
      },
      "properties": {
        "highway": "elevator",
        "indoor": "yes",
        "level": "4;5",
        "osm_id": 10960145311,
        "osm_type": "node",
        "_category": "elevator",
        "_level": 4,
        "_source": "level_b1"
      }
    },
    {
      "type": "Feature",
      "geometry": {
        "type": "Point",
        "coordinates": [
          -0.4485528,
          51.4693345
        ]
      },
      "properties": {
        "highway": "elevator",
        "indoor": "yes",
        "level": "4;5",
        "osm_id": 10960145322,
        "osm_type": "node",
        "_category": "elevator",
        "_level": 4,
        "_source": "level_b1"
      }
    },
    {
      "type": "Feature",
      "geometry": {
        "type": "Point",
        "coordinates": [
          -0.4498608,
          51.4689727
        ]
      },
      "properties": {
        "highway": "elevator",
        "indoor": "yes",
        "level": "4;1",
        "osm_id": 10960145345,
        "osm_type": "node",
        "_category": "elevator",
        "_level": 4,
        "_source": "level_b1"
      }
    },
    {
      "type": "Feature",
      "geometry": {
        "type": "Point",
        "coordinates": [
          -0.4499208,
          51.4689376
        ]
      },
      "properties": {
        "highway": "elevator",
        "indoor": "yes",
        "level": "0;1;4",
        "osm_id": 10960145346,
        "osm_type": "node",
        "_category": "elevator",
        "_level": 0,
        "_source": "level_b1"
      }
    },
    {
      "type": "Feature",
      "geometry": {
        "type": "Point",
        "coordinates": [
          -0.4498601,
          51.4690111
        ]
      },
      "properties": {
        "highway": "elevator",
        "indoor": "yes",
        "level": "4;1",
        "osm_id": 10960145347,
        "osm_type": "node",
        "_category": "elevator",
        "_level": 4,
        "_source": "level_b1"
      }
    },
    {
      "type": "Feature",
      "geometry": {
        "type": "Point",
        "coordinates": [
          -0.4498608,
          51.4689388
        ]
      },
      "properties": {
        "highway": "elevator",
        "indoor": "yes",
        "level": "0;1;4",
        "osm_id": 10960145348,
        "osm_type": "node",
        "_category": "elevator",
        "_level": 0,
        "_source": "level_b1"
      }
    },
    {
      "type": "Feature",
      "geometry": {
        "type": "Point",
        "coordinates": [
          -0.4484399,
          51.4689704
        ]
      },
      "properties": {
        "highway": "elevator",
        "indoor": "yes",
        "level": "0;1;4",
        "osm_id": 10960145361,
        "osm_type": "node",
        "_category": "elevator",
        "_level": 0,
        "_source": "level_b1"
      }
    },
    {
      "type": "Feature",
      "geometry": {
        "type": "Point",
        "coordinates": [
          -0.4485401,
          51.469022
        ]
      },
      "properties": {
        "highway": "elevator",
        "indoor": "yes",
        "level": "0;1;4",
        "osm_id": 10960145363,
        "osm_type": "node",
        "_category": "elevator",
        "_level": 0,
        "_source": "level_b1"
      }
    },
    {
      "type": "Feature",
      "geometry": {
        "type": "Point",
        "coordinates": [
          -0.4476332,
          51.4690308
        ]
      },
      "properties": {
        "highway": "elevator",
        "indoor": "yes",
        "level": "1;4",
        "osm_id": 10960145375,
        "osm_type": "node",
        "_category": "elevator",
        "_level": 1,
        "_source": "level_b1"
      }
    },
    {
      "type": "Feature",
      "geometry": {
        "type": "Point",
        "coordinates": [
          -0.4475423,
          51.4690701
        ]
      },
      "properties": {
        "highway": "elevator",
        "indoor": "yes",
        "level": "1;4",
        "osm_id": 10960145376,
        "osm_type": "node",
        "_category": "elevator",
        "_level": 1,
        "_source": "level_b1"
      }
    },
    {
      "type": "Feature",
      "geometry": {
        "type": "Point",
        "coordinates": [
          -0.4480594,
          51.4694514
        ]
      },
      "properties": {
        "highway": "elevator",
        "indoor": "yes",
        "level": "0;4",
        "osm_id": 10960145380,
        "osm_type": "node",
        "_category": "elevator",
        "_level": 0,
        "_source": "level_b1"
      }
    },
    {
      "type": "Feature",
      "geometry": {
        "type": "Point",
        "coordinates": [
          -0.4480582,
          51.4694848
        ]
      },
      "properties": {
        "highway": "elevator",
        "indoor": "yes",
        "level": "0;4",
        "osm_id": 10960145383,
        "osm_type": "node",
        "_category": "elevator",
        "_level": 0,
        "_source": "level_b1"
      }
    },
    {
      "type": "Feature",
      "geometry": {
        "type": "Point",
        "coordinates": [
          -0.4476951,
          51.4698769
        ]
      },
      "properties": {
        "highway": "elevator",
        "indoor": "yes",
        "level": "1;4",
        "osm_id": 10960145388,
        "osm_type": "node",
        "_category": "elevator",
        "_level": 1,
        "_source": "level_b1"
      }
    },
    {
      "type": "Feature",
      "geometry": {
        "type": "Point",
        "coordinates": [
          -0.4475563,
          51.4698389
        ]
      },
      "properties": {
        "highway": "elevator",
        "indoor": "yes",
        "level": "1;4",
        "osm_id": 10960145391,
        "osm_type": "node",
        "_category": "elevator",
        "_level": 1,
        "_source": "level_b1"
      }
    },
    {
      "type": "Feature",
      "geometry": {
        "type": "Point",
        "coordinates": [
          -0.4479004,
          51.4700436
        ]
      },
      "properties": {
        "highway": "elevator",
        "indoor": "yes",
        "level": "0;1",
        "osm_id": 10960145416,
        "osm_type": "node",
        "_category": "elevator",
        "_level": 0,
        "_source": "level_b1"
      }
    },
    {
      "type": "Feature",
      "geometry": {
        "type": "Point",
        "coordinates": [
          -0.4478994,
          51.4700796
        ]
      },
      "properties": {
        "highway": "elevator",
        "indoor": "yes",
        "level": "0;1",
        "osm_id": 10960145421,
        "osm_type": "node",
        "_category": "elevator",
        "_level": 0,
        "_source": "level_b1"
      }
    },
    {
      "type": "Feature",
      "geometry": {
        "type": "Point",
        "coordinates": [
          -0.4472078,
          51.4705781
        ]
      },
      "properties": {
        "highway": "elevator",
        "indoor": "yes",
        "level": "-2;-1;0;4",
        "osm_id": 10960145460,
        "osm_type": "node",
        "_category": "elevator",
        "_level": -2,
        "_source": "level_b1"
      }
    },
    {
      "type": "Feature",
      "geometry": {
        "type": "Point",
        "coordinates": [
          -0.4473651,
          51.4703636
        ]
      },
      "properties": {
        "highway": "elevator",
        "indoor": "yes",
        "level": "-1;0;1",
        "osm_id": 10960145469,
        "osm_type": "node",
        "_category": "elevator",
        "_level": -1,
        "_source": "level_b1"
      }
    },
    {
      "type": "Feature",
      "geometry": {
        "type": "Point",
        "coordinates": [
          -0.4471349,
          51.4704864
        ]
      },
      "properties": {
        "highway": "elevator",
        "indoor": "yes",
        "level": "-2;-1;0;4",
        "osm_id": 10960145471,
        "osm_type": "node",
        "_category": "elevator",
        "_level": -2,
        "_source": "level_b1"
      }
    },
    {
      "type": "Feature",
      "geometry": {
        "type": "Point",
        "coordinates": [
          -0.4471346,
          51.470464
        ]
      },
      "properties": {
        "highway": "elevator",
        "indoor": "yes",
        "level": "-2;-1;0;4",
        "osm_id": 10960145472,
        "osm_type": "node",
        "_category": "elevator",
        "_level": -2,
        "_source": "level_b1"
      }
    },
    {
      "type": "Feature",
      "geometry": {
        "type": "Point",
        "coordinates": [
          -0.4562612,
          51.470306
        ]
      },
      "properties": {
        "highway": "elevator",
        "indoor": "yes",
        "level": "-1;0;1",
        "osm_id": 10960173462,
        "osm_type": "node",
        "_category": "elevator",
        "_level": -1,
        "_source": "level_b1"
      }
    },
    {
      "type": "Feature",
      "geometry": {
        "type": "Point",
        "coordinates": [
          -0.4562894,
          51.4703302
        ]
      },
      "properties": {
        "highway": "elevator",
        "indoor": "yes",
        "level": "-1;0",
        "osm_id": 10960173463,
        "osm_type": "node",
        "_category": "elevator",
        "_level": -1,
        "_source": "level_b1"
      }
    },
    {
      "type": "Feature",
      "geometry": {
        "type": "Point",
        "coordinates": [
          -0.4563269,
          51.470362
        ]
      },
      "properties": {
        "highway": "elevator",
        "indoor": "yes",
        "level": "-1;0",
        "osm_id": 10960173464,
        "osm_type": "node",
        "_category": "elevator",
        "_level": -1,
        "_source": "level_b1"
      }
    },
    {
      "type": "Feature",
      "geometry": {
        "type": "Point",
        "coordinates": [
          -0.4563645,
          51.4703929
        ]
      },
      "properties": {
        "highway": "elevator",
        "indoor": "yes",
        "level": "-1;0",
        "osm_id": 10960173465,
        "osm_type": "node",
        "_category": "elevator",
        "_level": -1,
        "_source": "level_b1"
      }
    },
    {
      "type": "Feature",
      "geometry": {
        "type": "Point",
        "coordinates": [
          -0.4572868,
          51.4700629
        ]
      },
      "properties": {
        "highway": "elevator",
        "indoor": "yes",
        "level": "0;1",
        "osm_id": 10960173478,
        "osm_type": "node",
        "_category": "elevator",
        "_level": 0,
        "_source": "level_b1"
      }
    },
    {
      "type": "Feature",
      "geometry": {
        "type": "Point",
        "coordinates": [
          -0.457327,
          51.4700967
        ]
      },
      "properties": {
        "highway": "elevator",
        "indoor": "yes",
        "level": "0;1",
        "osm_id": 10960173479,
        "osm_type": "node",
        "_category": "elevator",
        "_level": 0,
        "_source": "level_b1"
      }
    },
    {
      "type": "Feature",
      "geometry": {
        "type": "Point",
        "coordinates": [
          -0.4570169,
          51.4698106
        ]
      },
      "properties": {
        "highway": "elevator",
        "indoor": "yes",
        "level": "0;1",
        "osm_id": 10960203686,
        "osm_type": "node",
        "_category": "elevator",
        "_level": 0,
        "_source": "level_b1"
      }
    },
    {
      "type": "Feature",
      "geometry": {
        "type": "Point",
        "coordinates": [
          -0.4429185,
          51.4690738
        ]
      },
      "properties": {
        "highway": "elevator",
        "indoor": "yes",
        "level": "1;2",
        "osm_id": 10961328587,
        "osm_type": "node",
        "_category": "elevator",
        "_level": 1,
        "_source": "level_b1"
      }
    },
    {
      "type": "Feature",
      "geometry": {
        "type": "Point",
        "coordinates": [
          -0.4432216,
          51.4690779
        ]
      },
      "properties": {
        "highway": "elevator",
        "indoor": "yes",
        "level": "1;2",
        "osm_id": 10961328588,
        "osm_type": "node",
        "_category": "elevator",
        "_level": 1,
        "_source": "level_b1"
      }
    },
    {
      "type": "Feature",
      "geometry": {
        "type": "Point",
        "coordinates": [
          -0.4429682,
          51.4735489
        ]
      },
      "properties": {
        "highway": "elevator",
        "indoor": "yes",
        "level": "1;2",
        "osm_id": 10961347105,
        "osm_type": "node",
        "_category": "elevator",
        "_level": 1,
        "_source": "level_b1"
      }
    },
    {
      "type": "Feature",
      "geometry": {
        "type": "Point",
        "coordinates": [
          -0.4425283,
          51.473188
        ]
      },
      "properties": {
        "highway": "elevator",
        "indoor": "yes",
        "level": "1;2",
        "osm_id": 10961347114,
        "osm_type": "node",
        "_category": "elevator",
        "_level": 1,
        "_source": "level_b1"
      }
    },
    {
      "type": "Feature",
      "geometry": {
        "type": "Point",
        "coordinates": [
          -0.4436736,
          51.4729775
        ]
      },
      "properties": {
        "highway": "elevator",
        "indoor": "yes",
        "level": "1;2",
        "osm_id": 10961347124,
        "osm_type": "node",
        "_category": "elevator",
        "_level": 1,
        "_source": "level_b1"
      }
    },
    {
      "type": "Feature",
      "geometry": {
        "type": "Point",
        "coordinates": [
          -0.4425216,
          51.4723919
        ]
      },
      "properties": {
        "highway": "elevator",
        "indoor": "yes",
        "level": "1;2",
        "osm_id": 10961347134,
        "osm_type": "node",
        "_category": "elevator",
        "_level": 1,
        "_source": "level_b1"
      }
    },
    {
      "type": "Feature",
      "geometry": {
        "type": "Point",
        "coordinates": [
          -0.4425162,
          51.4715875
        ]
      },
      "properties": {
        "highway": "elevator",
        "indoor": "yes",
        "level": "1;2",
        "osm_id": 10961347144,
        "osm_type": "node",
        "_category": "elevator",
        "_level": 1,
        "_source": "level_b1"
      }
    },
    {
      "type": "Feature",
      "geometry": {
        "type": "Point",
        "coordinates": [
          -0.4436561,
          51.4713786
        ]
      },
      "properties": {
        "highway": "elevator",
        "indoor": "yes",
        "level": "1;2",
        "osm_id": 10961347154,
        "osm_type": "node",
        "_category": "elevator",
        "_level": 1,
        "_source": "level_b1"
      }
    },
    {
      "type": "Feature",
      "geometry": {
        "type": "Point",
        "coordinates": [
          -0.4425417,
          51.4706995
        ]
      },
      "properties": {
        "highway": "elevator",
        "indoor": "yes",
        "level": "1;2",
        "osm_id": 10961347167,
        "osm_type": "node",
        "_category": "elevator",
        "_level": 1,
        "_source": "level_b1"
      }
    },
    {
      "type": "Feature",
      "geometry": {
        "type": "Point",
        "coordinates": [
          -0.4436669,
          51.4704973
        ]
      },
      "properties": {
        "highway": "elevator",
        "indoor": "yes",
        "level": "1;2",
        "osm_id": 10961347177,
        "osm_type": "node",
        "_category": "elevator",
        "_level": 1,
        "_source": "level_b1"
      }
    },
    {
      "type": "Feature",
      "geometry": {
        "type": "Point",
        "coordinates": [
          -0.4425377,
          51.469905
        ]
      },
      "properties": {
        "highway": "elevator",
        "indoor": "yes",
        "level": "1;2",
        "osm_id": 10961347187,
        "osm_type": "node",
        "_category": "elevator",
        "_level": 1,
        "_source": "level_b1"
      }
    },
    {
      "type": "Feature",
      "geometry": {
        "type": "Point",
        "coordinates": [
          -0.4436427,
          51.4696878
        ]
      },
      "properties": {
        "highway": "elevator",
        "indoor": "yes",
        "level": "1;2",
        "osm_id": 10961347197,
        "osm_type": "node",
        "_category": "elevator",
        "_level": 1,
        "_source": "level_b1"
      }
    },
    {
      "type": "Feature",
      "geometry": {
        "type": "Point",
        "coordinates": [
          -0.4432528,
          51.4735529
        ]
      },
      "properties": {
        "highway": "elevator",
        "indoor": "yes",
        "level": "1;2",
        "osm_id": 10961347206,
        "osm_type": "node",
        "_category": "elevator",
        "_level": 1,
        "_source": "level_b1"
      }
    },
    {
      "type": "Feature",
      "geometry": {
        "type": "Point",
        "coordinates": [
          -0.4429873,
          51.471207
        ]
      },
      "properties": {
        "highway": "elevator",
        "indoor": "yes",
        "level": "1;-1",
        "osm_id": 10961347211,
        "osm_type": "node",
        "_category": "elevator",
        "_level": 1,
        "_source": "level_b1"
      }
    },
    {
      "type": "Feature",
      "geometry": {
        "type": "Point",
        "coordinates": [
          -0.4429843,
          51.4711844
        ]
      },
      "properties": {
        "highway": "elevator",
        "indoor": "yes",
        "level": "-1;1;2",
        "osm_id": 10961347213,
        "osm_type": "node",
        "_category": "elevator",
        "_level": -1,
        "_source": "level_b1"
      }
    },
    {
      "type": "Feature",
      "geometry": {
        "type": "Point",
        "coordinates": [
          -0.4429816,
          51.4711552
        ]
      },
      "properties": {
        "highway": "elevator",
        "indoor": "yes",
        "level": "-1",
        "osm_id": 10961347217,
        "osm_type": "node",
        "_category": "elevator",
        "_level": -1,
        "_source": "level_b1"
      }
    },
    {
      "type": "Feature",
      "geometry": {
        "type": "Point",
        "coordinates": [
          -0.4429802,
          51.4711117
        ]
      },
      "properties": {
        "highway": "elevator",
        "indoor": "yes",
        "level": "-1",
        "osm_id": 10961347218,
        "osm_type": "node",
        "_category": "elevator",
        "_level": -1,
        "_source": "level_b1"
      }
    },
    {
      "type": "Feature",
      "geometry": {
        "type": "Point",
        "coordinates": [
          -0.4430626,
          51.4707674
        ]
      },
      "properties": {
        "highway": "elevator",
        "indoor": "yes",
        "level": "-1;1;2",
        "osm_id": 10961347229,
        "osm_type": "node",
        "_category": "elevator",
        "_level": -1,
        "_source": "level_b1"
      }
    },
    {
      "type": "Feature",
      "geometry": {
        "type": "Point",
        "coordinates": [
          -0.443198,
          51.4709002
        ]
      },
      "properties": {
        "highway": "elevator",
        "indoor": "yes",
        "level": "2;-1",
        "osm_id": 10961347230,
        "osm_type": "node",
        "_category": "elevator",
        "_level": 2,
        "_source": "level_b1"
      }
    },
    {
      "type": "Feature",
      "geometry": {
        "type": "Point",
        "coordinates": [
          -0.4431757,
          51.4706551
        ]
      },
      "properties": {
        "highway": "elevator",
        "indoor": "yes",
        "level": "-1;-2",
        "osm_id": 10961347257,
        "osm_type": "node",
        "_category": "elevator",
        "_level": -1,
        "_source": "level_b1"
      }
    },
    {
      "type": "Feature",
      "geometry": {
        "type": "Point",
        "coordinates": [
          -0.4430607,
          51.4707229
        ]
      },
      "properties": {
        "highway": "elevator",
        "indoor": "yes",
        "level": "-1;-2;1;2",
        "osm_id": 10961347269,
        "osm_type": "node",
        "_category": "elevator",
        "_level": -1,
        "_source": "level_b1"
      }
    },
    {
      "type": "Feature",
      "geometry": {
        "type": "Point",
        "coordinates": [
          -0.4474645,
          51.4684788
        ]
      },
      "properties": {
        "highway": "elevator",
        "indoor": "yes",
        "level": "1;4",
        "osm_id": 10961347278,
        "osm_type": "node",
        "_category": "elevator",
        "_level": 1,
        "_source": "level_b1"
      }
    },
    {
      "type": "Feature",
      "geometry": {
        "type": "Point",
        "coordinates": [
          -0.4472282,
          51.4684777
        ]
      },
      "properties": {
        "highway": "elevator",
        "indoor": "yes",
        "level": "1;4",
        "osm_id": 10961347281,
        "osm_type": "node",
        "_category": "elevator",
        "_level": 1,
        "_source": "level_b1"
      }
    },
    {
      "type": "Feature",
      "geometry": {
        "type": "Point",
        "coordinates": [
          -0.4482696,
          51.4686817
        ]
      },
      "properties": {
        "highway": "elevator",
        "indoor": "yes",
        "level": "1;4",
        "osm_id": 10961347296,
        "osm_type": "node",
        "_category": "elevator",
        "_level": 1,
        "_source": "level_b1"
      }
    },
    {
      "type": "Feature",
      "geometry": {
        "type": "Point",
        "coordinates": [
          -0.4482703,
          51.4686577
        ]
      },
      "properties": {
        "highway": "elevator",
        "indoor": "yes",
        "level": "1;4",
        "osm_id": 10961347299,
        "osm_type": "node",
        "_category": "elevator",
        "_level": 1,
        "_source": "level_b1"
      }
    },
    {
      "type": "Feature",
      "geometry": {
        "type": "Point",
        "coordinates": [
          -0.4460996,
          51.4604581
        ]
      },
      "properties": {
        "highway": "elevator",
        "indoor": "yes",
        "level": "1;2",
        "osm_id": 10961355800,
        "osm_type": "node",
        "_category": "elevator",
        "_level": 1,
        "_source": "level_b1"
      }
    },
    {
      "type": "Feature",
      "geometry": {
        "type": "Point",
        "coordinates": [
          -0.4458158,
          51.4609374
        ]
      },
      "properties": {
        "highway": "elevator",
        "indoor": "yes",
        "level": "1;2",
        "osm_id": 10961355803,
        "osm_type": "node",
        "_category": "elevator",
        "_level": 1,
        "_source": "level_b1"
      }
    },
    {
      "type": "Feature",
      "geometry": {
        "type": "Point",
        "coordinates": [
          -0.4457966,
          51.4609644
        ]
      },
      "properties": {
        "highway": "elevator",
        "indoor": "yes",
        "level": "1;2",
        "osm_id": 10961355907,
        "osm_type": "node",
        "_category": "elevator",
        "_level": 1,
        "_source": "level_b1"
      }
    },
    {
      "type": "Feature",
      "geometry": {
        "type": "Point",
        "coordinates": [
          -0.4563859,
          51.471666
        ]
      },
      "properties": {
        "highway": "elevator",
        "indoor": "yes",
        "level": "2;3;4;5;6",
        "osm_id": 10961414960,
        "osm_type": "node",
        "_category": "elevator",
        "_level": 2,
        "_source": "level_b1"
      }
    },
    {
      "type": "Feature",
      "geometry": {
        "type": "Point",
        "coordinates": [
          -0.4563725,
          51.4716524
        ]
      },
      "properties": {
        "highway": "elevator",
        "indoor": "yes",
        "level": "2;3;4;5;6",
        "osm_id": 10961414961,
        "osm_type": "node",
        "_category": "elevator",
        "_level": 2,
        "_source": "level_b1"
      }
    },
    {
      "type": "Feature",
      "geometry": {
        "type": "Point",
        "coordinates": [
          -0.4563608,
          51.4716405
        ]
      },
      "properties": {
        "highway": "elevator",
        "indoor": "yes",
        "level": "0;1;2;3;4;5;6",
        "osm_id": 10961414962,
        "osm_type": "node",
        "_category": "elevator",
        "_level": 0,
        "_source": "level_b1"
      }
    },
    {
      "type": "Feature",
      "geometry": {
        "type": "Point",
        "coordinates": [
          -0.4563504,
          51.4716305
        ]
      },
      "properties": {
        "highway": "elevator",
        "indoor": "yes",
        "level": "0;1;2;3;4;5;6",
        "osm_id": 10961414963,
        "osm_type": "node",
        "_category": "elevator",
        "_level": 0,
        "_source": "level_b1"
      }
    },
    {
      "type": "Feature",
      "geometry": {
        "type": "Point",
        "coordinates": [
          -0.4563354,
          51.4716161
        ]
      },
      "properties": {
        "highway": "elevator",
        "indoor": "yes",
        "level": "0;2;3;4;5;6",
        "osm_id": 10961414964,
        "osm_type": "node",
        "_category": "elevator",
        "_level": 0,
        "_source": "level_b1"
      }
    },
    {
      "type": "Feature",
      "geometry": {
        "type": "Point",
        "coordinates": [
          -0.4556688,
          51.4713494
        ]
      },
      "properties": {
        "highway": "elevator",
        "indoor": "yes",
        "level": "-2;-1",
        "osm_id": 10961414986,
        "osm_type": "node",
        "_category": "elevator",
        "_level": -2,
        "_source": "level_b1"
      }
    },
    {
      "type": "Feature",
      "geometry": {
        "type": "Point",
        "coordinates": [
          -0.4556987,
          51.4713348
        ]
      },
      "properties": {
        "highway": "elevator",
        "indoor": "yes",
        "level": "-2;-1",
        "osm_id": 10961414987,
        "osm_type": "node",
        "_category": "elevator",
        "_level": -2,
        "_source": "level_b1"
      }
    },
    {
      "type": "Feature",
      "geometry": {
        "type": "Point",
        "coordinates": [
          -0.4557318,
          51.4713224
        ]
      },
      "properties": {
        "highway": "elevator",
        "indoor": "yes",
        "level": "-2;-1",
        "osm_id": 10961414988,
        "osm_type": "node",
        "_category": "elevator",
        "_level": -2,
        "_source": "level_b1"
      }
    },
    {
      "type": "Feature",
      "geometry": {
        "type": "Point",
        "coordinates": [
          -0.4557935,
          51.4712956
        ]
      },
      "properties": {
        "highway": "elevator",
        "indoor": "yes",
        "level": "-2;-1",
        "osm_id": 10961414989,
        "osm_type": "node",
        "_category": "elevator",
        "_level": -2,
        "_source": "level_b1"
      }
    },
    {
      "type": "Feature",
      "geometry": {
        "type": "Point",
        "coordinates": [
          -0.4555209,
          51.4707621
        ]
      },
      "properties": {
        "highway": "elevator",
        "indoor": "yes",
        "level": "-1;0;2;3;4;5;6",
        "osm_id": 10961414992,
        "osm_type": "node",
        "_category": "elevator",
        "_level": -1,
        "_source": "level_b1"
      }
    },
    {
      "type": "Feature",
      "geometry": {
        "type": "Point",
        "coordinates": [
          -0.4555494,
          51.4707869
        ]
      },
      "properties": {
        "highway": "elevator",
        "indoor": "yes",
        "level": "-1;0;2;3;4;5;6",
        "osm_id": 10961414995,
        "osm_type": "node",
        "_category": "elevator",
        "_level": -1,
        "_source": "level_b1"
      }
    },
    {
      "type": "Feature",
      "geometry": {
        "type": "Point",
        "coordinates": [
          -0.4573696,
          51.4718669
        ]
      },
      "properties": {
        "highway": "elevator",
        "indoor": "yes",
        "level": "0;1",
        "osm_id": 10961425030,
        "osm_type": "node",
        "_category": "elevator",
        "_level": 0,
        "_source": "level_b1"
      }
    },
    {
      "type": "Feature",
      "geometry": {
        "type": "Point",
        "coordinates": [
          -0.4573468,
          51.4718439
        ]
      },
      "properties": {
        "highway": "elevator",
        "indoor": "yes",
        "level": "0;1",
        "osm_id": 10961425031,
        "osm_type": "node",
        "_category": "elevator",
        "_level": 0,
        "_source": "level_b1"
      }
    },
    {
      "type": "Feature",
      "geometry": {
        "type": "Point",
        "coordinates": [
          -0.457324,
          51.4718205
        ]
      },
      "properties": {
        "highway": "elevator",
        "indoor": "yes",
        "level": "0;1",
        "osm_id": 10961425032,
        "osm_type": "node",
        "_category": "elevator",
        "_level": 0,
        "_source": "level_b1"
      }
    },
    {
      "type": "Feature",
      "geometry": {
        "type": "Point",
        "coordinates": [
          -0.4573032,
          51.4717992
        ]
      },
      "properties": {
        "highway": "elevator",
        "indoor": "yes",
        "level": "0;1",
        "osm_id": 10961425034,
        "osm_type": "node",
        "_category": "elevator",
        "_level": 0,
        "_source": "level_b1"
      }
    },
    {
      "type": "Feature",
      "geometry": {
        "type": "Point",
        "coordinates": [
          -0.4585397,
          51.4712943
        ]
      },
      "properties": {
        "highway": "elevator",
        "indoor": "yes",
        "level": "0;1;2",
        "osm_id": 10961425050,
        "osm_type": "node",
        "_category": "elevator",
        "_level": 0,
        "_source": "level_b1"
      }
    },
    {
      "type": "Feature",
      "geometry": {
        "type": "Point",
        "coordinates": [
          -0.4585759,
          51.4712784
        ]
      },
      "properties": {
        "highway": "elevator",
        "indoor": "yes",
        "level": "0;1;2",
        "osm_id": 10961425053,
        "osm_type": "node",
        "_category": "elevator",
        "_level": 0,
        "_source": "level_b1"
      }
    },
    {
      "type": "Feature",
      "geometry": {
        "type": "Point",
        "coordinates": [
          -0.4579939,
          51.470529
        ]
      },
      "properties": {
        "highway": "elevator",
        "indoor": "yes",
        "level": "0;1",
        "osm_id": 10961425060,
        "osm_type": "node",
        "_category": "elevator",
        "_level": 0,
        "_source": "level_b1"
      }
    },
    {
      "type": "Feature",
      "geometry": {
        "type": "Point",
        "coordinates": [
          -0.4579657,
          51.4705023
        ]
      },
      "properties": {
        "highway": "elevator",
        "indoor": "yes",
        "level": "0;1",
        "osm_id": 10961425061,
        "osm_type": "node",
        "_category": "elevator",
        "_level": 0,
        "_source": "level_b1"
      }
    },
    {
      "type": "Feature",
      "geometry": {
        "type": "Point",
        "coordinates": [
          -0.4574866,
          51.4701709
        ]
      },
      "properties": {
        "highway": "elevator",
        "indoor": "yes",
        "level": "0;1",
        "osm_id": 10961425095,
        "osm_type": "node",
        "_category": "elevator",
        "_level": 0,
        "_source": "level_b1"
      }
    },
    {
      "type": "Feature",
      "geometry": {
        "type": "Point",
        "coordinates": [
          -0.4574675,
          51.4701537
        ]
      },
      "properties": {
        "highway": "elevator",
        "indoor": "yes",
        "level": "0;1",
        "osm_id": 10961425096,
        "osm_type": "node",
        "_category": "elevator",
        "_level": 0,
        "_source": "level_b1"
      }
    },
    {
      "type": "Feature",
      "geometry": {
        "type": "Point",
        "coordinates": [
          -0.4516594,
          51.4693248
        ]
      },
      "properties": {
        "highway": "elevator",
        "indoor": "yes",
        "level": "0;1;2;4;5",
        "osm_id": 10962964807,
        "osm_type": "node",
        "_category": "elevator",
        "_level": 0,
        "_source": "level_b1"
      }
    },
    {
      "type": "Feature",
      "geometry": {
        "type": "Point",
        "coordinates": [
          -0.4516597,
          51.4693107
        ]
      },
      "properties": {
        "highway": "elevator",
        "indoor": "yes",
        "level": "0;1;2;4;5",
        "osm_id": 10962964808,
        "osm_type": "node",
        "_category": "elevator",
        "_level": 0,
        "_source": "level_b1"
      }
    },
    {
      "type": "Feature",
      "geometry": {
        "type": "Point",
        "coordinates": [
          -0.4516599,
          51.4693178
        ]
      },
      "properties": {
        "highway": "elevator",
        "indoor": "yes",
        "level": "0;1;2;4;5",
        "osm_id": 10962964809,
        "osm_type": "node",
        "_category": "elevator",
        "_level": 0,
        "_source": "level_b1"
      }
    },
    {
      "type": "Feature",
      "geometry": {
        "type": "Point",
        "coordinates": [
          -0.4516594,
          51.469299
        ]
      },
      "properties": {
        "highway": "elevator",
        "indoor": "yes",
        "level": "0;1;2;4;5",
        "osm_id": 10962964811,
        "osm_type": "node",
        "_category": "elevator",
        "_level": 0,
        "_source": "level_b1"
      }
    },
    {
      "type": "Feature",
      "geometry": {
        "type": "Point",
        "coordinates": [
          -0.451659,
          51.4692916
        ]
      },
      "properties": {
        "highway": "elevator",
        "indoor": "yes",
        "level": "0;1;2;4;5",
        "osm_id": 10962964812,
        "osm_type": "node",
        "_category": "elevator",
        "_level": 0,
        "_source": "level_b1"
      }
    },
    {
      "type": "Feature",
      "geometry": {
        "type": "Point",
        "coordinates": [
          -0.4516587,
          51.4692841
        ]
      },
      "properties": {
        "highway": "elevator",
        "indoor": "yes",
        "level": "0;1;2;4;5",
        "osm_id": 10962964813,
        "osm_type": "node",
        "_category": "elevator",
        "_level": 0,
        "_source": "level_b1"
      }
    },
    {
      "type": "Feature",
      "geometry": {
        "type": "Point",
        "coordinates": [
          -0.4516594,
          51.4693037
        ]
      },
      "properties": {
        "highway": "elevator",
        "indoor": "yes",
        "level": "0;1;2;4;5",
        "osm_id": 10962964814,
        "osm_type": "node",
        "_category": "elevator",
        "_level": 0,
        "_source": "level_b1"
      }
    },
    {
      "type": "Feature",
      "geometry": {
        "type": "Point",
        "coordinates": [
          -0.4516802,
          51.4698146
        ]
      },
      "properties": {
        "highway": "elevator",
        "indoor": "yes",
        "level": "-1;0;1;5",
        "osm_id": 10962964880,
        "osm_type": "node",
        "_category": "elevator",
        "_level": -1,
        "_source": "level_b1"
      }
    },
    {
      "type": "Feature",
      "geometry": {
        "type": "Point",
        "coordinates": [
          -0.4516809,
          51.4698417
        ]
      },
      "properties": {
        "highway": "elevator",
        "indoor": "yes",
        "level": "-1;0;1;5",
        "osm_id": 10962964881,
        "osm_type": "node",
        "_category": "elevator",
        "_level": -1,
        "_source": "level_b1"
      }
    },
    {
      "type": "Feature",
      "geometry": {
        "type": "Point",
        "coordinates": [
          -0.4516802,
          51.4698668
        ]
      },
      "properties": {
        "highway": "elevator",
        "indoor": "yes",
        "level": "-1;0;1;5",
        "osm_id": 10962964882,
        "osm_type": "node",
        "_category": "elevator",
        "_level": -1,
        "_source": "level_b1"
      }
    },
    {
      "type": "Feature",
      "geometry": {
        "type": "Point",
        "coordinates": [
          -0.4516789,
          51.4698977
        ]
      },
      "properties": {
        "highway": "elevator",
        "indoor": "yes",
        "level": "-1;0;1;5",
        "osm_id": 10962964883,
        "osm_type": "node",
        "_category": "elevator",
        "_level": -1,
        "_source": "level_b1"
      }
    },
    {
      "type": "Feature",
      "geometry": {
        "type": "Point",
        "coordinates": [
          -0.4514875,
          51.4702951
        ]
      },
      "properties": {
        "highway": "elevator",
        "indoor": "yes",
        "level": "0;1;5",
        "osm_id": 10963006223,
        "osm_type": "node",
        "_category": "elevator",
        "_level": 0,
        "_source": "level_b1"
      }
    },
    {
      "type": "Feature",
      "geometry": {
        "type": "Point",
        "coordinates": [
          -0.4514886,
          51.4703227
        ]
      },
      "properties": {
        "highway": "elevator",
        "indoor": "yes",
        "level": "0;1;5",
        "osm_id": 10963006226,
        "osm_type": "node",
        "_category": "elevator",
        "_level": 0,
        "_source": "level_b1"
      }
    },
    {
      "type": "Feature",
      "geometry": {
        "type": "Point",
        "coordinates": [
          -0.451451,
          51.4693898
        ]
      },
      "properties": {
        "highway": "elevator",
        "indoor": "yes",
        "level": "0;1;5",
        "osm_id": 10963006231,
        "osm_type": "node",
        "_category": "elevator",
        "_level": 0,
        "_source": "level_b1"
      }
    },
    {
      "type": "Feature",
      "geometry": {
        "type": "Point",
        "coordinates": [
          -0.451452,
          51.4694171
        ]
      },
      "properties": {
        "highway": "elevator",
        "indoor": "yes",
        "level": "0;1;5",
        "osm_id": 10963006232,
        "osm_type": "node",
        "_category": "elevator",
        "_level": 0,
        "_source": "level_b1"
      }
    },
    {
      "type": "Feature",
      "geometry": {
        "type": "Point",
        "coordinates": [
          -0.451451,
          51.469367
        ]
      },
      "properties": {
        "highway": "elevator",
        "indoor": "yes",
        "level": "0;1;5",
        "osm_id": 10963006233,
        "osm_type": "node",
        "_category": "elevator",
        "_level": 0,
        "_source": "level_b1"
      }
    },
    {
      "type": "Feature",
      "geometry": {
        "type": "Point",
        "coordinates": [
          -0.4600253,
          51.4697351
        ]
      },
      "properties": {
        "highway": "elevator",
        "indoor": "yes",
        "level": "1;2",
        "osm_id": 10963024237,
        "osm_type": "node",
        "_category": "elevator",
        "_level": 1,
        "_source": "level_b1"
      }
    },
    {
      "type": "Feature",
      "geometry": {
        "type": "Point",
        "coordinates": [
          -0.4599905,
          51.4697046
        ]
      },
      "properties": {
        "highway": "elevator",
        "indoor": "yes",
        "level": "1;2",
        "osm_id": 10963024238,
        "osm_type": "node",
        "_category": "elevator",
        "_level": 1,
        "_source": "level_b1"
      }
    },
    {
      "type": "Feature",
      "geometry": {
        "type": "Point",
        "coordinates": [
          -0.4604666,
          51.4700049
        ]
      },
      "properties": {
        "highway": "elevator",
        "indoor": "yes",
        "level": "1;2",
        "osm_id": 10963024255,
        "osm_type": "node",
        "_category": "elevator",
        "_level": 1,
        "_source": "level_b1"
      }
    },
    {
      "type": "Feature",
      "geometry": {
        "type": "Point",
        "coordinates": [
          -0.4604317,
          51.4699744
        ]
      },
      "properties": {
        "highway": "elevator",
        "indoor": "yes",
        "level": "1;2",
        "osm_id": 10963024256,
        "osm_type": "node",
        "_category": "elevator",
        "_level": 1,
        "_source": "level_b1"
      }
    },
    {
      "type": "Feature",
      "geometry": {
        "type": "Point",
        "coordinates": [
          -0.459909,
          51.4702145
        ]
      },
      "properties": {
        "highway": "elevator",
        "indoor": "yes",
        "level": "1;2",
        "osm_id": 10963024263,
        "osm_type": "node",
        "_category": "elevator",
        "_level": 1,
        "_source": "level_b1"
      }
    },
    {
      "type": "Feature",
      "geometry": {
        "type": "Point",
        "coordinates": [
          -0.4598741,
          51.470184
        ]
      },
      "properties": {
        "highway": "elevator",
        "indoor": "yes",
        "level": "1;2",
        "osm_id": 10963024265,
        "osm_type": "node",
        "_category": "elevator",
        "_level": 1,
        "_source": "level_b1"
      }
    },
    {
      "type": "Feature",
      "geometry": {
        "type": "Point",
        "coordinates": [
          -0.4549921,
          51.4687997
        ]
      },
      "properties": {
        "highway": "elevator",
        "indoor": "yes",
        "level": "2;1",
        "osm_id": 10963024278,
        "osm_type": "node",
        "_category": "elevator",
        "_level": 2,
        "_source": "level_b1"
      }
    },
    {
      "type": "Feature",
      "geometry": {
        "type": "Point",
        "coordinates": [
          -0.4562769,
          51.4688064
        ]
      },
      "properties": {
        "highway": "elevator",
        "indoor": "yes",
        "level": "2;1",
        "osm_id": 10963024286,
        "osm_type": "node",
        "_category": "elevator",
        "_level": 2,
        "_source": "level_b1"
      }
    },
    {
      "type": "Feature",
      "geometry": {
        "type": "Point",
        "coordinates": [
          -0.4575657,
          51.4687855
        ]
      },
      "properties": {
        "highway": "elevator",
        "indoor": "yes",
        "level": "2;1",
        "osm_id": 10963024295,
        "osm_type": "node",
        "_category": "elevator",
        "_level": 2,
        "_source": "level_b1"
      }
    },
    {
      "type": "Feature",
      "geometry": {
        "type": "Point",
        "coordinates": [
          -0.4588515,
          51.4688106
        ]
      },
      "properties": {
        "highway": "elevator",
        "indoor": "yes",
        "level": "2;1",
        "osm_id": 10963024303,
        "osm_type": "node",
        "_category": "elevator",
        "_level": 2,
        "_source": "level_b1"
      }
    },
    {
      "type": "Feature",
      "geometry": {
        "type": "Point",
        "coordinates": [
          -0.4645865,
          51.4737275
        ]
      },
      "properties": {
        "highway": "elevator",
        "indoor": "yes",
        "level": "2;1",
        "osm_id": 10963030215,
        "osm_type": "node",
        "_category": "elevator",
        "_level": 2,
        "_source": "level_b1"
      }
    },
    {
      "type": "Feature",
      "geometry": {
        "type": "Point",
        "coordinates": [
          -0.4644929,
          51.4737262
        ]
      },
      "properties": {
        "highway": "elevator",
        "indoor": "yes",
        "level": "2;1",
        "osm_id": 10963030217,
        "osm_type": "node",
        "_category": "elevator",
        "_level": 2,
        "_source": "level_b1"
      }
    },
    {
      "type": "Feature",
      "geometry": {
        "type": "Point",
        "coordinates": [
          -0.4645794,
          51.4736097
        ]
      },
      "properties": {
        "highway": "elevator",
        "indoor": "yes",
        "level": "1;2",
        "osm_id": 10963030218,
        "osm_type": "node",
        "_category": "elevator",
        "_level": 1,
        "_source": "level_b1"
      }
    },
    {
      "type": "Feature",
      "geometry": {
        "type": "Point",
        "coordinates": [
          -0.4645653,
          51.4733292
        ]
      },
      "properties": {
        "highway": "elevator",
        "indoor": "yes",
        "level": "2;1",
        "osm_id": 10963030227,
        "osm_type": "node",
        "_category": "elevator",
        "_level": 2,
        "_source": "level_b1"
      }
    },
    {
      "type": "Feature",
      "geometry": {
        "type": "Point",
        "coordinates": [
          -0.4644718,
          51.473328
        ]
      },
      "properties": {
        "highway": "elevator",
        "indoor": "yes",
        "level": "2;1",
        "osm_id": 10963030229,
        "osm_type": "node",
        "_category": "elevator",
        "_level": 2,
        "_source": "level_b1"
      }
    },
    {
      "type": "Feature",
      "geometry": {
        "type": "Point",
        "coordinates": [
          -0.4626244,
          51.4734048
        ]
      },
      "properties": {
        "highway": "elevator",
        "indoor": "yes",
        "level": "2;1",
        "osm_id": 10963030238,
        "osm_type": "node",
        "_category": "elevator",
        "_level": 2,
        "_source": "level_b1"
      }
    },
    {
      "type": "Feature",
      "geometry": {
        "type": "Point",
        "coordinates": [
          -0.4621882,
          51.4730076
        ]
      },
      "properties": {
        "highway": "elevator",
        "indoor": "yes",
        "level": "2;1",
        "osm_id": 10963030246,
        "osm_type": "node",
        "_category": "elevator",
        "_level": 2,
        "_source": "level_b1"
      }
    },
    {
      "type": "Feature",
      "geometry": {
        "type": "Point",
        "coordinates": [
          -0.4619719,
          51.4728006
        ]
      },
      "properties": {
        "highway": "elevator",
        "indoor": "yes",
        "level": "2;1",
        "osm_id": 10963030249,
        "osm_type": "node",
        "_category": "elevator",
        "_level": 2,
        "_source": "level_b1"
      }
    },
    {
      "type": "Feature",
      "geometry": {
        "type": "Point",
        "coordinates": [
          -0.4622009,
          51.4725637
        ]
      },
      "properties": {
        "highway": "elevator",
        "indoor": "yes",
        "level": "1;2",
        "osm_id": 10963030261,
        "osm_type": "node",
        "_category": "elevator",
        "_level": 1,
        "_source": "level_b1"
      }
    },
    {
      "type": "Feature",
      "geometry": {
        "type": "Point",
        "coordinates": [
          -0.4611629,
          51.4716033
        ]
      },
      "properties": {
        "highway": "elevator",
        "indoor": "yes",
        "level": "1;2",
        "osm_id": 10963030264,
        "osm_type": "node",
        "_category": "elevator",
        "_level": 1,
        "_source": "level_b1"
      }
    },
    {
      "type": "Feature",
      "geometry": {
        "type": "Point",
        "coordinates": [
          -0.4609665,
          51.4714931
        ]
      },
      "properties": {
        "highway": "elevator",
        "indoor": "yes",
        "level": "1;2",
        "osm_id": 10963030274,
        "osm_type": "node",
        "_category": "elevator",
        "_level": 1,
        "_source": "level_b1"
      }
    },
    {
      "type": "Feature",
      "geometry": {
        "type": "Point",
        "coordinates": [
          -0.4604059,
          51.4710328
        ]
      },
      "properties": {
        "highway": "elevator",
        "indoor": "yes",
        "level": "1;2",
        "osm_id": 10963030278,
        "osm_type": "node",
        "_category": "elevator",
        "_level": 1,
        "_source": "level_b1"
      }
    },
    {
      "type": "Feature",
      "geometry": {
        "type": "Point",
        "coordinates": [
          -0.4615993,
          51.4724883
        ]
      },
      "properties": {
        "highway": "elevator",
        "indoor": "yes",
        "level": "1;2",
        "osm_id": 10963030305,
        "osm_type": "node",
        "_category": "elevator",
        "_level": 1,
        "_source": "level_b1"
      }
    },
    {
      "type": "Feature",
      "geometry": {
        "type": "Point",
        "coordinates": [
          -0.4611817,
          51.4722265
        ]
      },
      "properties": {
        "highway": "elevator",
        "indoor": "yes",
        "level": "0;1",
        "osm_id": 10963030317,
        "osm_type": "node",
        "_category": "elevator",
        "_level": 0,
        "_source": "level_b1"
      }
    },
    {
      "type": "Feature",
      "geometry": {
        "type": "Point",
        "coordinates": [
          -0.4610489,
          51.4720971
        ]
      },
      "properties": {
        "highway": "elevator",
        "indoor": "yes",
        "level": "0;1",
        "osm_id": 10963030318,
        "osm_type": "node",
        "_category": "elevator",
        "_level": 0,
        "_source": "level_b1"
      }
    },
    {
      "type": "Feature",
      "geometry": {
        "type": "Point",
        "coordinates": [
          -0.4604615,
          51.4714388
        ]
      },
      "properties": {
        "highway": "elevator",
        "indoor": "yes",
        "level": "1;2",
        "osm_id": 10963030328,
        "osm_type": "node",
        "_category": "elevator",
        "_level": 1,
        "_source": "level_b1"
      }
    },
    {
      "type": "Feature",
      "geometry": {
        "type": "Point",
        "coordinates": [
          -0.4604186,
          51.4714563
        ]
      },
      "properties": {
        "highway": "elevator",
        "indoor": "yes",
        "level": "1;2",
        "osm_id": 10963030329,
        "osm_type": "node",
        "_category": "elevator",
        "_level": 1,
        "_source": "level_b1"
      }
    },
    {
      "type": "Feature",
      "geometry": {
        "type": "Point",
        "coordinates": [
          -0.4596502,
          51.4709835
        ]
      },
      "properties": {
        "highway": "elevator",
        "indoor": "yes",
        "level": "1;2",
        "osm_id": 10963030354,
        "osm_type": "node",
        "_category": "elevator",
        "_level": 1,
        "_source": "level_b1"
      }
    },
    {
      "type": "Feature",
      "geometry": {
        "type": "Point",
        "coordinates": [
          -0.4602014,
          51.4715098
        ]
      },
      "properties": {
        "highway": "elevator",
        "indoor": "yes",
        "level": "0;1",
        "osm_id": 10963030357,
        "osm_type": "node",
        "_category": "elevator",
        "_level": 0,
        "_source": "level_b1"
      }
    },
    {
      "type": "Feature",
      "geometry": {
        "type": "Point",
        "coordinates": [
          -0.4597544,
          51.4709177
        ]
      },
      "properties": {
        "highway": "elevator",
        "indoor": "yes",
        "level": "0;2",
        "osm_id": 10963030361,
        "osm_type": "node",
        "_category": "elevator",
        "_level": 0,
        "_source": "level_b1"
      }
    },
    {
      "type": "Feature",
      "geometry": {
        "type": "Point",
        "coordinates": [
          -0.4598212,
          51.4708903
        ]
      },
      "properties": {
        "highway": "elevator",
        "indoor": "yes",
        "level": "0;2",
        "osm_id": 10963030362,
        "osm_type": "node",
        "_category": "elevator",
        "_level": 0,
        "_source": "level_b1"
      }
    },
    {
      "type": "Feature",
      "geometry": {
        "type": "Point",
        "coordinates": [
          -0.4471348,
          51.4705068
        ]
      },
      "properties": {
        "highway": "elevator",
        "indoor": "yes",
        "level": "-2;-1;0;4",
        "osm_id": 11517538098,
        "osm_type": "node",
        "_category": "elevator",
        "_level": -2,
        "_source": "level_b1"
      }
    },
    {
      "type": "Feature",
      "geometry": {
        "type": "Point",
        "coordinates": [
          -0.4472073,
          51.4705469
        ]
      },
      "properties": {
        "highway": "elevator",
        "indoor": "yes",
        "level": "-2;-1;0;4",
        "osm_id": 11517538099,
        "osm_type": "node",
        "_category": "elevator",
        "_level": -2,
        "_source": "level_b1"
      }
    },
    {
      "type": "Feature",
      "geometry": {
        "type": "Point",
        "coordinates": [
          -0.447207,
          51.4705247
        ]
      },
      "properties": {
        "highway": "elevator",
        "indoor": "yes",
        "level": "-2;-1;0;4",
        "osm_id": 11517538100,
        "osm_type": "node",
        "_category": "elevator",
        "_level": -2,
        "_source": "level_b1"
      }
    },
    {
      "type": "Feature",
      "geometry": {
        "type": "Point",
        "coordinates": [
          -0.4472066,
          51.4705015
        ]
      },
      "properties": {
        "highway": "elevator",
        "indoor": "yes",
        "level": "-2;-1;0;4",
        "osm_id": 11517538101,
        "osm_type": "node",
        "_category": "elevator",
        "_level": -2,
        "_source": "level_b1"
      }
    },
    {
      "type": "Feature",
      "geometry": {
        "type": "Point",
        "coordinates": [
          -0.4574284,
          51.4705385
        ]
      },
      "properties": {
        "highway": "elevator",
        "level": "0;-1",
        "osm_id": 12843511595,
        "osm_type": "node",
        "_category": "elevator",
        "_level": 0,
        "_source": "level_b1"
      }
    },
    {
      "type": "Feature",
      "geometry": {
        "type": "Point",
        "coordinates": [
          -0.4557648,
          51.4713078
        ]
      },
      "properties": {
        "highway": "elevator",
        "osm_id": 12843511599,
        "osm_type": "node",
        "_category": "elevator",
        "_level": null,
        "_source": "level_b1"
      }
    },
    {
      "type": "Feature",
      "geometry": {
        "type": "Point",
        "coordinates": [
          -0.4574655,
          51.4705681
        ]
      },
      "properties": {
        "highway": "elevator",
        "level": "0;-1",
        "osm_id": 12843514621,
        "osm_type": "node",
        "_category": "elevator",
        "_level": 0,
        "_source": "level_b1"
      }
    },
    {
      "type": "Feature",
      "geometry": {
        "type": "Point",
        "coordinates": [
          -0.4574112,
          51.4705261
        ]
      },
      "properties": {
        "highway": "elevator",
        "level": "0;-1",
        "osm_id": 12843514626,
        "osm_type": "node",
        "_category": "elevator",
        "_level": 0,
        "_source": "level_b1"
      }
    },
    {
      "type": "Feature",
      "geometry": {
        "type": "Point",
        "coordinates": [
          -0.4868343,
          51.4727366
        ]
      },
      "properties": {
        "highway": "elevator",
        "indoor": "yes",
        "level": "1;2",
        "osm_id": 13400797595,
        "osm_type": "node",
        "_category": "elevator",
        "_level": 1,
        "_source": "level_b1"
      }
    },
    {
      "type": "Feature",
      "geometry": {
        "type": "Point",
        "coordinates": [
          -0.4889446,
          51.4704831
        ]
      },
      "properties": {
        "highway": "elevator",
        "indoor": "yes",
        "level": "0;1;2;3",
        "level_ref": "0",
        "osm_id": 13400852705,
        "osm_type": "node",
        "_category": "elevator",
        "_level": 0,
        "_source": "level_b1"
      }
    },
    {
      "type": "Feature",
      "geometry": {
        "type": "Point",
        "coordinates": [
          -0.4890476,
          51.4704826
        ]
      },
      "properties": {
        "highway": "elevator",
        "indoor": "yes",
        "level": "0;1;2;3",
        "level_ref": "0",
        "osm_id": 13400852706,
        "osm_type": "node",
        "_category": "elevator",
        "_level": 0,
        "_source": "level_b1"
      }
    },
    {
      "type": "Feature",
      "geometry": {
        "type": "Point",
        "coordinates": [
          -0.489502,
          51.4710706
        ]
      },
      "properties": {
        "highway": "elevator",
        "indoor": "yes",
        "level": "0;1;1.5;2;2.5;3",
        "level_ref": "0",
        "osm_id": 13400852792,
        "osm_type": "node",
        "_category": "elevator",
        "_level": 0,
        "_source": "level_b1"
      }
    },
    {
      "type": "Feature",
      "geometry": {
        "type": "Point",
        "coordinates": [
          -0.4893871,
          51.472212
        ]
      },
      "properties": {
        "highway": "elevator",
        "indoor": "yes",
        "level": "-3;-1;0;3",
        "osm_id": 13400852991,
        "osm_type": "node",
        "_category": "elevator",
        "_level": -3,
        "_source": "level_b1"
      }
    },
    {
      "type": "Feature",
      "geometry": {
        "type": "Point",
        "coordinates": [
          -0.4894264,
          51.4722119
        ]
      },
      "properties": {
        "highway": "elevator",
        "indoor": "yes",
        "level": "-3;-1;0;3",
        "osm_id": 13400853004,
        "osm_type": "node",
        "_category": "elevator",
        "_level": -3,
        "_source": "level_b1"
      }
    },
    {
      "type": "Feature",
      "geometry": {
        "type": "Point",
        "coordinates": [
          -0.4893478,
          51.4722122
        ]
      },
      "properties": {
        "highway": "elevator",
        "indoor": "yes",
        "level": "-3;-1;0;3",
        "osm_id": 13400853015,
        "osm_type": "node",
        "_category": "elevator",
        "_level": -3,
        "_source": "level_b1"
      }
    },
    {
      "type": "Feature",
      "geometry": {
        "type": "Point",
        "coordinates": [
          -0.4892692,
          51.4722125
        ]
      },
      "properties": {
        "highway": "elevator",
        "indoor": "yes",
        "level": "-3;-1;0;3",
        "osm_id": 13400853016,
        "osm_type": "node",
        "_category": "elevator",
        "_level": -3,
        "_source": "level_b1"
      }
    },
    {
      "type": "Feature",
      "geometry": {
        "type": "Point",
        "coordinates": [
          -0.4893085,
          51.4722124
        ]
      },
      "properties": {
        "highway": "elevator",
        "indoor": "yes",
        "level": "-3;-1;0;3",
        "osm_id": 13400853017,
        "osm_type": "node",
        "_category": "elevator",
        "_level": -3,
        "_source": "level_b1"
      }
    },
    {
      "type": "Feature",
      "geometry": {
        "type": "Point",
        "coordinates": [
          -0.489272,
          51.4724926
        ]
      },
      "properties": {
        "highway": "elevator",
        "indoor": "yes",
        "level": "-3;-1;0;3",
        "osm_id": 13400853030,
        "osm_type": "node",
        "_category": "elevator",
        "_level": -3,
        "_source": "level_b1"
      }
    },
    {
      "type": "Feature",
      "geometry": {
        "type": "Point",
        "coordinates": [
          -0.4893113,
          51.4724924
        ]
      },
      "properties": {
        "highway": "elevator",
        "indoor": "yes",
        "level": "-3;-1;0;3",
        "osm_id": 13400853031,
        "osm_type": "node",
        "_category": "elevator",
        "_level": -3,
        "_source": "level_b1"
      }
    },
    {
      "type": "Feature",
      "geometry": {
        "type": "Point",
        "coordinates": [
          -0.4880641,
          51.4716465
        ]
      },
      "properties": {
        "highway": "elevator",
        "indoor": "yes",
        "level": "2;3",
        "osm_id": 13400853103,
        "osm_type": "node",
        "_category": "elevator",
        "_level": 2,
        "_source": "level_b1"
      }
    },
    {
      "type": "Feature",
      "geometry": {
        "type": "LineString",
        "coordinates": [
          [
            -0.4862836,
            51.470852
          ],
          [
            -0.4859947,
            51.4708494
          ],
          [
            -0.4852371,
            51.4708469
          ],
          [
            -0.4838432,
            51.4708422
          ],
          [
            -0.4813366,
            51.4708546
          ],
          [
            -0.4812484,
            51.4708544
          ],
          [
            -0.4807654,
            51.470853
          ]
        ]
      },
      "properties": {
        "electrified": "yes",
        "indoor": "yes",
        "level": "-2",
        "monorail": "rubber_tyres",
        "name": "Track Transit System",
        "operator": "Heathrow Airport",
        "railway": "monorail",
        "start_date": "2007",
        "tunnel": "yes",
        "osm_id": 42433440,
        "osm_type": "way",
        "_category": "yes",
        "_level": -2,
        "_source": "level_b1"
      }
    },
    {
      "type": "Feature",
      "geometry": {
        "type": "LineString",
        "coordinates": [
          [
            -0.4893503,
            51.4724628
          ],
          [
            -0.4893506,
            51.4724923
          ]
        ]
      },
      "properties": {
        "highway": "footway",
        "indoor": "yes",
        "level": "-3",
        "osm_id": 136853379,
        "osm_type": "way",
        "_category": "yes",
        "_level": -3,
        "_source": "level_b1"
      }
    },
    {
      "type": "Feature",
      "geometry": {
        "type": "LineString",
        "coordinates": [
          [
            -0.4893896,
            51.4724626
          ],
          [
            -0.4893899,
            51.4724921
          ]
        ]
      },
      "properties": {
        "highway": "footway",
        "indoor": "yes",
        "level": "-3",
        "osm_id": 136853390,
        "osm_type": "way",
        "_category": "yes",
        "_level": -3,
        "_source": "level_b1"
      }
    },
    {
      "type": "Feature",
      "geometry": {
        "type": "LineString",
        "coordinates": [
          [
            -0.4892297,
            51.4722127
          ],
          [
            -0.4887688,
            51.4722144
          ]
        ]
      },
      "properties": {
        "highway": "footway",
        "indoor": "yes",
        "level": "-3",
        "level_ref": "-3",
        "tunnel": "yes",
        "osm_id": 136853413,
        "osm_type": "way",
        "_category": "yes",
        "_level": -3,
        "_source": "level_b1"
      }
    },
    {
      "type": "Feature",
      "geometry": {
        "type": "LineString",
        "coordinates": [
          [
            -0.4892328,
            51.4724928
          ],
          [
            -0.4887678,
            51.4724969
          ]
        ]
      },
      "properties": {
        "highway": "footway",
        "indoor": "yes",
        "level": "-3",
        "level_ref": "-3",
        "tunnel": "yes",
        "osm_id": 136853421,
        "osm_type": "way",
        "_category": "yes",
        "_level": -3,
        "_source": "level_b1"
      }
    },
    {
      "type": "Feature",
      "geometry": {
        "type": "LineString",
        "coordinates": [
          [
            -0.4892324,
            51.4724632
          ],
          [
            -0.4892717,
            51.4724631
          ],
          [
            -0.489311,
            51.4724629
          ],
          [
            -0.4893503,
            51.4724628
          ],
          [
            -0.4893896,
            51.4724626
          ],
          [
            -0.4894289,
            51.4724624
          ],
          [
            -0.4894292,
            51.4724919
          ]
        ]
      },
      "properties": {
        "highway": "footway",
        "indoor": "yes",
        "level": "-3",
        "osm_id": 136853433,
        "osm_type": "way",
        "_category": "yes",
        "_level": -3,
        "_source": "level_b1"
      }
    },
    {
      "type": "Feature",
      "geometry": {
        "type": "LineString",
        "coordinates": [
          [
            -0.4866396,
            51.4709458
          ],
          [
            -0.4873143,
            51.4709453
          ]
        ]
      },
      "properties": {
        "airside": "yes",
        "conveying": "forward",
        "highway": "steps",
        "incline": "up",
        "indoor": "yes",
        "level": "-2;2",
        "osm_id": 137514841,
        "osm_type": "way",
        "_category": "yes",
        "_level": -2,
        "_source": "level_b1"
      }
    },
    {
      "type": "Feature",
      "geometry": {
        "type": "LineString",
        "coordinates": [
          [
            -0.4887678,
            51.4724969
          ],
          [
            -0.4881076,
            51.4724977
          ]
        ]
      },
      "properties": {
        "highway": "footway",
        "indoor": "yes",
        "level": "-3",
        "level_ref": "-3",
        "tunnel": "yes",
        "osm_id": 137572013,
        "osm_type": "way",
        "_category": "yes",
        "_level": -3,
        "_source": "level_b1"
      }
    },
    {
      "type": "Feature",
      "geometry": {
        "type": "LineString",
        "coordinates": [
          [
            -0.4887688,
            51.4722144
          ],
          [
            -0.4880999,
            51.4722117
          ]
        ]
      },
      "properties": {
        "highway": "footway",
        "indoor": "yes",
        "level": "-3",
        "level_ref": "-3",
        "tunnel": "yes",
        "osm_id": 137572014,
        "osm_type": "way",
        "_category": "yes",
        "_level": -3,
        "_source": "level_b1"
      }
    },
    {
      "type": "Feature",
      "geometry": {
        "type": "LineString",
        "coordinates": [
          [
            -0.4881004,
            51.4722473
          ],
          [
            -0.4880999,
            51.4722117
          ],
          [
            -0.4880994,
            51.4721818
          ]
        ]
      },
      "properties": {
        "highway": "footway",
        "indoor": "yes",
        "level": "-3",
        "level_ref": "-3",
        "tunnel": "yes",
        "osm_id": 137572016,
        "osm_type": "way",
        "_category": "yes",
        "_level": -3,
        "_source": "level_b1"
      }
    },
    {
      "type": "Feature",
      "geometry": {
        "type": "LineString",
        "coordinates": [
          [
            -0.4881079,
            51.4725451
          ],
          [
            -0.4881076,
            51.4724977
          ],
          [
            -0.488107,
            51.4724599
          ]
        ]
      },
      "properties": {
        "highway": "footway",
        "indoor": "yes",
        "level": "-3",
        "level_ref": "-3",
        "tunnel": "yes",
        "osm_id": 137572018,
        "osm_type": "way",
        "_category": "yes",
        "_level": -3,
        "_source": "level_b1"
      }
    },
    {
      "type": "Feature",
      "geometry": {
        "type": "Polygon",
        "coordinates": [
          [
            [
              -0.4867577,
              51.4721516
            ],
            [
              -0.4891791,
              51.4721445
            ],
            [
              -0.4891793,
              51.4721787
            ],
            [
              -0.4880994,
              51.4721818
            ],
            [
              -0.4867555,
              51.4721694
            ],
            [
              -0.4867577,
              51.4721516
            ]
          ]
        ]
      },
      "properties": {
        "area": "yes",
        "bench": "yes",
        "bin": "yes",
        "gtfs:stop_id:GB-Aubin": "9100HTRWTM53",
        "indoor": "yes",
        "level": "-3",
        "level_ref": "-3",
        "name": "Platform 3",
        "public_transport": "platform",
        "railway": "platform",
        "ref": "3",
        "tactile_paving": "no",
        "train": "yes",
        "tunnel": "yes",
        "osm_id": 137572023,
        "osm_type": "way",
        "_category": "yes",
        "_level": -3,
        "_source": "level_b1"
      }
    },
    {
      "type": "Feature",
      "geometry": {
        "type": "Polygon",
        "coordinates": [
          [
            [
              -0.4891771,
              51.4722773
            ],
            [
              -0.4867585,
              51.4722859
            ],
            [
              -0.4867582,
              51.4722522
            ],
            [
              -0.4881004,
              51.4722473
            ],
            [
              -0.4883717,
              51.4722481
            ],
            [
              -0.4891768,
              51.4722435
            ],
            [
              -0.4891771,
              51.4722773
            ]
          ]
        ]
      },
      "properties": {
        "area": "yes",
        "bench": "yes",
        "bin": "yes",
        "gtfs:stop_id:GB-Aubin": "9100HTRWTM54",
        "indoor": "yes",
        "level": "-3",
        "level_ref": "-3",
        "name": "Platform 4",
        "public_transport": "platform",
        "railway": "platform",
        "ref": "4",
        "train": "yes",
        "tunnel": "yes",
        "osm_id": 137572024,
        "osm_type": "way",
        "_category": "yes",
        "_level": -3,
        "_source": "level_b1"
      }
    },
    {
      "type": "Feature",
      "geometry": {
        "type": "Polygon",
        "coordinates": [
          [
            [
              -0.4867632,
              51.4724362
            ],
            [
              -0.4887009,
              51.4724348
            ],
            [
              -0.488701,
              51.4724595
            ],
            [
              -0.488107,
              51.4724599
            ],
            [
              -0.4867632,
              51.4724608
            ],
            [
              -0.4867632,
              51.4724362
            ]
          ]
        ]
      },
      "properties": {
        "area": "yes",
        "bench": "yes",
        "bin": "yes",
        "indoor": "yes",
        "level": "-3",
        "level_ref": "-3",
        "lit": "yes",
        "name": "Platform 5",
        "naptan:AtcoCode": "9400ZZLUHR51",
        "platform": "subway",
        "public_transport": "platform",
        "railway": "platform",
        "ref": "5",
        "subway": "yes",
        "tactile_paving": "yes",
        "tunnel": "yes",
        "osm_id": 137572025,
        "osm_type": "way",
        "_category": "yes",
        "_level": -3,
        "_source": "level_b1"
      }
    },
    {
      "type": "Feature",
      "geometry": {
        "type": "Polygon",
        "coordinates": [
          [
            [
              -0.4887047,
              51.4725676
            ],
            [
              -0.486768,
              51.4725708
            ],
            [
              -0.4867679,
              51.4725474
            ],
            [
              -0.4881079,
              51.4725451
            ],
            [
              -0.4887046,
              51.4725441
            ],
            [
              -0.4887047,
              51.4725676
            ]
          ]
        ]
      },
      "properties": {
        "area": "yes",
        "bench": "yes",
        "bin": "yes",
        "indoor": "yes",
        "level": "-3",
        "level_ref": "-3",
        "lit": "yes",
        "name": "Platform 6",
        "naptan:AtcoCode": "9400ZZLUHR51",
        "platform": "subway",
        "public_transport": "platform",
        "railway": "platform",
        "ref": "6",
        "subway": "yes",
        "tactile_paving": "yes",
        "tunnel": "yes",
        "osm_id": 137572026,
        "osm_type": "way",
        "_category": "yes",
        "_level": -3,
        "_source": "level_b1"
      }
    },
    {
      "type": "Feature",
      "geometry": {
        "type": "LineString",
        "coordinates": [
          [
            -0.486918,
            51.4711631
          ],
          [
            -0.4815066,
            51.4711642
          ],
          [
            -0.4810473,
            51.4711648
          ],
          [
            -0.4763994,
            51.4711011
          ],
          [
            -0.4761827,
            51.471033
          ]
        ]
      },
      "properties": {
        "airside": "yes",
        "description": "Underground concourse to gates",
        "highway": "footway",
        "indoor": "yes",
        "layer": "-1",
        "level": "-4",
        "level_ref": "-4",
        "surface": "concrete",
        "tunnel": "yes",
        "osm_id": 369948558,
        "osm_type": "way",
        "_category": "yes",
        "_level": -4,
        "_source": "level_b1"
      }
    },
    {
      "type": "Feature",
      "geometry": {
        "type": "LineString",
        "coordinates": [
          [
            -0.4862842,
            51.4708222
          ],
          [
            -0.485673,
            51.4708249
          ]
        ]
      },
      "properties": {
        "airside": "yes",
        "bench": "no",
        "bin": "no",
        "indoor": "yes",
        "layer": "-1",
        "level": "-2",
        "level_ref": "-2",
        "note": "Flight Arrivals",
        "public_transport": "platform",
        "railway": "platform",
        "start_date": "2007",
        "osm_id": 377300375,
        "osm_type": "way",
        "_category": "yes",
        "_level": -2,
        "_source": "level_b1"
      }
    },
    {
      "type": "Feature",
      "geometry": {
        "type": "LineString",
        "coordinates": [
          [
            -0.4856805,
            51.4711451
          ],
          [
            -0.4862864,
            51.4711419
          ]
        ]
      },
      "properties": {
        "airside": "yes",
        "bench": "no",
        "bin": "no",
        "indoor": "yes",
        "layer": "-1",
        "level": "-2",
        "level_ref": "-2",
        "note": "Flight Arrivals",
        "public_transport": "platform",
        "railway": "platform",
        "start_date": "2007",
        "osm_id": 377300377,
        "osm_type": "way",
        "_category": "yes",
        "_level": -2,
        "_source": "level_b1"
      }
    },
    {
      "type": "Feature",
      "geometry": {
        "type": "LineString",
        "coordinates": [
          [
            -0.4533591,
            51.4717406
          ],
          [
            -0.4531761,
            51.4716582
          ]
        ]
      },
      "properties": {
        "conveying": "yes",
        "highway": "steps",
        "incline": "up",
        "indoor": "yes",
        "layer": "-4",
        "level": "-4;-2",
        "ref": "esc 1",
        "tunnel": "yes",
        "osm_id": 446320647,
        "osm_type": "way",
        "_category": "yes",
        "_level": -4,
        "_source": "level_b1"
      }
    },
    {
      "type": "Feature",
      "geometry": {
        "type": "LineString",
        "coordinates": [
          [
            -0.4533566,
            51.4717792
          ],
          [
            -0.4533867,
            51.4717531
          ],
          [
            -0.4534035,
            51.4717387
          ],
          [
            -0.4534333,
            51.471713
          ],
          [
            -0.4534196,
            51.4717068
          ]
        ]
      },
      "properties": {
        "highway": "footway",
        "indoor": "yes",
        "layer": "-4",
        "level": "-4",
        "tunnel": "yes",
        "wheelchair": "yes",
        "osm_id": 446320651,
        "osm_type": "way",
        "_category": "yes",
        "_level": -4,
        "_source": "level_b1"
      }
    },
    {
      "type": "Feature",
      "geometry": {
        "type": "LineString",
        "coordinates": [
          [
            -0.4524645,
            51.4714102
          ],
          [
            -0.4524195,
            51.4714038
          ]
        ]
      },
      "properties": {
        "highway": "footway",
        "indoor": "yes",
        "layer": "-2",
        "level": "-1",
        "tunnel": "yes",
        "osm_id": 570155531,
        "osm_type": "way",
        "_category": "yes",
        "_level": -1,
        "_source": "level_b1"
      }
    },
    {
      "type": "Feature",
      "geometry": {
        "type": "LineString",
        "coordinates": [
          [
            -0.4524419,
            51.4713834
          ],
          [
            -0.4524645,
            51.4714102
          ],
          [
            -0.4524313,
            51.4713938
          ]
        ]
      },
      "properties": {
        "highway": "footway",
        "indoor": "yes",
        "layer": "-2",
        "level": "-1",
        "tunnel": "yes",
        "osm_id": 570155539,
        "osm_type": "way",
        "_category": "yes",
        "_level": -1,
        "_source": "level_b1"
      }
    },
    {
      "type": "Feature",
      "geometry": {
        "type": "LineString",
        "coordinates": [
          [
            -0.4529043,
            51.4711861
          ],
          [
            -0.4528676,
            51.4712144
          ],
          [
            -0.4527927,
            51.471285
          ],
          [
            -0.4527815,
            51.4712934
          ],
          [
            -0.4527186,
            51.4713498
          ],
          [
            -0.4526833,
            51.4713792
          ],
          [
            -0.452646,
            51.4714106
          ],
          [
            -0.452589,
            51.4714662
          ],
          [
            -0.4524645,
            51.4714102
          ]
        ]
      },
      "properties": {
        "highway": "footway",
        "indoor": "yes",
        "level": "-1",
        "tunnel": "yes",
        "osm_id": 570155546,
        "osm_type": "way",
        "_category": "yes",
        "_level": -1,
        "_source": "level_b1"
      }
    },
    {
      "type": "Feature",
      "geometry": {
        "type": "LineString",
        "coordinates": [
          [
            -0.4524195,
            51.4714038
          ],
          [
            -0.4523135,
            51.4713574
          ]
        ]
      },
      "properties": {
        "conveying": "no",
        "highway": "steps",
        "incline": "up",
        "indoor": "yes",
        "layer": "-4",
        "level": "-1;0",
        "ref": "esc 7",
        "tunnel": "yes",
        "osm_id": 570155566,
        "osm_type": "way",
        "_category": "yes",
        "_level": -1,
        "_source": "level_b1"
      }
    },
    {
      "type": "Feature",
      "geometry": {
        "type": "LineString",
        "coordinates": [
          [
            -0.4524313,
            51.4713938
          ],
          [
            -0.4523266,
            51.4713472
          ]
        ]
      },
      "properties": {
        "conveying": "yes",
        "highway": "steps",
        "incline": "up",
        "indoor": "yes",
        "layer": "-4",
        "level": "-1;0",
        "ref": "esc 5",
        "tunnel": "yes",
        "osm_id": 570155588,
        "osm_type": "way",
        "_category": "yes",
        "_level": -1,
        "_source": "level_b1"
      }
    },
    {
      "type": "Feature",
      "geometry": {
        "type": "LineString",
        "coordinates": [
          [
            -0.4524419,
            51.4713834
          ],
          [
            -0.4523372,
            51.4713371
          ]
        ]
      },
      "properties": {
        "conveying": "yes",
        "highway": "steps",
        "incline": "up",
        "indoor": "yes",
        "layer": "-4",
        "level": "-1;0",
        "ref": "esc 6",
        "tunnel": "yes",
        "osm_id": 570155589,
        "osm_type": "way",
        "_category": "yes",
        "_level": -1,
        "_source": "level_b1"
      }
    },
    {
      "type": "Feature",
      "geometry": {
        "type": "LineString",
        "coordinates": [
          [
            -0.4527943,
            51.4714781
          ],
          [
            -0.4527233,
            51.4714462
          ],
          [
            -0.452646,
            51.4714106
          ]
        ]
      },
      "properties": {
        "highway": "footway",
        "indoor": "yes",
        "layer": "-2",
        "level": "-1",
        "tunnel": "yes",
        "osm_id": 570155592,
        "osm_type": "way",
        "_category": "yes",
        "_level": -1,
        "_source": "level_b1"
      }
    },
    {
      "type": "Feature",
      "geometry": {
        "type": "LineString",
        "coordinates": [
          [
            -0.4528282,
            51.4714814
          ],
          [
            -0.4527943,
            51.4714781
          ]
        ]
      },
      "properties": {
        "highway": "footway",
        "indoor": "yes",
        "layer": "-2",
        "level": "-1",
        "tunnel": "yes",
        "osm_id": 570155593,
        "osm_type": "way",
        "_category": "yes",
        "_level": -1,
        "_source": "level_b1"
      }
    },
    {
      "type": "Feature",
      "geometry": {
        "type": "LineString",
        "coordinates": [
          [
            -0.4528118,
            51.4714959
          ],
          [
            -0.4527943,
            51.4714781
          ]
        ]
      },
      "properties": {
        "highway": "footway",
        "indoor": "yes",
        "layer": "-2",
        "level": "-1",
        "tunnel": "yes",
        "osm_id": 570155594,
        "osm_type": "way",
        "_category": "yes",
        "_level": -1,
        "_source": "level_b1"
      }
    },
    {
      "type": "Feature",
      "geometry": {
        "type": "LineString",
        "coordinates": [
          [
            -0.4526671,
            51.4714965
          ],
          [
            -0.4527233,
            51.4714462
          ],
          [
            -0.4527448,
            51.471427
          ],
          [
            -0.4528422,
            51.4714689
          ],
          [
            -0.4529264,
            51.4715056
          ],
          [
            -0.4528798,
            51.4715471
          ],
          [
            -0.452868,
            51.4715419
          ],
          [
            -0.4527956,
            51.4715103
          ]
        ]
      },
      "properties": {
        "barrier": "wall",
        "indoor": "yes",
        "layer": "-2",
        "level": "-1",
        "osm_id": 570155685,
        "osm_type": "way",
        "_category": "yes",
        "_level": -1,
        "_source": "level_b1"
      }
    },
    {
      "type": "Feature",
      "geometry": {
        "type": "LineString",
        "coordinates": [
          [
            -0.4526833,
            51.4713792
          ],
          [
            -0.4530739,
            51.47155
          ]
        ]
      },
      "properties": {
        "highway": "footway",
        "indoor": "yes",
        "level": "-1",
        "tunnel": "yes",
        "osm_id": 570155756,
        "osm_type": "way",
        "_category": "yes",
        "_level": -1,
        "_source": "level_b1"
      }
    },
    {
      "type": "Feature",
      "geometry": {
        "type": "LineString",
        "coordinates": [
          [
            -0.4531664,
            51.4716431
          ],
          [
            -0.4531924,
            51.4716436
          ]
        ]
      },
      "properties": {
        "highway": "footway",
        "indoor": "yes",
        "layer": "-2",
        "level": "-1",
        "tunnel": "yes",
        "osm_id": 570155758,
        "osm_type": "way",
        "_category": "yes",
        "_level": -1,
        "_source": "level_b1"
      }
    },
    {
      "type": "Feature",
      "geometry": {
        "type": "LineString",
        "coordinates": [
          [
            -0.4531664,
            51.4716431
          ],
          [
            -0.4531761,
            51.4716582
          ]
        ]
      },
      "properties": {
        "highway": "footway",
        "indoor": "yes",
        "layer": "-2",
        "level": "-1",
        "tunnel": "yes",
        "osm_id": 570155760,
        "osm_type": "way",
        "_category": "yes",
        "_level": -1,
        "_source": "level_b1"
      }
    },
    {
      "type": "Feature",
      "geometry": {
        "type": "Polygon",
        "coordinates": [
          [
            [
              -0.4524286,
              51.4712497
            ],
            [
              -0.4525408,
              51.4712936
            ],
            [
              -0.4526794,
              51.4713479
            ],
            [
              -0.4528625,
              51.4714301
            ],
            [
              -0.4531679,
              51.4715667
            ],
            [
              -0.4534533,
              51.4716962
            ],
            [
              -0.4536546,
              51.4717854
            ],
            [
              -0.4536281,
              51.4718086
            ],
            [
              -0.4535731,
              51.4717834
            ],
            [
              -0.4535395,
              51.4718124
            ],
            [
              -0.4525619,
              51.4713694
            ],
            [
              -0.4524899,
              51.4713368
            ],
            [
              -0.4524789,
              51.4713318
            ],
            [
              -0.452509,
              51.4713058
            ],
            [
              -0.4524131,
              51.4712636
            ],
            [
              -0.4524286,
              51.4712497
            ]
          ]
        ]
      },
      "properties": {
        "area": "yes",
        "bench": "yes",
        "bin": "yes",
        "description": "Heathrow Terminal 1-3 - Piccadilly Line - Eastbound - Platform 1",
        "indoor": "yes",
        "layer": "-4",
        "level": "-4",
        "naptan:AtcoCode": "9400ZZLUHRC2",
        "public_transport": "platform",
        "railway": "platform",
        "ref": "1",
        "subway": "yes",
        "tactile_paving": "yes",
        "tunnel": "yes",
        "wheelchair": "yes",
        "osm_id": 570155763,
        "osm_type": "way",
        "_category": "yes",
        "_level": -4,
        "_source": "level_b1"
      }
    },
    {
      "type": "Feature",
      "geometry": {
        "type": "Polygon",
        "coordinates": [
          [
            [
              -0.4535396,
              51.4718857
            ],
            [
              -0.4533375,
              51.4717951
            ],
            [
              -0.4530506,
              51.4716663
            ],
            [
              -0.4527474,
              51.4715308
            ],
            [
              -0.4525625,
              51.4714463
            ],
            [
              -0.452438,
              51.4713845
            ],
            [
              -0.4523357,
              51.4713338
            ],
            [
              -0.4523526,
              51.4713184
            ],
            [
              -0.4524461,
              51.4713602
            ],
            [
              -0.4524789,
              51.4713318
            ],
            [
              -0.4535395,
              51.4718124
            ],
            [
              -0.4535102,
              51.4718377
            ],
            [
              -0.4535656,
              51.4718625
            ],
            [
              -0.4535396,
              51.4718857
            ]
          ]
        ]
      },
      "properties": {
        "area": "yes",
        "bench": "yes",
        "bin": "yes",
        "description": "Heathrow Terminal 1-3 - Piccadilly Line - Eastbound - Platform 2",
        "indoor": "yes",
        "layer": "-4",
        "level": "-4",
        "naptan:AtcoCode": "9400ZZLUHRC1",
        "public_transport": "platform",
        "railway": "platform",
        "ref": "2",
        "subway": "yes",
        "tactile_paving": "yes",
        "tunnel": "yes",
        "wheelchair": "yes",
        "osm_id": 570155766,
        "osm_type": "way",
        "_category": "yes",
        "_level": -4,
        "_source": "level_b1"
      }
    },
    {
      "type": "Feature",
      "geometry": {
        "type": "LineString",
        "coordinates": [
          [
            -0.4528625,
            51.4714301
          ],
          [
            -0.4528452,
            51.4714453
          ],
          [
            -0.4527683,
            51.4715126
          ],
          [
            -0.4527474,
            51.4715308
          ]
        ]
      },
      "properties": {
        "highway": "footway",
        "indoor": "yes",
        "layer": "-4",
        "level": "-4",
        "tunnel": "yes",
        "osm_id": 570155769,
        "osm_type": "way",
        "_category": "yes",
        "_level": -4,
        "_source": "level_b1"
      }
    },
    {
      "type": "Feature",
      "geometry": {
        "type": "LineString",
        "coordinates": [
          [
            -0.4526794,
            51.4713479
          ],
          [
            -0.4526613,
            51.4713631
          ]
        ]
      },
      "properties": {
        "highway": "footway",
        "indoor": "yes",
        "layer": "-4",
        "level": "-4",
        "tunnel": "yes",
        "osm_id": 570155770,
        "osm_type": "way",
        "_category": "yes",
        "_level": -4,
        "_source": "level_b1"
      }
    },
    {
      "type": "Feature",
      "geometry": {
        "type": "LineString",
        "coordinates": [
          [
            -0.452583,
            51.4714291
          ],
          [
            -0.4525625,
            51.4714463
          ]
        ]
      },
      "properties": {
        "highway": "footway",
        "indoor": "yes",
        "layer": "-4",
        "level": "-4",
        "tunnel": "yes",
        "osm_id": 570155776,
        "osm_type": "way",
        "_category": "yes",
        "_level": -4,
        "_source": "level_b1"
      }
    },
    {
      "type": "Feature",
      "geometry": {
        "type": "LineString",
        "coordinates": [
          [
            -0.4532487,
            51.4716291
          ],
          [
            -0.453148,
            51.4715836
          ]
        ]
      },
      "properties": {
        "highway": "footway",
        "indoor": "yes",
        "layer": "-4",
        "level": "-4",
        "tunnel": "yes",
        "osm_id": 570155785,
        "osm_type": "way",
        "_category": "yes",
        "_level": -4,
        "_source": "level_b1"
      }
    },
    {
      "type": "Feature",
      "geometry": {
        "type": "LineString",
        "coordinates": [
          [
            -0.4532018,
            51.4717088
          ],
          [
            -0.4530695,
            51.4716502
          ]
        ]
      },
      "properties": {
        "highway": "footway",
        "indoor": "yes",
        "layer": "-4",
        "level": "-4",
        "tunnel": "yes",
        "osm_id": 570155791,
        "osm_type": "way",
        "_category": "yes",
        "_level": -4,
        "_source": "level_b1"
      }
    },
    {
      "type": "Feature",
      "geometry": {
        "type": "Polygon",
        "coordinates": [
          [
            [
              -0.4525087,
              51.4713855
            ],
            [
              -0.4524742,
              51.4713702
            ],
            [
              -0.4524862,
              51.4713597
            ],
            [
              -0.4525018,
              51.471346
            ],
            [
              -0.4525363,
              51.4713612
            ],
            [
              -0.4525218,
              51.471374
            ],
            [
              -0.4525087,
              51.4713855
            ]
          ]
        ]
      },
      "properties": {
        "building:part": "elevator",
        "indoor": "yes",
        "level": "-4;-2",
        "ref": "1",
        "osm_id": 570155792,
        "osm_type": "way",
        "_category": "yes",
        "_level": -4,
        "_source": "level_b1"
      }
    },
    {
      "type": "Feature",
      "geometry": {
        "type": "Polygon",
        "coordinates": [
          [
            [
              -0.4525363,
              51.4713612
            ],
            [
              -0.4525018,
              51.471346
            ],
            [
              -0.4525149,
              51.4713345
            ],
            [
              -0.4525294,
              51.4713217
            ],
            [
              -0.4525639,
              51.471337
            ],
            [
              -0.4525499,
              51.4713493
            ],
            [
              -0.4525363,
              51.4713612
            ]
          ]
        ]
      },
      "properties": {
        "building:part": "elevator",
        "indoor": "yes",
        "level": "-4;-2",
        "ref": "2",
        "osm_id": 570155793,
        "osm_type": "way",
        "_category": "yes",
        "_level": -4,
        "_source": "level_b1"
      }
    },
    {
      "type": "Feature",
      "geometry": {
        "type": "LineString",
        "coordinates": [
          [
            -0.4525433,
            51.471411
          ],
          [
            -0.452583,
            51.4714291
          ]
        ]
      },
      "properties": {
        "highway": "footway",
        "incline": "up",
        "indoor": "yes",
        "level": "-4",
        "ramp": "yes",
        "tunnel": "yes",
        "wheelchair": "yes",
        "osm_id": 570155794,
        "osm_type": "way",
        "_category": "yes",
        "_level": -4,
        "_source": "level_b1"
      }
    },
    {
      "type": "Feature",
      "geometry": {
        "type": "LineString",
        "coordinates": [
          [
            -0.4526187,
            51.4713453
          ],
          [
            -0.4526613,
            51.4713631
          ]
        ]
      },
      "properties": {
        "highway": "footway",
        "incline": "up",
        "indoor": "yes",
        "level": "-4",
        "ramp": "yes",
        "tunnel": "yes",
        "wheelchair": "yes",
        "osm_id": 570155795,
        "osm_type": "way",
        "_category": "yes",
        "_level": -4,
        "_source": "level_b1"
      }
    },
    {
      "type": "Feature",
      "geometry": {
        "type": "LineString",
        "coordinates": [
          [
            -0.452552,
            51.4713783
          ],
          [
            -0.4525619,
            51.4713694
          ],
          [
            -0.4525786,
            51.4713544
          ]
        ]
      },
      "properties": {
        "highway": "footway",
        "indoor": "yes",
        "layer": "-4",
        "level": "-4",
        "tunnel": "yes",
        "wheelchair": "yes",
        "osm_id": 570155796,
        "osm_type": "way",
        "_category": "yes",
        "_level": -4,
        "_source": "level_b1"
      }
    },
    {
      "type": "Feature",
      "geometry": {
        "type": "LineString",
        "coordinates": [
          [
            -0.4526187,
            51.4713453
          ],
          [
            -0.4525786,
            51.4713544
          ]
        ]
      },
      "properties": {
        "highway": "footway",
        "indoor": "yes",
        "layer": "-4",
        "level": "-4",
        "tunnel": "yes",
        "wheelchair": "yes",
        "osm_id": 570155797,
        "osm_type": "way",
        "_category": "yes",
        "_level": -4,
        "_source": "level_b1"
      }
    },
    {
      "type": "Feature",
      "geometry": {
        "type": "LineString",
        "coordinates": [
          [
            -0.4525433,
            51.471411
          ],
          [
            -0.452552,
            51.4713783
          ]
        ]
      },
      "properties": {
        "highway": "footway",
        "indoor": "yes",
        "layer": "-4",
        "level": "-4",
        "tunnel": "yes",
        "wheelchair": "yes",
        "osm_id": 570155798,
        "osm_type": "way",
        "_category": "yes",
        "_level": -4,
        "_source": "level_b1"
      }
    },
    {
      "type": "Feature",
      "geometry": {
        "type": "LineString",
        "coordinates": [
          [
            -0.4525004,
            51.4713279
          ],
          [
            -0.4525328,
            51.4713415
          ],
          [
            -0.4525786,
            51.4713544
          ]
        ]
      },
      "properties": {
        "highway": "footway",
        "indoor": "yes",
        "layer": "-4",
        "level": "-4",
        "oneway": "yes",
        "tunnel": "yes",
        "wheelchair": "yes",
        "osm_id": 570155799,
        "osm_type": "way",
        "_category": "yes",
        "_level": -4,
        "_source": "level_b1"
      }
    },
    {
      "type": "Feature",
      "geometry": {
        "type": "LineString",
        "coordinates": [
          [
            -0.4524725,
            51.4713528
          ],
          [
            -0.4525052,
            51.4713657
          ],
          [
            -0.452552,
            51.4713783
          ]
        ]
      },
      "properties": {
        "highway": "footway",
        "indoor": "yes",
        "layer": "-4",
        "level": "-4",
        "oneway": "yes",
        "tunnel": "yes",
        "wheelchair": "yes",
        "osm_id": 570155800,
        "osm_type": "way",
        "_category": "yes",
        "_level": -4,
        "_source": "level_b1"
      }
    },
    {
      "type": "Feature",
      "geometry": {
        "type": "LineString",
        "coordinates": [
          [
            -0.4527262,
            51.4714934
          ],
          [
            -0.452583,
            51.4714291
          ]
        ]
      },
      "properties": {
        "highway": "footway",
        "indoor": "yes",
        "layer": "-4",
        "level": "-4",
        "tunnel": "yes",
        "wheelchair": "yes",
        "osm_id": 570155801,
        "osm_type": "way",
        "_category": "yes",
        "_level": -4,
        "_source": "level_b1"
      }
    },
    {
      "type": "Feature",
      "geometry": {
        "type": "LineString",
        "coordinates": [
          [
            -0.452804,
            51.4714264
          ],
          [
            -0.4526613,
            51.4713631
          ]
        ]
      },
      "properties": {
        "highway": "footway",
        "indoor": "yes",
        "layer": "-4",
        "level": "-4",
        "tunnel": "yes",
        "wheelchair": "yes",
        "osm_id": 570155802,
        "osm_type": "way",
        "_category": "yes",
        "_level": -4,
        "_source": "level_b1"
      }
    },
    {
      "type": "Feature",
      "geometry": {
        "type": "LineString",
        "coordinates": [
          [
            -0.4529064,
            51.4715757
          ],
          [
            -0.4527683,
            51.4715126
          ]
        ]
      },
      "properties": {
        "highway": "footway",
        "indoor": "yes",
        "layer": "-4",
        "level": "-4",
        "tunnel": "yes",
        "wheelchair": "yes",
        "osm_id": 570155804,
        "osm_type": "way",
        "_category": "yes",
        "_level": -4,
        "_source": "level_b1"
      }
    },
    {
      "type": "Feature",
      "geometry": {
        "type": "LineString",
        "coordinates": [
          [
            -0.4527683,
            51.4715126
          ],
          [
            -0.4527262,
            51.4714934
          ]
        ]
      },
      "properties": {
        "highway": "footway",
        "incline": "up",
        "indoor": "yes",
        "level": "-4",
        "ramp": "yes",
        "tunnel": "yes",
        "wheelchair": "yes",
        "osm_id": 570155813,
        "osm_type": "way",
        "_category": "yes",
        "_level": -4,
        "_source": "level_b1"
      }
    },
    {
      "type": "Feature",
      "geometry": {
        "type": "LineString",
        "coordinates": [
          [
            -0.452983,
            51.4715082
          ],
          [
            -0.4528452,
            51.4714453
          ]
        ]
      },
      "properties": {
        "highway": "footway",
        "indoor": "yes",
        "layer": "-4",
        "level": "-4",
        "tunnel": "yes",
        "wheelchair": "yes",
        "osm_id": 570155822,
        "osm_type": "way",
        "_category": "yes",
        "_level": -4,
        "_source": "level_b1"
      }
    },
    {
      "type": "Feature",
      "geometry": {
        "type": "LineString",
        "coordinates": [
          [
            -0.4529064,
            51.4715757
          ],
          [
            -0.4529633,
            51.4716017
          ]
        ]
      },
      "properties": {
        "highway": "footway",
        "incline": "up",
        "indoor": "yes",
        "level": "-4",
        "ramp": "yes",
        "tunnel": "yes",
        "wheelchair": "yes",
        "osm_id": 570155830,
        "osm_type": "way",
        "_category": "yes",
        "_level": -4,
        "_source": "level_b1"
      }
    },
    {
      "type": "Feature",
      "geometry": {
        "type": "LineString",
        "coordinates": [
          [
            -0.4528452,
            51.4714453
          ],
          [
            -0.452804,
            51.4714264
          ]
        ]
      },
      "properties": {
        "highway": "footway",
        "incline": "up",
        "indoor": "yes",
        "level": "-4",
        "ramp": "yes",
        "tunnel": "yes",
        "wheelchair": "yes",
        "osm_id": 570155839,
        "osm_type": "way",
        "_category": "yes",
        "_level": -4,
        "_source": "level_b1"
      }
    },
    {
      "type": "Feature",
      "geometry": {
        "type": "LineString",
        "coordinates": [
          [
            -0.4529633,
            51.4716017
          ],
          [
            -0.4530695,
            51.4716502
          ]
        ]
      },
      "properties": {
        "highway": "footway",
        "indoor": "yes",
        "layer": "-4",
        "level": "-4",
        "tunnel": "yes",
        "wheelchair": "yes",
        "osm_id": 570155848,
        "osm_type": "way",
        "_category": "yes",
        "_level": -4,
        "_source": "level_b1"
      }
    },
    {
      "type": "Feature",
      "geometry": {
        "type": "LineString",
        "coordinates": [
          [
            -0.452983,
            51.4715082
          ],
          [
            -0.4530404,
            51.4715344
          ]
        ]
      },
      "properties": {
        "highway": "footway",
        "incline": "up",
        "indoor": "yes",
        "level": "-4",
        "ramp": "yes",
        "tunnel": "yes",
        "wheelchair": "yes",
        "osm_id": 570155857,
        "osm_type": "way",
        "_category": "yes",
        "_level": -4,
        "_source": "level_b1"
      }
    },
    {
      "type": "Feature",
      "geometry": {
        "type": "LineString",
        "coordinates": [
          [
            -0.4529925,
            51.4715766
          ],
          [
            -0.4528118,
            51.4714959
          ]
        ]
      },
      "properties": {
        "conveying": "yes",
        "highway": "steps",
        "incline": "up",
        "indoor": "yes",
        "layer": "-4",
        "level": "-4;-2",
        "ref": "esc 3",
        "tunnel": "yes",
        "osm_id": 570155866,
        "osm_type": "way",
        "_category": "yes",
        "_level": -4,
        "_source": "level_b1"
      }
    },
    {
      "type": "Feature",
      "geometry": {
        "type": "LineString",
        "coordinates": [
          [
            -0.4531158,
            51.4716109
          ],
          [
            -0.4530088,
            51.471562
          ]
        ]
      },
      "properties": {
        "highway": "footway",
        "indoor": "yes",
        "layer": "-4",
        "level": "-4",
        "tunnel": "yes",
        "osm_id": 570155876,
        "osm_type": "way",
        "_category": "yes",
        "_level": -4,
        "_source": "level_b1"
      }
    },
    {
      "type": "Feature",
      "geometry": {
        "type": "LineString",
        "coordinates": [
          [
            -0.4530088,
            51.471562
          ],
          [
            -0.4528282,
            51.4714814
          ]
        ]
      },
      "properties": {
        "conveying": "yes",
        "highway": "steps",
        "incline": "up",
        "indoor": "yes",
        "layer": "-4",
        "level": "-4;-2",
        "ref": "esc 4",
        "tunnel": "yes",
        "osm_id": 570155883,
        "osm_type": "way",
        "_category": "yes",
        "_level": -4,
        "_source": "level_b1"
      }
    },
    {
      "type": "Feature",
      "geometry": {
        "type": "LineString",
        "coordinates": [
          [
            -0.4530989,
            51.4716253
          ],
          [
            -0.4529925,
            51.4715766
          ]
        ]
      },
      "properties": {
        "highway": "footway",
        "indoor": "yes",
        "layer": "-4",
        "level": "-4",
        "tunnel": "yes",
        "osm_id": 570155891,
        "osm_type": "way",
        "_category": "yes",
        "_level": -4,
        "_source": "level_b1"
      }
    },
    {
      "type": "Feature",
      "geometry": {
        "type": "LineString",
        "coordinates": [
          [
            -0.4530506,
            51.4716663
          ],
          [
            -0.4530695,
            51.4716502
          ],
          [
            -0.4530989,
            51.4716253
          ],
          [
            -0.4531158,
            51.4716109
          ],
          [
            -0.453148,
            51.4715836
          ],
          [
            -0.4530404,
            51.4715344
          ]
        ]
      },
      "properties": {
        "highway": "footway",
        "indoor": "yes",
        "layer": "-4",
        "level": "-4",
        "tunnel": "yes",
        "wheelchair": "yes",
        "osm_id": 570155899,
        "osm_type": "way",
        "_category": "yes",
        "_level": -4,
        "_source": "level_b1"
      }
    },
    {
      "type": "Feature",
      "geometry": {
        "type": "LineString",
        "coordinates": [
          [
            -0.4531679,
            51.4715667
          ],
          [
            -0.453148,
            51.4715836
          ]
        ]
      },
      "properties": {
        "highway": "footway",
        "indoor": "yes",
        "layer": "-4",
        "level": "-4",
        "tunnel": "yes",
        "osm_id": 570155910,
        "osm_type": "way",
        "_category": "yes",
        "_level": -4,
        "_source": "level_b1"
      }
    },
    {
      "type": "Feature",
      "geometry": {
        "type": "LineString",
        "coordinates": [
          [
            -0.4534035,
            51.4717387
          ],
          [
            -0.4533755,
            51.471726
          ]
        ]
      },
      "properties": {
        "highway": "footway",
        "indoor": "yes",
        "layer": "-4",
        "level": "-4",
        "tunnel": "yes",
        "osm_id": 570155919,
        "osm_type": "way",
        "_category": "yes",
        "_level": -4,
        "_source": "level_b1"
      }
    },
    {
      "type": "Feature",
      "geometry": {
        "type": "LineString",
        "coordinates": [
          [
            -0.4533867,
            51.4717531
          ],
          [
            -0.4533591,
            51.4717406
          ]
        ]
      },
      "properties": {
        "highway": "footway",
        "indoor": "yes",
        "layer": "-4",
        "level": "-4",
        "tunnel": "yes",
        "osm_id": 570155927,
        "osm_type": "way",
        "_category": "yes",
        "_level": -4,
        "_source": "level_b1"
      }
    },
    {
      "type": "Feature",
      "geometry": {
        "type": "LineString",
        "coordinates": [
          [
            -0.4533375,
            51.4717951
          ],
          [
            -0.4533566,
            51.4717792
          ]
        ]
      },
      "properties": {
        "highway": "footway",
        "indoor": "yes",
        "layer": "-4",
        "level": "-4",
        "tunnel": "yes",
        "osm_id": 570155939,
        "osm_type": "way",
        "_category": "yes",
        "_level": -4,
        "_source": "level_b1"
      }
    },
    {
      "type": "Feature",
      "geometry": {
        "type": "LineString",
        "coordinates": [
          [
            -0.4534533,
            51.4716962
          ],
          [
            -0.4534333,
            51.471713
          ]
        ]
      },
      "properties": {
        "highway": "footway",
        "indoor": "yes",
        "layer": "-4",
        "level": "-4",
        "tunnel": "yes",
        "osm_id": 570155949,
        "osm_type": "way",
        "_category": "yes",
        "_level": -4,
        "_source": "level_b1"
      }
    },
    {
      "type": "Feature",
      "geometry": {
        "type": "LineString",
        "coordinates": [
          [
            -0.453389,
            51.4716928
          ],
          [
            -0.4532794,
            51.471643
          ]
        ]
      },
      "properties": {
        "highway": "footway",
        "indoor": "yes",
        "layer": "-4",
        "level": "-4",
        "tunnel": "yes",
        "wheelchair": "yes",
        "osm_id": 570155950,
        "osm_type": "way",
        "_category": "yes",
        "_level": -4,
        "_source": "level_b1"
      }
    },
    {
      "type": "Feature",
      "geometry": {
        "type": "LineString",
        "coordinates": [
          [
            -0.4532326,
            51.4717228
          ],
          [
            -0.4533259,
            51.4717652
          ]
        ]
      },
      "properties": {
        "highway": "footway",
        "indoor": "yes",
        "layer": "-4",
        "level": "-4",
        "tunnel": "yes",
        "wheelchair": "yes",
        "osm_id": 570155951,
        "osm_type": "way",
        "_category": "yes",
        "_level": -4,
        "_source": "level_b1"
      }
    },
    {
      "type": "Feature",
      "geometry": {
        "type": "LineString",
        "coordinates": [
          [
            -0.4533755,
            51.471726
          ],
          [
            -0.4531924,
            51.4716436
          ]
        ]
      },
      "properties": {
        "conveying": "yes",
        "highway": "steps",
        "incline": "up",
        "indoor": "yes",
        "layer": "-4",
        "level": "-4;-2",
        "ref": "esc 2",
        "tunnel": "yes",
        "osm_id": 570155952,
        "osm_type": "way",
        "_category": "yes",
        "_level": -4,
        "_source": "level_b1"
      }
    },
    {
      "type": "Feature",
      "geometry": {
        "type": "LineString",
        "coordinates": [
          [
            -0.4532018,
            51.4717088
          ],
          [
            -0.4532326,
            51.4717228
          ]
        ]
      },
      "properties": {
        "highway": "footway",
        "incline": "up",
        "indoor": "yes",
        "level": "-4",
        "ramp": "yes",
        "tunnel": "yes",
        "wheelchair": "yes",
        "osm_id": 570155953,
        "osm_type": "way",
        "_category": "yes",
        "_level": -4,
        "_source": "level_b1"
      }
    },
    {
      "type": "Feature",
      "geometry": {
        "type": "LineString",
        "coordinates": [
          [
            -0.4532487,
            51.4716291
          ],
          [
            -0.4532794,
            51.471643
          ]
        ]
      },
      "properties": {
        "highway": "footway",
        "incline": "up",
        "indoor": "yes",
        "level": "-4",
        "ramp": "yes",
        "tunnel": "yes",
        "wheelchair": "yes",
        "osm_id": 570155954,
        "osm_type": "way",
        "_category": "yes",
        "_level": -4,
        "_source": "level_b1"
      }
    },
    {
      "type": "Feature",
      "geometry": {
        "type": "LineString",
        "coordinates": [
          [
            -0.4534196,
            51.4717068
          ],
          [
            -0.453389,
            51.4716928
          ]
        ]
      },
      "properties": {
        "highway": "footway",
        "incline": "up",
        "indoor": "yes",
        "level": "-4",
        "ramp": "yes",
        "tunnel": "yes",
        "wheelchair": "yes",
        "osm_id": 570155955,
        "osm_type": "way",
        "_category": "yes",
        "_level": -4,
        "_source": "level_b1"
      }
    },
    {
      "type": "Feature",
      "geometry": {
        "type": "LineString",
        "coordinates": [
          [
            -0.4533566,
            51.4717792
          ],
          [
            -0.4533259,
            51.4717652
          ]
        ]
      },
      "properties": {
        "highway": "footway",
        "incline": "up",
        "indoor": "yes",
        "level": "-4",
        "ramp": "yes",
        "tunnel": "yes",
        "wheelchair": "yes",
        "osm_id": 570155956,
        "osm_type": "way",
        "_category": "yes",
        "_level": -4,
        "_source": "level_b1"
      }
    },
    {
      "type": "Feature",
      "geometry": {
        "type": "LineString",
        "coordinates": [
          [
            -0.4761815,
            51.4709994
          ],
          [
            -0.4761802,
            51.4709605
          ],
          [
            -0.4759603,
            51.4709634
          ]
        ]
      },
      "properties": {
        "highway": "footway",
        "indoor": "yes",
        "level": "-4",
        "osm_id": 1178360760,
        "osm_type": "way",
        "_category": "yes",
        "_level": -4,
        "_source": "level_b1"
      }
    },
    {
      "type": "Feature",
      "geometry": {
        "type": "LineString",
        "coordinates": [
          [
            -0.4761357,
            51.4710337
          ],
          [
            -0.4762292,
            51.4710331
          ],
          [
            -0.4762288,
            51.471021
          ],
          [
            -0.4762284,
            51.47101
          ],
          [
            -0.4761349,
            51.4710113
          ]
        ]
      },
      "properties": {
        "highway": "footway",
        "indoor": "yes",
        "level": "-2",
        "osm_id": 1178360761,
        "osm_type": "way",
        "_category": "yes",
        "_level": -2,
        "_source": "level_b1"
      }
    },
    {
      "type": "Feature",
      "geometry": {
        "type": "LineString",
        "coordinates": [
          [
            -0.4761823,
            51.4710216
          ],
          [
            -0.4762288,
            51.471021
          ]
        ]
      },
      "properties": {
        "highway": "steps",
        "incline": "up",
        "indoor": "yes",
        "level": "-4;-2",
        "osm_id": 1178360762,
        "osm_type": "way",
        "_category": "yes",
        "_level": -4,
        "_source": "level_b1"
      }
    },
    {
      "type": "Feature",
      "geometry": {
        "type": "LineString",
        "coordinates": [
          [
            -0.47596,
            51.471036
          ],
          [
            -0.4761357,
            51.4710337
          ],
          [
            -0.4761827,
            51.471033
          ],
          [
            -0.4761823,
            51.4710216
          ],
          [
            -0.4761815,
            51.4709994
          ],
          [
            -0.4759617,
            51.4710024
          ]
        ]
      },
      "properties": {
        "highway": "footway",
        "indoor": "yes",
        "level": "-4",
        "osm_id": 1178360763,
        "osm_type": "way",
        "_category": "yes",
        "_level": -4,
        "_source": "level_b1"
      }
    },
    {
      "type": "Feature",
      "geometry": {
        "type": "LineString",
        "coordinates": [
          [
            -0.4760807,
            51.4711409
          ],
          [
            -0.4760797,
            51.4711113
          ]
        ]
      },
      "properties": {
        "conveying": "forward",
        "highway": "steps",
        "incline": "up",
        "indoor": "yes",
        "level": "-2;0",
        "osm_id": 1178360766,
        "osm_type": "way",
        "_category": "yes",
        "_level": -2,
        "_source": "level_b1"
      }
    },
    {
      "type": "Feature",
      "geometry": {
        "type": "LineString",
        "coordinates": [
          [
            -0.4759625,
            51.4711425
          ],
          [
            -0.4760807,
            51.4711409
          ],
          [
            -0.4761004,
            51.4711406
          ]
        ]
      },
      "properties": {
        "highway": "footway",
        "indoor": "yes",
        "level": "-2",
        "osm_id": 1178360768,
        "osm_type": "way",
        "_category": "yes",
        "_level": -2,
        "_source": "level_b1"
      }
    },
    {
      "type": "Feature",
      "geometry": {
        "type": "LineString",
        "coordinates": [
          [
            -0.4760963,
            51.4710244
          ],
          [
            -0.4761353,
            51.4710239
          ]
        ]
      },
      "properties": {
        "conveying": "forward",
        "highway": "steps",
        "incline": "up",
        "indoor": "yes",
        "level": "-2;0",
        "osm_id": 1178360771,
        "osm_type": "way",
        "_category": "yes",
        "_level": -2,
        "_source": "level_b1"
      }
    },
    {
      "type": "Feature",
      "geometry": {
        "type": "LineString",
        "coordinates": [
          [
            -0.4761332,
            51.4709611
          ],
          [
            -0.4759603,
            51.4709634
          ]
        ]
      },
      "properties": {
        "highway": "footway",
        "indoor": "yes",
        "level": "-2",
        "osm_id": 1178360777,
        "osm_type": "way",
        "_category": "yes",
        "_level": -2,
        "_source": "level_b1"
      }
    },
    {
      "type": "Feature",
      "geometry": {
        "type": "LineString",
        "coordinates": [
          [
            -0.4761345,
            51.4710001
          ],
          [
            -0.4759617,
            51.4710024
          ]
        ]
      },
      "properties": {
        "highway": "footway",
        "indoor": "yes",
        "level": "-2",
        "osm_id": 1178360778,
        "osm_type": "way",
        "_category": "yes",
        "_level": -2,
        "_source": "level_b1"
      }
    },
    {
      "type": "Feature",
      "geometry": {
        "type": "LineString",
        "coordinates": [
          [
            -0.4761357,
            51.4710337
          ],
          [
            -0.47596,
            51.471036
          ]
        ]
      },
      "properties": {
        "highway": "footway",
        "indoor": "yes",
        "level": "-2",
        "osm_id": 1178360779,
        "osm_type": "way",
        "_category": "yes",
        "_level": -2,
        "_source": "level_b1"
      }
    },
    {
      "type": "Feature",
      "geometry": {
        "type": "LineString",
        "coordinates": [
          [
            -0.4761321,
            51.4709307
          ],
          [
            -0.4761332,
            51.4709611
          ],
          [
            -0.4761345,
            51.4710001
          ],
          [
            -0.4761349,
            51.4710113
          ],
          [
            -0.4761351,
            51.4710186
          ],
          [
            -0.4761353,
            51.4710239
          ],
          [
            -0.4761357,
            51.4710337
          ],
          [
            -0.4761367,
            51.4710646
          ],
          [
            -0.4759599,
            51.471067
          ]
        ]
      },
      "properties": {
        "highway": "footway",
        "indoor": "yes",
        "level": "-2",
        "osm_id": 1178360780,
        "osm_type": "way",
        "_category": "yes",
        "_level": -2,
        "_source": "level_b1"
      }
    },
    {
      "type": "Feature",
      "geometry": {
        "type": "LineString",
        "coordinates": [
          [
            -0.4761597,
            51.4707729
          ],
          [
            -0.4761586,
            51.4707434
          ]
        ]
      },
      "properties": {
        "conveying": "forward",
        "highway": "steps",
        "incline": "up",
        "indoor": "yes",
        "level": "-2;0",
        "osm_id": 1178360781,
        "osm_type": "way",
        "_category": "yes",
        "_level": -2,
        "_source": "level_b1"
      }
    },
    {
      "type": "Feature",
      "geometry": {
        "type": "LineString",
        "coordinates": [
          [
            -0.4761382,
            51.4707732
          ],
          [
            -0.4761597,
            51.4707729
          ],
          [
            -0.4761881,
            51.4707725
          ],
          [
            -0.476187,
            51.470743
          ],
          [
            -0.4761856,
            51.4707008
          ],
          [
            -0.4761839,
            51.4706523
          ]
        ]
      },
      "properties": {
        "highway": "footway",
        "indoor": "yes",
        "level": "-2",
        "osm_id": 1178360795,
        "osm_type": "way",
        "_category": "yes",
        "_level": -2,
        "_source": "level_b1"
      }
    },
    {
      "type": "Feature",
      "geometry": {
        "type": "LineString",
        "coordinates": [
          [
            -0.4866405,
            51.4709687
          ],
          [
            -0.4866396,
            51.4709458
          ]
        ]
      },
      "properties": {
        "highway": "footway",
        "indoor": "yes",
        "level": "-2",
        "level_ref": "-2",
        "osm_id": 1179822441,
        "osm_type": "way",
        "_category": "yes",
        "_level": -2,
        "_source": "level_b1"
      }
    },
    {
      "type": "Feature",
      "geometry": {
        "type": "LineString",
        "coordinates": [
          [
            -0.4869416,
            51.4709683
          ],
          [
            -0.4866405,
            51.4709687
          ]
        ]
      },
      "properties": {
        "highway": "footway",
        "indoor": "yes",
        "level": "-2",
        "level_ref": "-2",
        "osm_id": 1179822443,
        "osm_type": "way",
        "_category": "yes",
        "_level": -2,
        "_source": "level_b1"
      }
    },
    {
      "type": "Feature",
      "geometry": {
        "type": "LineString",
        "coordinates": [
          [
            -0.486918,
            51.4711631
          ],
          [
            -0.4869181,
            51.4711418
          ],
          [
            -0.4869444,
            51.4711414
          ]
        ]
      },
      "properties": {
        "highway": "footway",
        "indoor": "yes",
        "level": "-4",
        "osm_id": 1179822446,
        "osm_type": "way",
        "_category": "yes",
        "_level": -4,
        "_source": "level_b1"
      }
    },
    {
      "type": "Feature",
      "geometry": {
        "type": "LineString",
        "coordinates": [
          [
            -0.4814935,
            51.4708657
          ],
          [
            -0.4826931,
            51.4708556
          ],
          [
            -0.485675,
            51.4708136
          ],
          [
            -0.4868909,
            51.4708063
          ]
        ]
      },
      "properties": {
        "fixme": "approximate route",
        "highway": "footway",
        "indoor": "yes",
        "level": "-4",
        "level_ref": "-4",
        "tunnel": "yes",
        "osm_id": 1179822447,
        "osm_type": "way",
        "_category": "yes",
        "_level": -4,
        "_source": "level_b1"
      }
    },
    {
      "type": "Feature",
      "geometry": {
        "type": "LineString",
        "coordinates": [
          [
            -0.4868456,
            51.4711105
          ],
          [
            -0.4868916,
            51.4711105
          ]
        ]
      },
      "properties": {
        "conveying": "forward",
        "highway": "steps",
        "incline": "up",
        "indoor": "yes",
        "level": "-2;0",
        "osm_id": 1179822448,
        "osm_type": "way",
        "_category": "yes",
        "_level": -2,
        "_source": "level_b1"
      }
    },
    {
      "type": "Feature",
      "geometry": {
        "type": "LineString",
        "coordinates": [
          [
            -0.4869247,
            51.4711069
          ],
          [
            -0.4868949,
            51.4711067
          ]
        ]
      },
      "properties": {
        "highway": "steps",
        "indoor": "yes",
        "level": "-4;-2",
        "osm_id": 1179822450,
        "osm_type": "way",
        "_category": "yes",
        "_level": -4,
        "_source": "level_b1"
      }
    },
    {
      "type": "Feature",
      "geometry": {
        "type": "LineString",
        "coordinates": [
          [
            -0.4868947,
            51.4711139
          ],
          [
            -0.4868949,
            51.4711067
          ]
        ]
      },
      "properties": {
        "highway": "footway",
        "indoor": "yes",
        "level": "-2",
        "level_ref": "-2",
        "osm_id": 1179822451,
        "osm_type": "way",
        "_category": "yes",
        "_level": -2,
        "_source": "level_b1"
      }
    },
    {
      "type": "Feature",
      "geometry": {
        "type": "LineString",
        "coordinates": [
          [
            -0.4869438,
            51.4711074
          ],
          [
            -0.4869247,
            51.4711069
          ]
        ]
      },
      "properties": {
        "highway": "footway",
        "indoor": "yes",
        "level": "-4",
        "osm_id": 1179822452,
        "osm_type": "way",
        "_category": "yes",
        "_level": -4,
        "_source": "level_b1"
      }
    },
    {
      "type": "Feature",
      "geometry": {
        "type": "LineString",
        "coordinates": [
          [
            -0.4869835,
            51.4709685
          ],
          [
            -0.4869416,
            51.4709683
          ],
          [
            -0.4869419,
            51.4709897
          ],
          [
            -0.4869838,
            51.4709898
          ]
        ]
      },
      "properties": {
        "highway": "footway",
        "indoor": "yes",
        "level": "-2",
        "level_ref": "-2",
        "osm_id": 1179822455,
        "osm_type": "way",
        "_category": "yes",
        "_level": -2,
        "_source": "level_b1"
      }
    },
    {
      "type": "Feature",
      "geometry": {
        "type": "LineString",
        "coordinates": [
          [
            -0.4869441,
            51.4711192
          ],
          [
            -0.4869444,
            51.4711414
          ],
          [
            -0.4869872,
            51.4711417
          ]
        ]
      },
      "properties": {
        "highway": "footway",
        "indoor": "yes",
        "level": "-2",
        "level_ref": "-2",
        "osm_id": 1179822460,
        "osm_type": "way",
        "_category": "yes",
        "_level": -2,
        "_source": "level_b1"
      }
    },
    {
      "type": "Feature",
      "geometry": {
        "type": "LineString",
        "coordinates": [
          [
            -0.4869437,
            51.4710962
          ],
          [
            -0.486944,
            51.4711142
          ],
          [
            -0.4869441,
            51.4711192
          ],
          [
            -0.4869869,
            51.4711194
          ]
        ]
      },
      "properties": {
        "highway": "footway",
        "indoor": "yes",
        "level": "-2",
        "level_ref": "-2",
        "osm_id": 1179822461,
        "osm_type": "way",
        "_category": "yes",
        "_level": -2,
        "_source": "level_b1"
      }
    },
    {
      "type": "Feature",
      "geometry": {
        "type": "LineString",
        "coordinates": [
          [
            -0.4869437,
            51.4710962
          ],
          [
            -0.4869866,
            51.4710964
          ]
        ]
      },
      "properties": {
        "highway": "footway",
        "indoor": "yes",
        "level": "-2",
        "level_ref": "-2",
        "osm_id": 1179822462,
        "osm_type": "way",
        "_category": "yes",
        "_level": -2,
        "_source": "level_b1"
      }
    },
    {
      "type": "Feature",
      "geometry": {
        "type": "LineString",
        "coordinates": [
          [
            -0.4869419,
            51.4709897
          ],
          [
            -0.4869422,
            51.4710087
          ],
          [
            -0.4869841,
            51.4710089
          ]
        ]
      },
      "properties": {
        "highway": "footway",
        "indoor": "yes",
        "level": "-2",
        "level_ref": "-2",
        "osm_id": 1179822463,
        "osm_type": "way",
        "_category": "yes",
        "_level": -2,
        "_source": "level_b1"
      }
    },
    {
      "type": "Feature",
      "geometry": {
        "type": "LineString",
        "coordinates": [
          [
            -0.4869437,
            51.4710962
          ],
          [
            -0.4869438,
            51.4711074
          ],
          [
            -0.4869441,
            51.4711192
          ],
          [
            -0.4869869,
            51.4711194
          ]
        ]
      },
      "properties": {
        "highway": "footway",
        "indoor": "yes",
        "level": "-4",
        "osm_id": 1179822466,
        "osm_type": "way",
        "_category": "yes",
        "_level": -4,
        "_source": "level_b1"
      }
    },
    {
      "type": "Feature",
      "geometry": {
        "type": "LineString",
        "coordinates": [
          [
            -0.4869422,
            51.4710087
          ],
          [
            -0.4869437,
            51.4710962
          ],
          [
            -0.4869866,
            51.4710964
          ]
        ]
      },
      "properties": {
        "highway": "footway",
        "indoor": "yes",
        "level": "-4",
        "osm_id": 1179822467,
        "osm_type": "way",
        "_category": "yes",
        "_level": -4,
        "_source": "level_b1"
      }
    },
    {
      "type": "Feature",
      "geometry": {
        "type": "LineString",
        "coordinates": [
          [
            -0.4868399,
            51.470766
          ],
          [
            -0.4867724,
            51.4707665
          ]
        ]
      },
      "properties": {
        "conveying": "backward",
        "highway": "steps",
        "incline": "up",
        "indoor": "yes",
        "level": "-2;0",
        "osm_id": 1179822471,
        "osm_type": "way",
        "_category": "yes",
        "_level": -2,
        "_source": "level_b1"
      }
    },
    {
      "type": "Feature",
      "geometry": {
        "type": "LineString",
        "coordinates": [
          [
            -0.4862842,
            51.4708222
          ],
          [
            -0.4867719,
            51.4708063
          ],
          [
            -0.4868909,
            51.4708063
          ]
        ]
      },
      "properties": {
        "highway": "footway",
        "indoor": "yes",
        "level": "-2",
        "level_ref": "-2",
        "osm_id": 1179822473,
        "osm_type": "way",
        "_category": "yes",
        "_level": -2,
        "_source": "level_b1"
      }
    },
    {
      "type": "Feature",
      "geometry": {
        "type": "LineString",
        "coordinates": [
          [
            -0.4810199,
            51.4710248
          ],
          [
            -0.4810206,
            51.4709979
          ]
        ]
      },
      "properties": {
        "highway": "footway",
        "indoor": "yes",
        "level": "-4",
        "osm_id": 1179971601,
        "osm_type": "way",
        "_category": "yes",
        "_level": -4,
        "_source": "level_b1"
      }
    },
    {
      "type": "Feature",
      "geometry": {
        "type": "LineString",
        "coordinates": [
          [
            -0.4810194,
            51.4710583
          ],
          [
            -0.4810199,
            51.4710248
          ]
        ]
      },
      "properties": {
        "highway": "footway",
        "indoor": "yes",
        "level": "-4",
        "osm_id": 1179971602,
        "osm_type": "way",
        "_category": "yes",
        "_level": -4,
        "_source": "level_b1"
      }
    },
    {
      "type": "Feature",
      "geometry": {
        "type": "LineString",
        "coordinates": [
          [
            -0.4810424,
            51.4710581
          ],
          [
            -0.4810194,
            51.4710583
          ]
        ]
      },
      "properties": {
        "highway": "footway",
        "indoor": "yes",
        "level": "-4",
        "osm_id": 1179971604,
        "osm_type": "way",
        "_category": "yes",
        "_level": -4,
        "_source": "level_b1"
      }
    },
    {
      "type": "Feature",
      "geometry": {
        "type": "LineString",
        "coordinates": [
          [
            -0.4815063,
            51.47106
          ],
          [
            -0.4812274,
            51.4710721
          ],
          [
            -0.4810424,
            51.4710581
          ]
        ]
      },
      "properties": {
        "highway": "footway",
        "indoor": "yes",
        "level": "-4",
        "osm_id": 1179971605,
        "osm_type": "way",
        "_category": "yes",
        "_level": -4,
        "_source": "level_b1"
      }
    },
    {
      "type": "Feature",
      "geometry": {
        "type": "LineString",
        "coordinates": [
          [
            -0.4811092,
            51.4715248
          ],
          [
            -0.4811105,
            51.4715461
          ]
        ]
      },
      "properties": {
        "highway": "footway",
        "indoor": "yes",
        "level": "-2",
        "osm_id": 1179971664,
        "osm_type": "way",
        "_category": "yes",
        "_level": -2,
        "_source": "level_b1"
      }
    },
    {
      "type": "Feature",
      "geometry": {
        "type": "LineString",
        "coordinates": [
          [
            -0.4813881,
            51.4716494
          ],
          [
            -0.4813787,
            51.4715223
          ]
        ]
      },
      "properties": {
        "conveying": "forward",
        "highway": "steps",
        "incline": "up",
        "indoor": "yes",
        "level": "-2;0",
        "osm_id": 1179971666,
        "osm_type": "way",
        "_category": "yes",
        "_level": -2,
        "_source": "level_b1"
      }
    },
    {
      "type": "Feature",
      "geometry": {
        "type": "LineString",
        "coordinates": [
          [
            -0.4810441,
            51.4712007
          ],
          [
            -0.4810998,
            51.4711999
          ],
          [
            -0.4811092,
            51.4715248
          ],
          [
            -0.4813787,
            51.4715223
          ],
          [
            -0.4814471,
            51.4715223
          ]
        ]
      },
      "properties": {
        "highway": "footway",
        "indoor": "yes",
        "level": "-2",
        "osm_id": 1179971671,
        "osm_type": "way",
        "_category": "yes",
        "_level": -2,
        "_source": "level_b1"
      }
    },
    {
      "type": "Feature",
      "geometry": {
        "type": "LineString",
        "coordinates": [
          [
            -0.4815027,
            51.4705648
          ],
          [
            -0.4815028,
            51.4705842
          ]
        ]
      },
      "properties": {
        "conveying": "forward",
        "highway": "steps",
        "incline": "up",
        "indoor": "yes",
        "level": "-2;0",
        "osm_id": 1179971677,
        "osm_type": "way",
        "_category": "yes",
        "_level": -2,
        "_source": "level_b1"
      }
    },
    {
      "type": "Feature",
      "geometry": {
        "type": "LineString",
        "coordinates": [
          [
            -0.4815483,
            51.4706506
          ],
          [
            -0.4814928,
            51.4706507
          ]
        ]
      },
      "properties": {
        "highway": "footway",
        "indoor": "yes",
        "level": "-2",
        "osm_id": 1179971686,
        "osm_type": "way",
        "_category": "yes",
        "_level": -2,
        "_source": "level_b1"
      }
    },
    {
      "type": "Feature",
      "geometry": {
        "type": "LineString",
        "coordinates": [
          [
            -0.4815482,
            51.4706419
          ],
          [
            -0.4814928,
            51.4706424
          ]
        ]
      },
      "properties": {
        "highway": "footway",
        "indoor": "yes",
        "level": "-2",
        "osm_id": 1179971687,
        "osm_type": "way",
        "_category": "yes",
        "_level": -2,
        "_source": "level_b1"
      }
    },
    {
      "type": "Feature",
      "geometry": {
        "type": "LineString",
        "coordinates": [
          [
            -0.4815479,
            51.4706289
          ],
          [
            -0.4814927,
            51.4706294
          ]
        ]
      },
      "properties": {
        "highway": "footway",
        "indoor": "yes",
        "level": "-2",
        "osm_id": 1179971688,
        "osm_type": "way",
        "_category": "yes",
        "_level": -2,
        "_source": "level_b1"
      }
    },
    {
      "type": "Feature",
      "geometry": {
        "type": "LineString",
        "coordinates": [
          [
            -0.481518,
            51.4707852
          ],
          [
            -0.481517,
            51.4707349
          ]
        ]
      },
      "properties": {
        "conveying": "backward",
        "highway": "steps",
        "incline": "down",
        "indoor": "yes",
        "level": "-2;-4",
        "osm_id": 1179971689,
        "osm_type": "way",
        "_category": "yes",
        "_level": -2,
        "_source": "level_b1"
      }
    },
    {
      "type": "Feature",
      "geometry": {
        "type": "LineString",
        "coordinates": [
          [
            -0.48155,
            51.4707346
          ],
          [
            -0.481551,
            51.470785
          ]
        ]
      },
      "properties": {
        "conveying": "forward",
        "highway": "steps",
        "incline": "up",
        "indoor": "yes",
        "level": "-4;-2",
        "osm_id": 1179971690,
        "osm_type": "way",
        "_category": "yes",
        "_level": -4,
        "_source": "level_b1"
      }
    },
    {
      "type": "Feature",
      "geometry": {
        "type": "LineString",
        "coordinates": [
          [
            -0.4810942,
            51.4708651
          ],
          [
            -0.4810911,
            51.4707809
          ],
          [
            -0.4810159,
            51.4707801
          ]
        ]
      },
      "properties": {
        "highway": "footway",
        "indoor": "yes",
        "level": "-4",
        "osm_id": 1179971691,
        "osm_type": "way",
        "_category": "yes",
        "_level": -4,
        "_source": "level_b1"
      }
    },
    {
      "type": "Feature",
      "geometry": {
        "type": "LineString",
        "coordinates": [
          [
            -0.4815175,
            51.470524
          ],
          [
            -0.4815187,
            51.4705647
          ]
        ]
      },
      "properties": {
        "highway": "steps",
        "indoor": "yes",
        "level": "-2;-4",
        "osm_id": 1179971692,
        "osm_type": "way",
        "_category": "yes",
        "_level": -2,
        "_source": "level_b1"
      }
    },
    {
      "type": "Feature",
      "geometry": {
        "type": "LineString",
        "coordinates": [
          [
            -0.4815466,
            51.4705645
          ],
          [
            -0.4815458,
            51.470524
          ]
        ]
      },
      "properties": {
        "highway": "steps",
        "indoor": "yes",
        "level": "-4;-2",
        "osm_id": 1179971693,
        "osm_type": "way",
        "_category": "yes",
        "_level": -4,
        "_source": "level_b1"
      }
    },
    {
      "type": "Feature",
      "geometry": {
        "type": "LineString",
        "coordinates": [
          [
            -0.4814931,
            51.4707854
          ],
          [
            -0.481518,
            51.4707852
          ],
          [
            -0.481551,
            51.470785
          ]
        ]
      },
      "properties": {
        "highway": "footway",
        "indoor": "yes",
        "level": "-4",
        "osm_id": 1179971694,
        "osm_type": "way",
        "_category": "yes",
        "_level": -4,
        "_source": "level_b1"
      }
    },
    {
      "type": "Feature",
      "geometry": {
        "type": "LineString",
        "coordinates": [
          [
            -0.4810424,
            51.4710581
          ],
          [
            -0.4810473,
            51.4711648
          ],
          [
            -0.4810441,
            51.4712007
          ]
        ]
      },
      "properties": {
        "highway": "footway",
        "indoor": "yes",
        "level": "-4",
        "osm_id": 1179971695,
        "osm_type": "way",
        "_category": "yes",
        "_level": -4,
        "_source": "level_b1"
      }
    },
    {
      "type": "Feature",
      "geometry": {
        "type": "LineString",
        "coordinates": [
          [
            -0.4810159,
            51.4707801
          ],
          [
            -0.4810148,
            51.4707262
          ],
          [
            -0.4810118,
            51.4705685
          ],
          [
            -0.4815027,
            51.4705648
          ],
          [
            -0.4815187,
            51.4705647
          ],
          [
            -0.4815466,
            51.4705645
          ],
          [
            -0.4815479,
            51.4706289
          ],
          [
            -0.4815482,
            51.4706419
          ],
          [
            -0.4815483,
            51.4706506
          ],
          [
            -0.48155,
            51.4707346
          ],
          [
            -0.481517,
            51.4707349
          ]
        ]
      },
      "properties": {
        "highway": "footway",
        "indoor": "yes",
        "level": "-2",
        "osm_id": 1179971696,
        "osm_type": "way",
        "_category": "yes",
        "_level": -2,
        "_source": "level_b1"
      }
    },
    {
      "type": "Feature",
      "geometry": {
        "type": "LineString",
        "coordinates": [
          [
            -0.4811019,
            51.4709928
          ],
          [
            -0.4810594,
            51.4709923
          ]
        ]
      },
      "properties": {
        "conveying": "forward",
        "highway": "steps",
        "incline": "down",
        "indoor": "yes",
        "level": "-1;-2",
        "osm_id": 1179971699,
        "osm_type": "way",
        "_category": "yes",
        "_level": -1,
        "_source": "level_b1"
      }
    },
    {
      "type": "Feature",
      "geometry": {
        "type": "LineString",
        "coordinates": [
          [
            -0.4811017,
            51.4709995
          ],
          [
            -0.4811509,
            51.4709997
          ]
        ]
      },
      "properties": {
        "conveying": "forward",
        "highway": "steps",
        "incline": "up",
        "indoor": "yes",
        "level": "-1;0",
        "osm_id": 1179971701,
        "osm_type": "way",
        "_category": "yes",
        "_level": -1,
        "_source": "level_b1"
      }
    },
    {
      "type": "Feature",
      "geometry": {
        "type": "LineString",
        "coordinates": [
          [
            -0.4810593,
            51.4709984
          ],
          [
            -0.4811017,
            51.4709995
          ]
        ]
      },
      "properties": {
        "conveying": "forward",
        "highway": "steps",
        "incline": "up",
        "indoor": "yes",
        "level": "-2;-1",
        "osm_id": 1179971702,
        "osm_type": "way",
        "_category": "yes",
        "_level": -2,
        "_source": "level_b1"
      }
    },
    {
      "type": "Feature",
      "geometry": {
        "type": "LineString",
        "coordinates": [
          [
            -0.4810206,
            51.4709979
          ],
          [
            -0.4810593,
            51.4709984
          ]
        ]
      },
      "properties": {
        "conveying": "forward",
        "highway": "steps",
        "incline": "up",
        "indoor": "yes",
        "level": "-4;-2",
        "osm_id": 1179971703,
        "osm_type": "way",
        "_category": "yes",
        "_level": -4,
        "_source": "level_b1"
      }
    },
    {
      "type": "Feature",
      "geometry": {
        "type": "LineString",
        "coordinates": [
          [
            -0.4810594,
            51.4709923
          ],
          [
            -0.4810206,
            51.470992
          ]
        ]
      },
      "properties": {
        "conveying": "forward",
        "highway": "steps",
        "incline": "down",
        "indoor": "yes",
        "level": "-2;-4",
        "osm_id": 1179971704,
        "osm_type": "way",
        "_category": "yes",
        "_level": -2,
        "_source": "level_b1"
      }
    },
    {
      "type": "Feature",
      "geometry": {
        "type": "LineString",
        "coordinates": [
          [
            -0.4811022,
            51.4709735
          ],
          [
            -0.4810205,
            51.4709729
          ]
        ]
      },
      "properties": {
        "highway": "footway",
        "indoor": "yes",
        "level": "-1",
        "osm_id": 1179971710,
        "osm_type": "way",
        "_category": "yes",
        "_level": -1,
        "_source": "level_b1"
      }
    },
    {
      "type": "Feature",
      "geometry": {
        "type": "LineString",
        "coordinates": [
          [
            -0.4811012,
            51.4710252
          ],
          [
            -0.4810199,
            51.4710248
          ]
        ]
      },
      "properties": {
        "highway": "footway",
        "indoor": "yes",
        "level": "-1",
        "osm_id": 1179971711,
        "osm_type": "way",
        "_category": "yes",
        "_level": -1,
        "_source": "level_b1"
      }
    },
    {
      "type": "Feature",
      "geometry": {
        "type": "LineString",
        "coordinates": [
          [
            -0.4810194,
            51.4710583
          ],
          [
            -0.4810582,
            51.4710584
          ],
          [
            -0.4810588,
            51.4710247
          ],
          [
            -0.4810593,
            51.4709984
          ],
          [
            -0.4810594,
            51.4709923
          ],
          [
            -0.4810597,
            51.4709728
          ],
          [
            -0.4810603,
            51.4709369
          ],
          [
            -0.4810205,
            51.4709372
          ]
        ]
      },
      "properties": {
        "highway": "footway",
        "indoor": "yes",
        "level": "-2",
        "osm_id": 1179971713,
        "osm_type": "way",
        "_category": "yes",
        "_level": -2,
        "_source": "level_b1"
      }
    },
    {
      "type": "Feature",
      "geometry": {
        "type": "LineString",
        "coordinates": [
          [
            -0.4810597,
            51.4709728
          ],
          [
            -0.4810205,
            51.4709729
          ]
        ]
      },
      "properties": {
        "highway": "footway",
        "indoor": "yes",
        "level": "-2",
        "osm_id": 1179971714,
        "osm_type": "way",
        "_category": "yes",
        "_level": -2,
        "_source": "level_b1"
      }
    },
    {
      "type": "Feature",
      "geometry": {
        "type": "LineString",
        "coordinates": [
          [
            -0.4810588,
            51.4710247
          ],
          [
            -0.4810199,
            51.4710248
          ]
        ]
      },
      "properties": {
        "highway": "footway",
        "indoor": "yes",
        "level": "-2",
        "osm_id": 1179971715,
        "osm_type": "way",
        "_category": "yes",
        "_level": -2,
        "_source": "level_b1"
      }
    },
    {
      "type": "Feature",
      "geometry": {
        "type": "LineString",
        "coordinates": [
          [
            -0.4810205,
            51.4709372
          ],
          [
            -0.481103,
            51.4709369
          ],
          [
            -0.4811022,
            51.4709735
          ],
          [
            -0.4811019,
            51.4709928
          ],
          [
            -0.4811017,
            51.4709995
          ],
          [
            -0.4811012,
            51.4710252
          ],
          [
            -0.4811005,
            51.4710586
          ],
          [
            -0.4810194,
            51.4710583
          ]
        ]
      },
      "properties": {
        "highway": "footway",
        "indoor": "yes",
        "level": "-1",
        "osm_id": 1179971716,
        "osm_type": "way",
        "_category": "yes",
        "_level": -1,
        "_source": "level_b1"
      }
    },
    {
      "type": "Feature",
      "geometry": {
        "type": "LineString",
        "coordinates": [
          [
            -0.4810206,
            51.4709979
          ],
          [
            -0.4810206,
            51.470992
          ],
          [
            -0.4810205,
            51.4709729
          ],
          [
            -0.4810205,
            51.4709372
          ],
          [
            -0.4810961,
            51.4709365
          ],
          [
            -0.4810942,
            51.4708651
          ],
          [
            -0.4814935,
            51.4708657
          ],
          [
            -0.4814931,
            51.4707854
          ],
          [
            -0.4814928,
            51.4706507
          ],
          [
            -0.4814928,
            51.4706424
          ],
          [
            -0.4814927,
            51.4706294
          ],
          [
            -0.4814925,
            51.470524
          ],
          [
            -0.4815175,
            51.470524
          ],
          [
            -0.4815458,
            51.470524
          ]
        ]
      },
      "properties": {
        "highway": "footway",
        "indoor": "yes",
        "level": "-4",
        "osm_id": 1179971717,
        "osm_type": "way",
        "_category": "yes",
        "_level": -4,
        "_source": "level_b1"
      }
    },
    {
      "type": "Feature",
      "geometry": {
        "type": "LineString",
        "coordinates": [
          [
            -0.4473627,
            51.4702626
          ],
          [
            -0.4475761,
            51.4702622
          ]
        ]
      },
      "properties": {
        "conveying": "forward",
        "highway": "steps",
        "incline": "up",
        "indoor": "yes",
        "level": "-1;1",
        "osm_id": 1180056190,
        "osm_type": "way",
        "_category": "yes",
        "_level": -1,
        "_source": "level_b1"
      }
    },
    {
      "type": "Feature",
      "geometry": {
        "type": "LineString",
        "coordinates": [
          [
            -0.447363,
            51.4702739
          ],
          [
            -0.4475763,
            51.4702739
          ]
        ]
      },
      "properties": {
        "conveying": "forward",
        "highway": "steps",
        "incline": "up",
        "indoor": "yes",
        "level": "-1;1",
        "osm_id": 1180056192,
        "osm_type": "way",
        "_category": "yes",
        "_level": -1,
        "_source": "level_b1"
      }
    },
    {
      "type": "Feature",
      "geometry": {
        "type": "LineString",
        "coordinates": [
          [
            -0.4471433,
            51.4703229
          ],
          [
            -0.4473707,
            51.4703219
          ]
        ]
      },
      "properties": {
        "conveying": "forward",
        "highway": "steps",
        "incline": "up",
        "indoor": "yes",
        "level": "-2;-1",
        "osm_id": 1180056195,
        "osm_type": "way",
        "_category": "yes",
        "_level": -2,
        "_source": "level_b1"
      }
    },
    {
      "type": "Feature",
      "geometry": {
        "type": "LineString",
        "coordinates": [
          [
            -0.4471434,
            51.4703114
          ],
          [
            -0.4473708,
            51.4703093
          ]
        ]
      },
      "properties": {
        "conveying": "backward",
        "highway": "steps",
        "incline": "down",
        "indoor": "yes",
        "level": "-1;-2",
        "osm_id": 1180056196,
        "osm_type": "way",
        "_category": "yes",
        "_level": -1,
        "_source": "level_b1"
      }
    },
    {
      "type": "Feature",
      "geometry": {
        "type": "LineString",
        "coordinates": [
          [
            -0.4473708,
            51.4703093
          ],
          [
            -0.4475774,
            51.4703089
          ]
        ]
      },
      "properties": {
        "conveying": "forward",
        "highway": "steps",
        "incline": "up",
        "indoor": "yes",
        "level": "-1;1",
        "osm_id": 1180056197,
        "osm_type": "way",
        "_category": "yes",
        "_level": -1,
        "_source": "level_b1"
      }
    },
    {
      "type": "Feature",
      "geometry": {
        "type": "LineString",
        "coordinates": [
          [
            -0.447135,
            51.4704928
          ],
          [
            -0.4472065,
            51.4704921
          ]
        ]
      },
      "properties": {
        "highway": "footway",
        "indoor": "yes",
        "level": "-2",
        "osm_id": 1180056201,
        "osm_type": "way",
        "_category": "yes",
        "_level": -2,
        "_source": "level_b1"
      }
    },
    {
      "type": "Feature",
      "geometry": {
        "type": "LineString",
        "coordinates": [
          [
            -0.4472078,
            51.4705781
          ],
          [
            -0.4471335,
            51.4705778
          ],
          [
            -0.4471348,
            51.4705068
          ],
          [
            -0.447135,
            51.4704928
          ],
          [
            -0.4471349,
            51.4704864
          ],
          [
            -0.4471346,
            51.470464
          ],
          [
            -0.4471341,
            51.4704321
          ],
          [
            -0.4472045,
            51.4704313
          ]
        ]
      },
      "properties": {
        "highway": "footway",
        "indoor": "yes",
        "level": "-2",
        "osm_id": 1180056207,
        "osm_type": "way",
        "_category": "yes",
        "_level": -2,
        "_source": "level_b1"
      }
    },
    {
      "type": "Feature",
      "geometry": {
        "type": "LineString",
        "coordinates": [
          [
            -0.4430674,
            51.4711836
          ],
          [
            -0.4430677,
            51.4712065
          ],
          [
            -0.4429873,
            51.471207
          ]
        ]
      },
      "properties": {
        "highway": "footway",
        "indoor": "yes",
        "level": "-1",
        "osm_id": 1180187055,
        "osm_type": "way",
        "_category": "yes",
        "_level": -1,
        "_source": "level_b1"
      }
    },
    {
      "type": "Feature",
      "geometry": {
        "type": "LineString",
        "coordinates": [
          [
            -0.4430674,
            51.4711539
          ],
          [
            -0.4430674,
            51.4711836
          ],
          [
            -0.4429843,
            51.4711844
          ]
        ]
      },
      "properties": {
        "highway": "footway",
        "indoor": "yes",
        "level": "-1",
        "osm_id": 1180187057,
        "osm_type": "way",
        "_category": "yes",
        "_level": -1,
        "_source": "level_b1"
      }
    },
    {
      "type": "Feature",
      "geometry": {
        "type": "LineString",
        "coordinates": [
          [
            -0.4430661,
            51.4711088
          ],
          [
            -0.4430674,
            51.4711539
          ],
          [
            -0.4429816,
            51.4711552
          ]
        ]
      },
      "properties": {
        "highway": "footway",
        "indoor": "yes",
        "level": "-1",
        "osm_id": 1180187058,
        "osm_type": "way",
        "_category": "yes",
        "_level": -1,
        "_source": "level_b1"
      }
    },
    {
      "type": "Feature",
      "geometry": {
        "type": "LineString",
        "coordinates": [
          [
            -0.4430667,
            51.4709927
          ],
          [
            -0.4430661,
            51.4711088
          ],
          [
            -0.4429802,
            51.4711117
          ]
        ]
      },
      "properties": {
        "highway": "footway",
        "indoor": "yes",
        "level": "-1",
        "osm_id": 1180187059,
        "osm_type": "way",
        "_category": "yes",
        "_level": -1,
        "_source": "level_b1"
      }
    },
    {
      "type": "Feature",
      "geometry": {
        "type": "LineString",
        "coordinates": [
          [
            -0.4430674,
            51.4709365
          ],
          [
            -0.4430667,
            51.4709927
          ]
        ]
      },
      "properties": {
        "conveying": "forward",
        "highway": "steps",
        "incline": "up",
        "indoor": "yes",
        "level": "-1;1",
        "osm_id": 1180187064,
        "osm_type": "way",
        "_category": "yes",
        "_level": -1,
        "_source": "level_b1"
      }
    },
    {
      "type": "Feature",
      "geometry": {
        "type": "LineString",
        "coordinates": [
          [
            -0.4431485,
            51.4709918
          ],
          [
            -0.4431157,
            51.4709898
          ],
          [
            -0.4430667,
            51.4709927
          ]
        ]
      },
      "properties": {
        "highway": "footway",
        "indoor": "yes",
        "level": "-1",
        "osm_id": 1180187065,
        "osm_type": "way",
        "_category": "yes",
        "_level": -1,
        "_source": "level_b1"
      }
    },
    {
      "type": "Feature",
      "geometry": {
        "type": "LineString",
        "coordinates": [
          [
            -0.4430626,
            51.4707674
          ],
          [
            -0.4430855,
            51.4707675
          ]
        ]
      },
      "properties": {
        "highway": "footway",
        "indoor": "yes",
        "level": "-1",
        "osm_id": 1180187067,
        "osm_type": "way",
        "_category": "yes",
        "_level": -1,
        "_source": "level_b1"
      }
    },
    {
      "type": "Feature",
      "geometry": {
        "type": "LineString",
        "coordinates": [
          [
            -0.4431485,
            51.4708998
          ],
          [
            -0.4431485,
            51.4709918
          ]
        ]
      },
      "properties": {
        "conveying": "forward",
        "highway": "steps",
        "incline": "up",
        "indoor": "yes",
        "level": "-1;2",
        "osm_id": 1180187070,
        "osm_type": "way",
        "_category": "yes",
        "_level": -1,
        "_source": "level_b1"
      }
    },
    {
      "type": "Feature",
      "geometry": {
        "type": "LineString",
        "coordinates": [
          [
            -0.4431988,
            51.4707675
          ],
          [
            -0.443198,
            51.4709002
          ],
          [
            -0.4431975,
            51.4709927
          ],
          [
            -0.4431739,
            51.4709923
          ],
          [
            -0.4431485,
            51.4709918
          ]
        ]
      },
      "properties": {
        "highway": "footway",
        "indoor": "yes",
        "level": "-1",
        "osm_id": 1180187074,
        "osm_type": "way",
        "_category": "yes",
        "_level": -1,
        "_source": "level_b1"
      }
    },
    {
      "type": "Feature",
      "geometry": {
        "type": "LineString",
        "coordinates": [
          [
            -0.4430855,
            51.4707675
          ],
          [
            -0.4430895,
            51.470851
          ]
        ]
      },
      "properties": {
        "conveying": "forward",
        "highway": "steps",
        "incline": "up",
        "indoor": "yes",
        "level": "-1;1",
        "osm_id": 1180187075,
        "osm_type": "way",
        "_category": "yes",
        "_level": -1,
        "_source": "level_b1"
      }
    },
    {
      "type": "Feature",
      "geometry": {
        "type": "LineString",
        "coordinates": [
          [
            -0.4431968,
            51.470683
          ],
          [
            -0.4431988,
            51.4707675
          ],
          [
            -0.4431217,
            51.4707675
          ],
          [
            -0.4430855,
            51.4707675
          ]
        ]
      },
      "properties": {
        "highway": "footway",
        "indoor": "yes",
        "level": "-1",
        "osm_id": 1180187079,
        "osm_type": "way",
        "_category": "yes",
        "_level": -1,
        "_source": "level_b1"
      }
    },
    {
      "type": "Feature",
      "geometry": {
        "type": "LineString",
        "coordinates": [
          [
            -0.4431593,
            51.4707513
          ],
          [
            -0.4431573,
            51.4707235
          ]
        ]
      },
      "properties": {
        "conveying": "forward",
        "highway": "steps",
        "incline": "up",
        "indoor": "yes",
        "level": "-1;2",
        "osm_id": 1180187080,
        "osm_type": "way",
        "_category": "yes",
        "_level": -1,
        "_source": "level_b1"
      }
    },
    {
      "type": "Feature",
      "geometry": {
        "type": "LineString",
        "coordinates": [
          [
            -0.443113,
            51.4706556
          ],
          [
            -0.443115,
            51.4707232
          ]
        ]
      },
      "properties": {
        "highway": "steps",
        "indoor": "yes",
        "level": "-2;-1",
        "osm_id": 1180187083,
        "osm_type": "way",
        "_category": "yes",
        "_level": -2,
        "_source": "level_b1"
      }
    },
    {
      "type": "Feature",
      "geometry": {
        "type": "LineString",
        "coordinates": [
          [
            -0.443113,
            51.4706556
          ],
          [
            -0.4431009,
            51.470666
          ],
          [
            -0.4431023,
            51.4707128
          ],
          [
            -0.443115,
            51.4707232
          ]
        ]
      },
      "properties": {
        "conveying": "forward",
        "highway": "steps",
        "incline": "up",
        "indoor": "yes",
        "level": "-2;-1",
        "osm_id": 1180187084,
        "osm_type": "way",
        "_category": "yes",
        "_level": -2,
        "_source": "level_b1"
      }
    },
    {
      "type": "Feature",
      "geometry": {
        "type": "LineString",
        "coordinates": [
          [
            -0.443115,
            51.4707232
          ],
          [
            -0.4431257,
            51.4707122
          ],
          [
            -0.4431241,
            51.4706652
          ],
          [
            -0.443113,
            51.4706556
          ]
        ]
      },
      "properties": {
        "conveying": "backward",
        "highway": "steps",
        "incline": "down",
        "indoor": "yes",
        "level": "-1;-2",
        "osm_id": 1180187085,
        "osm_type": "way",
        "_category": "yes",
        "_level": -1,
        "_source": "level_b1"
      }
    },
    {
      "type": "Feature",
      "geometry": {
        "type": "LineString",
        "coordinates": [
          [
            -0.4431774,
            51.4706836
          ],
          [
            -0.4431757,
            51.4706551
          ]
        ]
      },
      "properties": {
        "highway": "footway",
        "indoor": "yes",
        "level": "-2",
        "osm_id": 1180187086,
        "osm_type": "way",
        "_category": "yes",
        "_level": -2,
        "_source": "level_b1"
      }
    },
    {
      "type": "Feature",
      "geometry": {
        "type": "LineString",
        "coordinates": [
          [
            -0.4471432,
            51.4703289
          ],
          [
            -0.4468613,
            51.4704081
          ],
          [
            -0.4461026,
            51.4706131
          ],
          [
            -0.4450911,
            51.4706243
          ],
          [
            -0.4431968,
            51.470683
          ],
          [
            -0.4431774,
            51.4706836
          ],
          [
            -0.4431774,
            51.4707237
          ],
          [
            -0.4431573,
            51.4707235
          ],
          [
            -0.443115,
            51.4707232
          ],
          [
            -0.4430607,
            51.4707229
          ]
        ]
      },
      "properties": {
        "highway": "footway",
        "indoor": "yes",
        "layer": "-1",
        "level": "-1",
        "tunnel": "yes",
        "osm_id": 1180187087,
        "osm_type": "way",
        "_category": "yes",
        "_level": -1,
        "_source": "level_b1"
      }
    },
    {
      "type": "Feature",
      "geometry": {
        "type": "LineString",
        "coordinates": [
          [
            -0.4471653,
            51.4704923
          ],
          [
            -0.4472065,
            51.4704921
          ]
        ]
      },
      "properties": {
        "highway": "footway",
        "indoor": "yes",
        "level": "-1",
        "osm_id": 1180187088,
        "osm_type": "way",
        "_category": "yes",
        "_level": -1,
        "_source": "level_b1"
      }
    },
    {
      "type": "Feature",
      "geometry": {
        "type": "LineString",
        "coordinates": [
          [
            -0.4472045,
            51.4704313
          ],
          [
            -0.4471658,
            51.4704315
          ],
          [
            -0.4471653,
            51.4704923
          ],
          [
            -0.447166,
            51.4705771
          ],
          [
            -0.4472078,
            51.4705781
          ]
        ]
      },
      "properties": {
        "highway": "footway",
        "indoor": "yes",
        "level": "-1",
        "osm_id": 1180187089,
        "osm_type": "way",
        "_category": "yes",
        "_level": -1,
        "_source": "level_b1"
      }
    },
    {
      "type": "Feature",
      "geometry": {
        "type": "LineString",
        "coordinates": [
          [
            -0.4471434,
            51.4703142
          ],
          [
            -0.4465219,
            51.4704819
          ],
          [
            -0.4460977,
            51.4705855
          ],
          [
            -0.4450911,
            51.4705942
          ],
          [
            -0.4431775,
            51.4706551
          ],
          [
            -0.4431757,
            51.4706551
          ],
          [
            -0.443113,
            51.4706556
          ],
          [
            -0.4430527,
            51.470656
          ],
          [
            -0.4430607,
            51.4707229
          ]
        ]
      },
      "properties": {
        "highway": "footway",
        "indoor": "yes",
        "layer": "-1",
        "level": "-2",
        "tunnel": "yes",
        "osm_id": 1180187090,
        "osm_type": "way",
        "_category": "yes",
        "_level": -2,
        "_source": "level_b1"
      }
    },
    {
      "type": "Feature",
      "geometry": {
        "type": "LineString",
        "coordinates": [
          [
            -0.4557043,
            51.4712961
          ],
          [
            -0.4557318,
            51.4713224
          ]
        ]
      },
      "properties": {
        "highway": "footway",
        "indoor": "yes",
        "level": "-1",
        "oneway": "yes",
        "oneway:foot": "yes",
        "osm_id": 1180196744,
        "osm_type": "way",
        "_category": "yes",
        "_level": -1,
        "_source": "level_b1"
      }
    },
    {
      "type": "Feature",
      "geometry": {
        "type": "LineString",
        "coordinates": [
          [
            -0.4556695,
            51.4713102
          ],
          [
            -0.4556987,
            51.4713348
          ]
        ]
      },
      "properties": {
        "highway": "footway",
        "indoor": "yes",
        "level": "-1",
        "oneway": "yes",
        "oneway:foot": "yes",
        "tunnel": "yes",
        "osm_id": 1180196746,
        "osm_type": "way",
        "_category": "yes",
        "_level": -1,
        "_source": "level_b1"
      }
    },
    {
      "type": "Feature",
      "geometry": {
        "type": "LineString",
        "coordinates": [
          [
            -0.4572999,
            51.4717495
          ],
          [
            -0.4573005,
            51.4717571
          ],
          [
            -0.4573254,
            51.4717767
          ],
          [
            -0.4573451,
            51.4717822
          ]
        ]
      },
      "properties": {
        "highway": "steps",
        "indoor": "yes",
        "level": "-1;0",
        "osm_id": 1180196753,
        "osm_type": "way",
        "_category": "yes",
        "_level": -1,
        "_source": "level_b1"
      }
    },
    {
      "type": "Feature",
      "geometry": {
        "type": "LineString",
        "coordinates": [
          [
            -0.4516753,
            51.4692764
          ],
          [
            -0.4516585,
            51.4692768
          ]
        ]
      },
      "properties": {
        "highway": "steps",
        "indoor": "yes",
        "level": "-1;0",
        "osm_id": 1180376234,
        "osm_type": "way",
        "_category": "yes",
        "_level": -1,
        "_source": "level_b1"
      }
    },
    {
      "type": "Feature",
      "geometry": {
        "type": "LineString",
        "coordinates": [
          [
            -0.452945,
            51.4694529
          ],
          [
            -0.4529524,
            51.4694531
          ]
        ]
      },
      "properties": {
        "highway": "steps",
        "indoor": "yes",
        "level": "-1;0",
        "osm_id": 1180376246,
        "osm_type": "way",
        "_category": "yes",
        "_level": -1,
        "_source": "level_b1"
      }
    },
    {
      "type": "Feature",
      "geometry": {
        "type": "LineString",
        "coordinates": [
          [
            -0.4528353,
            51.4695725
          ],
          [
            -0.4528327,
            51.4694568
          ],
          [
            -0.4529521,
            51.4694576
          ],
          [
            -0.4529524,
            51.4694531
          ]
        ]
      },
      "properties": {
        "highway": "footway",
        "indoor": "yes",
        "level": "-1",
        "tunnel": "yes",
        "osm_id": 1180376252,
        "osm_type": "way",
        "_category": "yes",
        "_level": -1,
        "_source": "level_b1"
      }
    },
    {
      "type": "Feature",
      "geometry": {
        "type": "LineString",
        "coordinates": [
          [
            -0.4529393,
            51.4698181
          ],
          [
            -0.4529557,
            51.4698183
          ]
        ]
      },
      "properties": {
        "highway": "steps",
        "indoor": "yes",
        "level": "-1;0",
        "osm_id": 1180376257,
        "osm_type": "way",
        "_category": "yes",
        "_level": -1,
        "_source": "level_b1"
      }
    },
    {
      "type": "Feature",
      "geometry": {
        "type": "LineString",
        "coordinates": [
          [
            -0.4516764,
            51.4695618
          ],
          [
            -0.4528353,
            51.4695725
          ],
          [
            -0.452833,
            51.4698116
          ],
          [
            -0.452956,
            51.4698125
          ],
          [
            -0.4529557,
            51.4698183
          ]
        ]
      },
      "properties": {
        "highway": "footway",
        "indoor": "yes",
        "level": "-1",
        "tunnel": "yes",
        "osm_id": 1180376258,
        "osm_type": "way",
        "_category": "yes",
        "_level": -1,
        "_source": "level_b1"
      }
    },
    {
      "type": "Feature",
      "geometry": {
        "type": "LineString",
        "coordinates": [
          [
            -0.4516789,
            51.4697939
          ],
          [
            -0.4516764,
            51.4695618
          ],
          [
            -0.4516639,
            51.4693649
          ],
          [
            -0.4516594,
            51.4693248
          ],
          [
            -0.4516599,
            51.4693178
          ],
          [
            -0.4516597,
            51.4693107
          ],
          [
            -0.4516594,
            51.4693037
          ],
          [
            -0.4516594,
            51.469299
          ],
          [
            -0.451659,
            51.4692916
          ],
          [
            -0.4516587,
            51.4692841
          ],
          [
            -0.4516585,
            51.4692768
          ]
        ]
      },
      "properties": {
        "highway": "footway",
        "indoor": "yes",
        "level": "-1",
        "tunnel": "yes",
        "osm_id": 1180376264,
        "osm_type": "way",
        "_category": "yes",
        "_level": -1,
        "_source": "level_b1"
      }
    },
    {
      "type": "Feature",
      "geometry": {
        "type": "LineString",
        "coordinates": [
          [
            -0.4516789,
            51.4697939
          ],
          [
            -0.4517048,
            51.4697939
          ]
        ]
      },
      "properties": {
        "highway": "steps",
        "indoor": "yes",
        "level": "-1;0",
        "osm_id": 1180376265,
        "osm_type": "way",
        "_category": "yes",
        "_level": -1,
        "_source": "level_b1"
      }
    },
    {
      "type": "Feature",
      "geometry": {
        "type": "LineString",
        "coordinates": [
          [
            -0.4516961,
            51.4703277
          ],
          [
            -0.4516853,
            51.47004
          ],
          [
            -0.4516817,
            51.4699434
          ],
          [
            -0.4516789,
            51.4698977
          ],
          [
            -0.4516802,
            51.4698668
          ],
          [
            -0.4516809,
            51.4698417
          ],
          [
            -0.4516802,
            51.4698146
          ],
          [
            -0.4516789,
            51.4697939
          ]
        ]
      },
      "properties": {
        "highway": "footway",
        "indoor": "yes",
        "layer": "-1",
        "level": "-1",
        "tunnel": "yes",
        "osm_id": 1180376272,
        "osm_type": "way",
        "_category": "yes",
        "_level": -1,
        "_source": "level_b1"
      }
    },
    {
      "type": "Feature",
      "geometry": {
        "type": "LineString",
        "coordinates": [
          [
            -0.4531875,
            51.4714677
          ],
          [
            -0.4531594,
            51.4714692
          ],
          [
            -0.4527815,
            51.4712934
          ],
          [
            -0.4523689,
            51.4711035
          ],
          [
            -0.4517216,
            51.4706393
          ],
          [
            -0.451679,
            51.4706021
          ],
          [
            -0.4516815,
            51.4705476
          ]
        ]
      },
      "properties": {
        "highway": "footway",
        "indoor": "yes",
        "level": "-1",
        "tunnel": "yes",
        "osm_id": 1180376273,
        "osm_type": "way",
        "_category": "yes",
        "_level": -1,
        "_source": "level_b1"
      }
    },
    {
      "type": "Feature",
      "geometry": {
        "type": "LineString",
        "coordinates": [
          [
            -0.4529409,
            51.4703434
          ],
          [
            -0.4529512,
            51.4703435
          ]
        ]
      },
      "properties": {
        "highway": "steps",
        "indoor": "yes",
        "level": "-1;0",
        "osm_id": 1180376283,
        "osm_type": "way",
        "_category": "yes",
        "_level": -1,
        "_source": "level_b1"
      }
    },
    {
      "type": "Feature",
      "geometry": {
        "type": "LineString",
        "coordinates": [
          [
            -0.451684,
            51.4704006
          ],
          [
            -0.4516961,
            51.4703277
          ]
        ]
      },
      "properties": {
        "highway": "footway",
        "indoor": "yes",
        "level": "-1",
        "tunnel": "yes",
        "osm_id": 1180376284,
        "osm_type": "way",
        "_category": "yes",
        "_level": -1,
        "_source": "level_b1"
      }
    },
    {
      "type": "Feature",
      "geometry": {
        "type": "LineString",
        "coordinates": [
          [
            -0.4516815,
            51.4705476
          ],
          [
            -0.451684,
            51.4705044
          ],
          [
            -0.4516853,
            51.4704735
          ],
          [
            -0.451686,
            51.4704484
          ],
          [
            -0.4516853,
            51.4704213
          ],
          [
            -0.451684,
            51.4704006
          ]
        ]
      },
      "properties": {
        "highway": "footway",
        "indoor": "yes",
        "level": "-1",
        "tunnel": "yes",
        "osm_id": 1180376291,
        "osm_type": "way",
        "_category": "yes",
        "_level": -1,
        "_source": "level_b1"
      }
    },
    {
      "type": "Feature",
      "geometry": {
        "type": "LineString",
        "coordinates": [
          [
            -0.4557318,
            51.4713224
          ],
          [
            -0.4557681,
            51.4713595
          ]
        ]
      },
      "properties": {
        "highway": "footway",
        "indoor": "yes",
        "level": "-1",
        "oneway": "yes",
        "oneway:foot": "yes",
        "osm_id": 1387434860,
        "osm_type": "way",
        "_category": "yes",
        "_level": -1,
        "_source": "level_b1"
      }
    },
    {
      "type": "Feature",
      "geometry": {
        "type": "LineString",
        "coordinates": [
          [
            -0.455665,
            51.4713825
          ],
          [
            -0.455692,
            51.4713705
          ],
          [
            -0.4557198,
            51.4713577
          ],
          [
            -0.4557563,
            51.4713419
          ],
          [
            -0.4557862,
            51.4713295
          ],
          [
            -0.4558139,
            51.4713169
          ],
          [
            -0.4558257,
            51.4713121
          ],
          [
            -0.4558764,
            51.471359
          ]
        ]
      },
      "properties": {
        "highway": "footway",
        "indoor": "yes",
        "level": "-4",
        "osm_id": 1387434863,
        "osm_type": "way",
        "_category": "yes",
        "_level": -4,
        "_source": "level_b1"
      }
    },
    {
      "type": "Feature",
      "geometry": {
        "type": "LineString",
        "coordinates": [
          [
            -0.4559223,
            51.4713122
          ],
          [
            -0.4558032,
            51.4713602
          ]
        ]
      },
      "properties": {
        "conveying": "forward",
        "highway": "steps",
        "incline": "up",
        "indoor": "yes",
        "level": "-2;-1",
        "osm_id": 1387434864,
        "osm_type": "way",
        "_category": "yes",
        "_level": -2,
        "_source": "level_b1"
      }
    },
    {
      "type": "Feature",
      "geometry": {
        "type": "LineString",
        "coordinates": [
          [
            -0.4557192,
            51.4712773
          ],
          [
            -0.4558411,
            51.4712267
          ]
        ]
      },
      "properties": {
        "conveying": "forward",
        "highway": "steps",
        "incline": "down",
        "indoor": "yes",
        "level": "-1;-2",
        "osm_id": 1387434865,
        "osm_type": "way",
        "_category": "yes",
        "_level": -1,
        "_source": "level_b1"
      }
    },
    {
      "type": "Feature",
      "geometry": {
        "type": "LineString",
        "coordinates": [
          [
            -0.4558411,
            51.4712267
          ],
          [
            -0.4558717,
            51.4712147
          ],
          [
            -0.4558823,
            51.4712107
          ],
          [
            -0.4559708,
            51.4712919
          ],
          [
            -0.4559529,
            51.4712993
          ],
          [
            -0.4559223,
            51.4713122
          ]
        ]
      },
      "properties": {
        "highway": "footway",
        "indoor": "yes",
        "level": "-2",
        "osm_id": 1387434866,
        "osm_type": "way",
        "_category": "yes",
        "_level": -2,
        "_source": "level_b1"
      }
    },
    {
      "type": "Feature",
      "geometry": {
        "type": "LineString",
        "coordinates": [
          [
            -0.4544351,
            51.4718078
          ],
          [
            -0.4544992,
            51.4718701
          ],
          [
            -0.4545669,
            51.4719342
          ]
        ]
      },
      "properties": {
        "highway": "footway",
        "indoor": "yes",
        "level": "-4",
        "osm_id": 1387434867,
        "osm_type": "way",
        "_category": "yes",
        "_level": -4,
        "_source": "level_b1"
      }
    },
    {
      "type": "Feature",
      "geometry": {
        "type": "LineString",
        "coordinates": [
          [
            -0.4557772,
            51.4712787
          ],
          [
            -0.4557935,
            51.4712956
          ]
        ]
      },
      "properties": {
        "highway": "footway",
        "indoor": "yes",
        "level": "-4",
        "oneway": "yes",
        "oneway:foot": "yes",
        "osm_id": 1387434868,
        "osm_type": "way",
        "_category": "yes",
        "_level": -4,
        "_source": "level_b1"
      }
    },
    {
      "type": "Feature",
      "geometry": {
        "type": "LineString",
        "coordinates": [
          [
            -0.4555806,
            51.4713028
          ],
          [
            -0.4556043,
            51.4713238
          ],
          [
            -0.4556241,
            51.4713423
          ],
          [
            -0.4556418,
            51.4713598
          ],
          [
            -0.455665,
            51.4713825
          ],
          [
            -0.4556869,
            51.4714059
          ],
          [
            -0.4557081,
            51.4714286
          ]
        ]
      },
      "properties": {
        "highway": "footway",
        "indoor": "yes",
        "level": "-4",
        "osm_id": 1387434870,
        "osm_type": "way",
        "_category": "yes",
        "_level": -4,
        "_source": "level_b1"
      }
    },
    {
      "type": "Feature",
      "geometry": {
        "type": "LineString",
        "coordinates": [
          [
            -0.4556987,
            51.4713348
          ],
          [
            -0.4557349,
            51.471374
          ]
        ]
      },
      "properties": {
        "highway": "footway",
        "indoor": "yes",
        "level": "-1",
        "oneway": "yes",
        "oneway:foot": "yes",
        "osm_id": 1387434872,
        "osm_type": "way",
        "_category": "yes",
        "_level": -1,
        "_source": "level_b1"
      }
    },
    {
      "type": "Feature",
      "geometry": {
        "type": "LineString",
        "coordinates": [
          [
            -0.4556507,
            51.471332
          ],
          [
            -0.4556688,
            51.4713494
          ]
        ]
      },
      "properties": {
        "highway": "footway",
        "indoor": "yes",
        "level": "-4",
        "oneway": "yes",
        "oneway:foot": "yes",
        "osm_id": 1387434873,
        "osm_type": "way",
        "_category": "yes",
        "_level": -4,
        "_source": "level_b1"
      }
    },
    {
      "type": "Feature",
      "geometry": {
        "type": "LineString",
        "coordinates": [
          [
            -0.4557147,
            51.4713055
          ],
          [
            -0.4557318,
            51.4713224
          ]
        ]
      },
      "properties": {
        "highway": "footway",
        "indoor": "yes",
        "level": "-4",
        "oneway": "yes",
        "oneway:foot": "yes",
        "osm_id": 1387434874,
        "osm_type": "way",
        "_category": "yes",
        "_level": -4,
        "_source": "level_b1"
      }
    },
    {
      "type": "Feature",
      "geometry": {
        "type": "LineString",
        "coordinates": [
          [
            -0.45564,
            51.4713215
          ],
          [
            -0.4556688,
            51.4713494
          ]
        ]
      },
      "properties": {
        "highway": "footway",
        "indoor": "yes",
        "level": "-1",
        "oneway": "yes",
        "oneway:foot": "yes",
        "tunnel": "yes",
        "osm_id": 1387434875,
        "osm_type": "way",
        "_category": "yes",
        "_level": -1,
        "_source": "level_b1"
      }
    },
    {
      "type": "Feature",
      "geometry": {
        "type": "LineString",
        "coordinates": [
          [
            -0.4557935,
            51.4712956
          ],
          [
            -0.4558139,
            51.4713169
          ]
        ]
      },
      "properties": {
        "highway": "footway",
        "indoor": "yes",
        "level": "-4",
        "oneway": "yes",
        "oneway:foot": "yes",
        "osm_id": 1387434876,
        "osm_type": "way",
        "_category": "yes",
        "_level": -4,
        "_source": "level_b1"
      }
    },
    {
      "type": "Feature",
      "geometry": {
        "type": "LineString",
        "coordinates": [
          [
            -0.4558032,
            51.4713602
          ],
          [
            -0.4557681,
            51.4713595
          ]
        ]
      },
      "properties": {
        "highway": "footway",
        "indoor": "yes",
        "level": "-1",
        "osm_id": 1387434878,
        "osm_type": "way",
        "_category": "yes",
        "_level": -1,
        "_source": "level_b1"
      }
    },
    {
      "type": "Feature",
      "geometry": {
        "type": "LineString",
        "coordinates": [
          [
            -0.4558717,
            51.4712147
          ],
          [
            -0.4559615,
            51.4712956
          ]
        ]
      },
      "properties": {
        "conveying": "forward",
        "highway": "steps",
        "incline": "down",
        "indoor": "yes",
        "level": "-2;-3",
        "osm_id": 1387434879,
        "osm_type": "way",
        "_category": "yes",
        "_level": -2,
        "_source": "level_b1"
      }
    },
    {
      "type": "Feature",
      "geometry": {
        "type": "LineString",
        "coordinates": [
          [
            -0.4557318,
            51.4713224
          ],
          [
            -0.4557563,
            51.4713419
          ]
        ]
      },
      "properties": {
        "highway": "footway",
        "indoor": "yes",
        "level": "-4",
        "oneway": "yes",
        "oneway:foot": "yes",
        "osm_id": 1387434881,
        "osm_type": "way",
        "_category": "yes",
        "_level": -4,
        "_source": "level_b1"
      }
    },
    {
      "type": "Feature",
      "geometry": {
        "type": "LineString",
        "coordinates": [
          [
            -0.4556688,
            51.4713494
          ],
          [
            -0.455692,
            51.4713705
          ]
        ]
      },
      "properties": {
        "highway": "footway",
        "indoor": "yes",
        "level": "-4",
        "oneway": "yes",
        "oneway:foot": "yes",
        "osm_id": 1387434882,
        "osm_type": "way",
        "_category": "yes",
        "_level": -4,
        "_source": "level_b1"
      }
    },
    {
      "type": "Feature",
      "geometry": {
        "type": "LineString",
        "coordinates": [
          [
            -0.4549013,
            51.4715976
          ],
          [
            -0.4549714,
            51.4716609
          ],
          [
            -0.4550385,
            51.4717214
          ]
        ]
      },
      "properties": {
        "highway": "footway",
        "indoor": "yes",
        "level": "-4",
        "osm_id": 1387434883,
        "osm_type": "way",
        "_category": "yes",
        "_level": -4,
        "_source": "level_b1"
      }
    },
    {
      "type": "Feature",
      "geometry": {
        "type": "LineString",
        "coordinates": [
          [
            -0.4557705,
            51.4712715
          ],
          [
            -0.4557935,
            51.4712956
          ]
        ]
      },
      "properties": {
        "highway": "footway",
        "indoor": "yes",
        "level": "-1",
        "oneway": "yes",
        "oneway:foot": "yes",
        "osm_id": 1387434885,
        "osm_type": "way",
        "_category": "yes",
        "_level": -1,
        "_source": "level_b1"
      }
    },
    {
      "type": "Feature",
      "geometry": {
        "type": "LineString",
        "coordinates": [
          [
            -0.4557406,
            51.471283
          ],
          [
            -0.4557648,
            51.4713078
          ]
        ]
      },
      "properties": {
        "highway": "footway",
        "indoor": "yes",
        "level": "-1",
        "oneway": "yes",
        "oneway:foot": "yes",
        "osm_id": 1387434886,
        "osm_type": "way",
        "_category": "yes",
        "_level": -1,
        "_source": "level_b1"
      }
    },
    {
      "type": "Feature",
      "geometry": {
        "type": "LineString",
        "coordinates": [
          [
            -0.4556803,
            51.4713193
          ],
          [
            -0.4556987,
            51.4713348
          ]
        ]
      },
      "properties": {
        "highway": "footway",
        "indoor": "yes",
        "level": "-4",
        "oneway": "yes",
        "oneway:foot": "yes",
        "osm_id": 1387434887,
        "osm_type": "way",
        "_category": "yes",
        "_level": -4,
        "_source": "level_b1"
      }
    },
    {
      "type": "Feature",
      "geometry": {
        "type": "LineString",
        "coordinates": [
          [
            -0.4557543,
            51.4712319
          ],
          [
            -0.4557934,
            51.471272
          ],
          [
            -0.4557772,
            51.4712787
          ],
          [
            -0.455748,
            51.4712908
          ],
          [
            -0.4557147,
            51.4713055
          ],
          [
            -0.4556803,
            51.4713193
          ],
          [
            -0.4556507,
            51.471332
          ],
          [
            -0.4556241,
            51.4713423
          ]
        ]
      },
      "properties": {
        "highway": "footway",
        "indoor": "yes",
        "level": "-4",
        "osm_id": 1387434888,
        "osm_type": "way",
        "_category": "yes",
        "_level": -4,
        "_source": "level_b1"
      }
    },
    {
      "type": "Feature",
      "geometry": {
        "type": "LineString",
        "coordinates": [
          [
            -0.4557935,
            51.4712956
          ],
          [
            -0.4558287,
            51.4713309
          ]
        ]
      },
      "properties": {
        "highway": "footway",
        "indoor": "yes",
        "level": "-1",
        "oneway": "yes",
        "oneway:foot": "yes",
        "osm_id": 1387434889,
        "osm_type": "way",
        "_category": "yes",
        "_level": -1,
        "_source": "level_b1"
      }
    },
    {
      "type": "Feature",
      "geometry": {
        "type": "LineString",
        "coordinates": [
          [
            -0.4557648,
            51.4713078
          ],
          [
            -0.4558,
            51.4713446
          ]
        ]
      },
      "properties": {
        "highway": "footway",
        "indoor": "yes",
        "level": "-1",
        "oneway": "yes",
        "oneway:foot": "yes",
        "osm_id": 1387434890,
        "osm_type": "way",
        "_category": "yes",
        "_level": -1,
        "_source": "level_b1"
      }
    },
    {
      "type": "Feature",
      "geometry": {
        "type": "LineString",
        "coordinates": [
          [
            -0.454376,
            51.4719229
          ],
          [
            -0.4544992,
            51.4718701
          ],
          [
            -0.4549714,
            51.4716609
          ],
          [
            -0.4552349,
            51.471541
          ],
          [
            -0.4556418,
            51.4713598
          ]
        ]
      },
      "properties": {
        "highway": "footway",
        "indoor": "yes",
        "level": "-4",
        "osm_id": 1387434891,
        "osm_type": "way",
        "_category": "yes",
        "_level": -4,
        "_source": "level_b1"
      }
    },
    {
      "type": "Feature",
      "geometry": {
        "type": "LineString",
        "coordinates": [
          [
            -0.4543095,
            51.471868
          ],
          [
            -0.454376,
            51.4719229
          ],
          [
            -0.4544511,
            51.4719866
          ]
        ]
      },
      "properties": {
        "highway": "footway",
        "indoor": "yes",
        "level": "-4",
        "osm_id": 1387434892,
        "osm_type": "way",
        "_category": "yes",
        "_level": -4,
        "_source": "level_b1"
      }
    },
    {
      "type": "Feature",
      "geometry": {
        "type": "LineString",
        "coordinates": [
          [
            -0.4559223,
            51.4713123
          ],
          [
            -0.4556869,
            51.4714059
          ]
        ]
      },
      "properties": {
        "conveying": "forward",
        "highway": "steps",
        "incline": "down",
        "indoor": "yes",
        "level": "-3;-4",
        "osm_id": 1387434893,
        "osm_type": "way",
        "_category": "yes",
        "_level": -3,
        "_source": "level_b1"
      }
    },
    {
      "type": "Feature",
      "geometry": {
        "type": "LineString",
        "coordinates": [
          [
            -0.4556688,
            51.4713494
          ],
          [
            -0.4557071,
            51.4713867
          ]
        ]
      },
      "properties": {
        "highway": "footway",
        "indoor": "yes",
        "level": "-1",
        "oneway": "yes",
        "oneway:foot": "yes",
        "osm_id": 1387434896,
        "osm_type": "way",
        "_category": "yes",
        "_level": -1,
        "_source": "level_b1"
      }
    },
    {
      "type": "Feature",
      "geometry": {
        "type": "LineString",
        "coordinates": [
          [
            -0.455748,
            51.4712908
          ],
          [
            -0.4557648,
            51.4713078
          ]
        ]
      },
      "properties": {
        "highway": "footway",
        "indoor": "yes",
        "level": "-4",
        "oneway": "yes",
        "oneway:foot": "yes",
        "osm_id": 1387434897,
        "osm_type": "way",
        "_category": "yes",
        "_level": -4,
        "_source": "level_b1"
      }
    },
    {
      "type": "Feature",
      "geometry": {
        "type": "LineString",
        "coordinates": [
          [
            -0.4557648,
            51.4713078
          ],
          [
            -0.4557862,
            51.4713295
          ]
        ]
      },
      "properties": {
        "highway": "footway",
        "indoor": "yes",
        "level": "-4",
        "oneway": "yes",
        "oneway:foot": "yes",
        "osm_id": 1387434898,
        "osm_type": "way",
        "_category": "yes",
        "_level": -4,
        "_source": "level_b1"
      }
    },
    {
      "type": "Feature",
      "geometry": {
        "type": "LineString",
        "coordinates": [
          [
            -0.4551756,
            51.4714823
          ],
          [
            -0.4552349,
            51.471541
          ],
          [
            -0.4553068,
            51.4716049
          ]
        ]
      },
      "properties": {
        "highway": "footway",
        "indoor": "yes",
        "level": "-4",
        "osm_id": 1387434899,
        "osm_type": "way",
        "_category": "yes",
        "_level": -4,
        "_source": "level_b1"
      }
    },
    {
      "type": "Feature",
      "geometry": {
        "type": "LineString",
        "coordinates": [
          [
            -0.4558287,
            51.4713309
          ],
          [
            -0.4558,
            51.4713446
          ],
          [
            -0.4557681,
            51.4713595
          ],
          [
            -0.4557349,
            51.471374
          ],
          [
            -0.4557071,
            51.4713867
          ],
          [
            -0.4556809,
            51.4713988
          ],
          [
            -0.4556144,
            51.4713328
          ],
          [
            -0.45564,
            51.4713215
          ],
          [
            -0.4556695,
            51.4713102
          ],
          [
            -0.4557043,
            51.4712961
          ],
          [
            -0.4557406,
            51.471283
          ],
          [
            -0.4557705,
            51.4712715
          ]
        ]
      },
      "properties": {
        "highway": "footway",
        "indoor": "yes",
        "level": "-1",
        "osm_id": 1387434900,
        "osm_type": "way",
        "_category": "yes",
        "_level": -1,
        "_source": "level_b1"
      }
    },
    {
      "type": "Feature",
      "geometry": {
        "type": "LineString",
        "coordinates": [
          [
            -0.4556043,
            51.4713238
          ],
          [
            -0.4558412,
            51.4712269
          ]
        ]
      },
      "properties": {
        "conveying": "forward",
        "highway": "steps",
        "incline": "up",
        "indoor": "yes",
        "level": "-4;-3",
        "osm_id": 1387434902,
        "osm_type": "way",
        "_category": "yes",
        "_level": -4,
        "_source": "level_b1"
      }
    },
    {
      "type": "Feature",
      "geometry": {
        "type": "LineString",
        "coordinates": [
          [
            -0.4557043,
            51.4712961
          ],
          [
            -0.4557192,
            51.4712773
          ]
        ]
      },
      "properties": {
        "highway": "footway",
        "indoor": "yes",
        "level": "-1",
        "osm_id": 1387434903,
        "osm_type": "way",
        "_category": "yes",
        "_level": -1,
        "_source": "level_b1"
      }
    },
    {
      "type": "Feature",
      "geometry": {
        "type": "LineString",
        "coordinates": [
          [
            -0.4558629,
            51.4712182
          ],
          [
            -0.4559529,
            51.4712993
          ]
        ]
      },
      "properties": {
        "conveying": "forward",
        "highway": "steps",
        "incline": "up",
        "indoor": "yes",
        "level": "-3;-2",
        "osm_id": 1387434904,
        "osm_type": "way",
        "_category": "yes",
        "_level": -3,
        "_source": "level_b1"
      }
    },
    {
      "type": "Feature",
      "geometry": {
        "type": "LineString",
        "coordinates": [
          [
            -0.4556987,
            51.4713348
          ],
          [
            -0.4557198,
            51.4713577
          ]
        ]
      },
      "properties": {
        "highway": "footway",
        "indoor": "yes",
        "level": "-4",
        "oneway": "yes",
        "oneway:foot": "yes",
        "osm_id": 1387434905,
        "osm_type": "way",
        "_category": "yes",
        "_level": -4,
        "_source": "level_b1"
      }
    },
    {
      "type": "Feature",
      "geometry": {
        "type": "LineString",
        "coordinates": [
          [
            -0.4559615,
            51.4712956
          ],
          [
            -0.4559223,
            51.4713123
          ]
        ]
      },
      "properties": {
        "highway": "footway",
        "indoor": "yes",
        "level": "-3",
        "osm_id": 1387879143,
        "osm_type": "way",
        "_category": "yes",
        "_level": -3,
        "_source": "level_b1"
      }
    },
    {
      "type": "Feature",
      "geometry": {
        "type": "LineString",
        "coordinates": [
          [
            -0.4558412,
            51.4712269
          ],
          [
            -0.4558629,
            51.4712182
          ]
        ]
      },
      "properties": {
        "highway": "footway",
        "indoor": "yes",
        "level": "-3",
        "osm_id": 1387879144,
        "osm_type": "way",
        "_category": "yes",
        "_level": -3,
        "_source": "level_b1"
      }
    },
    {
      "type": "Feature",
      "geometry": {
        "type": "LineString",
        "coordinates": [
          [
            -0.4868424,
            51.4711139
          ],
          [
            -0.4862864,
            51.4711419
          ]
        ]
      },
      "properties": {
        "highway": "footway",
        "indoor": "yes",
        "level": "-2",
        "level_ref": "-2",
        "osm_id": 1461185212,
        "osm_type": "way",
        "_category": "yes",
        "_level": -2,
        "_source": "level_b1"
      }
    },
    {
      "type": "Feature",
      "geometry": {
        "type": "LineString",
        "coordinates": [
          [
            -0.4868424,
            51.4711104
          ],
          [
            -0.4868456,
            51.4711105
          ]
        ]
      },
      "properties": {
        "highway": "footway",
        "indoor": "yes",
        "level": "-2",
        "level_ref": "-2",
        "osm_id": 1461185241,
        "osm_type": "way",
        "_category": "yes",
        "_level": -2,
        "_source": "level_b1"
      }
    },
    {
      "type": "Feature",
      "geometry": {
        "type": "LineString",
        "coordinates": [
          [
            -0.4868947,
            51.4711139
          ],
          [
            -0.4868424,
            51.4711139
          ],
          [
            -0.4868424,
            51.4711104
          ],
          [
            -0.4868424,
            51.4711066
          ],
          [
            -0.4868456,
            51.4711066
          ]
        ]
      },
      "properties": {
        "highway": "footway",
        "indoor": "yes",
        "level": "-2",
        "level_ref": "-2",
        "osm_id": 1461185242,
        "osm_type": "way",
        "_category": "yes",
        "_level": -2,
        "_source": "level_b1"
      }
    },
    {
      "type": "Feature",
      "geometry": {
        "type": "LineString",
        "coordinates": [
          [
            -0.486944,
            51.4711142
          ],
          [
            -0.4868947,
            51.4711139
          ]
        ]
      },
      "properties": {
        "highway": "footway",
        "indoor": "yes",
        "level": "-2",
        "level_ref": "-2",
        "osm_id": 1461185243,
        "osm_type": "way",
        "_category": "yes",
        "_level": -2,
        "_source": "level_b1"
      }
    },
    {
      "type": "Feature",
      "geometry": {
        "type": "LineString",
        "coordinates": [
          [
            -0.4867724,
            51.4707665
          ],
          [
            -0.4867725,
            51.4707749
          ],
          [
            -0.4867719,
            51.4708063
          ]
        ]
      },
      "properties": {
        "highway": "footway",
        "indoor": "yes",
        "level": "-2",
        "level_ref": "-2",
        "osm_id": 1461185247,
        "osm_type": "way",
        "_category": "yes",
        "_level": -2,
        "_source": "level_b1"
      }
    },
    {
      "type": "Feature",
      "geometry": {
        "type": "LineString",
        "coordinates": [
          [
            -0.4892331,
            51.4725223
          ],
          [
            -0.4892328,
            51.4724928
          ],
          [
            -0.4892324,
            51.4724632
          ]
        ]
      },
      "properties": {
        "highway": "footway",
        "indoor": "yes",
        "level": "-3",
        "osm_id": 1461185276,
        "osm_type": "way",
        "_category": "yes",
        "_level": -3,
        "_source": "level_b1"
      }
    },
    {
      "type": "Feature",
      "geometry": {
        "type": "LineString",
        "coordinates": [
          [
            -0.4892303,
            51.4722422
          ],
          [
            -0.4892297,
            51.4722127
          ],
          [
            -0.4892296,
            51.4721832
          ]
        ]
      },
      "properties": {
        "highway": "footway",
        "indoor": "yes",
        "level": "-3",
        "osm_id": 1461185277,
        "osm_type": "way",
        "_category": "yes",
        "_level": -3,
        "_source": "level_b1"
      }
    },
    {
      "type": "Feature",
      "geometry": {
        "type": "LineString",
        "coordinates": [
          [
            -0.4892303,
            51.4722422
          ],
          [
            -0.4892296,
            51.4721832
          ]
        ]
      },
      "properties": {
        "highway": "footway",
        "indoor": "yes",
        "level": "-1",
        "level_ref": "-1",
        "osm_id": 1461185278,
        "osm_type": "way",
        "_category": "yes",
        "_level": -1,
        "_source": "level_b1"
      }
    },
    {
      "type": "Feature",
      "geometry": {
        "type": "LineString",
        "coordinates": [
          [
            -0.4892331,
            51.4725223
          ],
          [
            -0.4892324,
            51.4724632
          ]
        ]
      },
      "properties": {
        "highway": "footway",
        "indoor": "yes",
        "level": "-1",
        "level_ref": "-1",
        "osm_id": 1461185279,
        "osm_type": "way",
        "_category": "yes",
        "_level": -1,
        "_source": "level_b1"
      }
    },
    {
      "type": "Feature",
      "geometry": {
        "type": "LineString",
        "coordinates": [
          [
            -0.4893868,
            51.4721825
          ],
          [
            -0.4893871,
            51.472212
          ]
        ]
      },
      "properties": {
        "highway": "footway",
        "indoor": "yes",
        "level": "-1",
        "level_ref": "-1",
        "osm_id": 1461185426,
        "osm_type": "way",
        "_category": "yes",
        "_level": -1,
        "_source": "level_b1"
      }
    },
    {
      "type": "Feature",
      "geometry": {
        "type": "LineString",
        "coordinates": [
          [
            -0.4892689,
            51.472183
          ],
          [
            -0.4892692,
            51.4722125
          ]
        ]
      },
      "properties": {
        "highway": "footway",
        "indoor": "yes",
        "level": "-1",
        "level_ref": "-1",
        "osm_id": 1461185437,
        "osm_type": "way",
        "_category": "yes",
        "_level": -1,
        "_source": "level_b1"
      }
    },
    {
      "type": "Feature",
      "geometry": {
        "type": "LineString",
        "coordinates": [
          [
            -0.4893082,
            51.4721829
          ],
          [
            -0.4893085,
            51.4722124
          ]
        ]
      },
      "properties": {
        "highway": "footway",
        "indoor": "yes",
        "level": "-1",
        "level_ref": "-1",
        "osm_id": 1461185440,
        "osm_type": "way",
        "_category": "yes",
        "_level": -1,
        "_source": "level_b1"
      }
    },
    {
      "type": "Feature",
      "geometry": {
        "type": "LineString",
        "coordinates": [
          [
            -0.4893475,
            51.4721827
          ],
          [
            -0.4893478,
            51.4722122
          ]
        ]
      },
      "properties": {
        "highway": "footway",
        "indoor": "yes",
        "level": "-1",
        "level_ref": "-1",
        "osm_id": 1461185444,
        "osm_type": "way",
        "_category": "yes",
        "_level": -1,
        "_source": "level_b1"
      }
    },
    {
      "type": "Feature",
      "geometry": {
        "type": "LineString",
        "coordinates": [
          [
            -0.4892296,
            51.4721832
          ],
          [
            -0.4892689,
            51.472183
          ],
          [
            -0.4893082,
            51.4721829
          ],
          [
            -0.4893475,
            51.4721827
          ],
          [
            -0.4893868,
            51.4721825
          ],
          [
            -0.489426,
            51.4721824
          ],
          [
            -0.4894264,
            51.4722119
          ]
        ]
      },
      "properties": {
        "highway": "footway",
        "indoor": "yes",
        "level": "-1",
        "level_ref": "-1",
        "osm_id": 1461185452,
        "osm_type": "way",
        "_category": "yes",
        "_level": -1,
        "_source": "level_b1"
      }
    },
    {
      "type": "Feature",
      "geometry": {
        "type": "LineString",
        "coordinates": [
          [
            -0.4892717,
            51.4724631
          ],
          [
            -0.489272,
            51.4724926
          ]
        ]
      },
      "properties": {
        "highway": "footway",
        "indoor": "yes",
        "level": "-1",
        "level_ref": "-1",
        "osm_id": 1461185470,
        "osm_type": "way",
        "_category": "yes",
        "_level": -1,
        "_source": "level_b1"
      }
    },
    {
      "type": "Feature",
      "geometry": {
        "type": "LineString",
        "coordinates": [
          [
            -0.489311,
            51.4724629
          ],
          [
            -0.4893113,
            51.4724924
          ]
        ]
      },
      "properties": {
        "highway": "footway",
        "indoor": "yes",
        "level": "-1",
        "level_ref": "-1",
        "osm_id": 1461185471,
        "osm_type": "way",
        "_category": "yes",
        "_level": -1,
        "_source": "level_b1"
      }
    },
    {
      "type": "Feature",
      "geometry": {
        "type": "LineString",
        "coordinates": [
          [
            -0.4866407,
            51.4709054
          ],
          [
            -0.4862853,
            51.4709056
          ]
        ]
      },
      "properties": {
        "airside": "yes",
        "highway": "footway",
        "indoor": "yes",
        "level": "-2",
        "level_ref": "-2",
        "osm_id": 1461185491,
        "osm_type": "way",
        "_category": "yes",
        "_level": -2,
        "_source": "level_b1"
      }
    },
    {
      "type": "Feature",
      "geometry": {
        "type": "LineString",
        "coordinates": [
          [
            -0.4862854,
            51.470946
          ],
          [
            -0.4866396,
            51.4709458
          ]
        ]
      },
      "properties": {
        "airside": "yes",
        "highway": "footway",
        "indoor": "yes",
        "level": "-2",
        "level_ref": "-2",
        "osm_id": 1461185492,
        "osm_type": "way",
        "_category": "yes",
        "_level": -2,
        "_source": "level_b1"
      }
    },
    {
      "type": "Feature",
      "geometry": {
        "type": "LineString",
        "coordinates": [
          [
            -0.4759593,
            51.470933
          ],
          [
            -0.4761321,
            51.4709307
          ]
        ]
      },
      "properties": {
        "highway": "footway",
        "indoor": "yes",
        "level": "-2",
        "osm_id": 1461185508,
        "osm_type": "way",
        "_category": "yes",
        "_level": -2,
        "_source": "level_b1"
      }
    },
    {
      "type": "Feature",
      "geometry": {
        "type": "LineString",
        "coordinates": [
          [
            -0.4527186,
            51.4713498
          ],
          [
            -0.4526723,
            51.47133
          ],
          [
            -0.4525164,
            51.4712627
          ]
        ]
      },
      "properties": {
        "highway": "footway",
        "indoor": "yes",
        "level": "-1",
        "osm_id": 1462144329,
        "osm_type": "way",
        "_category": "yes",
        "_level": -1,
        "_source": "level_b1"
      }
    },
    {
      "type": "Feature",
      "geometry": {
        "type": "LineString",
        "coordinates": [
          [
            -0.4525087,
            51.4713855
          ],
          [
            -0.4525803,
            51.4714186
          ],
          [
            -0.4526046,
            51.4713942
          ],
          [
            -0.4526314,
            51.471366
          ],
          [
            -0.4525639,
            51.471337
          ],
          [
            -0.4525741,
            51.4713284
          ],
          [
            -0.4525824,
            51.4713209
          ]
        ]
      },
      "properties": {
        "barrier": "wall",
        "indoor": "yes",
        "level": "-1",
        "osm_id": 1462144330,
        "osm_type": "way",
        "_category": "yes",
        "_level": -1,
        "_source": "level_b1"
      }
    },
    {
      "type": "Feature",
      "geometry": {
        "type": "LineString",
        "coordinates": [
          [
            -0.4531594,
            51.4714692
          ],
          [
            -0.4530739,
            51.47155
          ],
          [
            -0.4530351,
            51.4715856
          ],
          [
            -0.4530819,
            51.4716053
          ],
          [
            -0.4531664,
            51.4716431
          ]
        ]
      },
      "properties": {
        "highway": "footway",
        "indoor": "yes",
        "level": "-1",
        "tunnel": "yes",
        "osm_id": 1462144331,
        "osm_type": "way",
        "_category": "yes",
        "_level": -1,
        "_source": "level_b1"
      }
    },
    {
      "type": "Feature",
      "geometry": {
        "type": "LineString",
        "coordinates": [
          [
            -0.4525328,
            51.4713415
          ],
          [
            -0.4525499,
            51.4713493
          ],
          [
            -0.4525653,
            51.4713769
          ]
        ]
      },
      "properties": {
        "highway": "footway",
        "indoor": "yes",
        "level": "-1",
        "oneway": "yes",
        "osm_id": 1462144332,
        "osm_type": "way",
        "_category": "yes",
        "_level": -1,
        "_source": "level_b1"
      }
    },
    {
      "type": "Feature",
      "geometry": {
        "type": "LineString",
        "coordinates": [
          [
            -0.4524631,
            51.4713652
          ],
          [
            -0.4524742,
            51.4713702
          ]
        ]
      },
      "properties": {
        "barrier": "wall",
        "indoor": "yes",
        "level": "-1",
        "osm_id": 1462144333,
        "osm_type": "way",
        "_category": "yes",
        "_level": -1,
        "_source": "level_b1"
      }
    },
    {
      "type": "Feature",
      "geometry": {
        "type": "LineString",
        "coordinates": [
          [
            -0.4525097,
            51.4713321
          ],
          [
            -0.4525149,
            51.4713345
          ],
          [
            -0.4525328,
            51.4713415
          ]
        ]
      },
      "properties": {
        "highway": "footway",
        "indoor": "yes",
        "level": "-1",
        "oneway": "yes",
        "osm_id": 1462144336,
        "osm_type": "way",
        "_category": "yes",
        "_level": -1,
        "_source": "level_b1"
      }
    },
    {
      "type": "Feature",
      "geometry": {
        "type": "LineString",
        "coordinates": [
          [
            -0.4526833,
            51.4713792
          ],
          [
            -0.4525741,
            51.4713284
          ],
          [
            -0.4525349,
            51.4713102
          ],
          [
            -0.4525097,
            51.4713321
          ],
          [
            -0.4524804,
            51.4713574
          ],
          [
            -0.4524862,
            51.4713597
          ],
          [
            -0.4525052,
            51.4713657
          ]
        ]
      },
      "properties": {
        "highway": "footway",
        "indoor": "yes",
        "level": "-1",
        "oneway": "yes",
        "osm_id": 1462144337,
        "osm_type": "way",
        "_category": "yes",
        "_level": -1,
        "_source": "level_b1"
      }
    },
    {
      "type": "Feature",
      "geometry": {
        "type": "Point",
        "coordinates": [
          -0.4490268,
          51.4689945
        ]
      },
      "properties": {
        "amenity": "lounge",
        "check_date": "2022-12-27",
        "level": "5",
        "name": "Lufthansa Business Lounge",
        "opening_hours": "Mo-Su 05:00-22:00",
        "osm_id": 7375612584,
        "osm_type": "node",
        "_category": "lounge",
        "_level": 5,
        "_source": "lounges"
      }
    },
    {
      "type": "Feature",
      "geometry": {
        "type": "Point",
        "coordinates": [
          -0.4491396,
          51.4690633
        ]
      },
      "properties": {
        "amenity": "lounge",
        "level": "5",
        "name": "Lufthansa Senator Lounge",
        "opening_hours": "Mo-Su 05:00-22:00",
        "osm_id": 7375617885,
        "osm_type": "node",
        "_category": "lounge",
        "_level": 5,
        "_source": "lounges"
      }
    },
    {
      "type": "Feature",
      "geometry": {
        "type": "Point",
        "coordinates": [
          -0.448319,
          51.4689989
        ]
      },
      "properties": {
        "amenity": "lounge",
        "check_date": "2022-12-27",
        "level": "5",
        "name": "Aer Lingus Gold Circle Lounge",
        "osm_id": 7375617886,
        "osm_type": "node",
        "_category": "lounge",
        "_level": 5,
        "_source": "lounges"
      }
    },
    {
      "type": "Feature",
      "geometry": {
        "type": "Point",
        "coordinates": [
          -0.4497302,
          51.4700725
        ]
      },
      "properties": {
        "amenity": "lounge",
        "level": "4",
        "name": "Plaza Premium Lounge",
        "osm_id": 7375617887,
        "osm_type": "node",
        "_category": "lounge",
        "_level": 4,
        "_source": "lounges"
      }
    },
    {
      "type": "Feature",
      "geometry": {
        "type": "Point",
        "coordinates": [
          -0.4874876,
          51.4704031
        ]
      },
      "properties": {
        "access": "customers",
        "airside": "yes",
        "amenity": "lounge",
        "bar": "yes",
        "customers": "airline",
        "description": "Access for eligible customers traveling on any oneworld member airline.",
        "food": "yes",
        "indoor": "yes",
        "internet_access": "wlan",
        "level": "4",
        "level_ref": "4",
        "membership": "yes",
        "name": "BA Galleries Club Lounge South",
        "operator": "British Airways",
        "toilets": "yes",
        "osm_id": 12248433670,
        "osm_type": "node",
        "_category": "yes",
        "_level": 4,
        "_source": "lounges"
      }
    },
    {
      "type": "Feature",
      "geometry": {
        "type": "Point",
        "coordinates": [
          -0.4815293,
          51.4708342
        ]
      },
      "properties": {
        "access": "customers",
        "airside": "yes",
        "amenity": "lounge",
        "customers": "airline",
        "food": "yes",
        "internet_access": "wlan",
        "level": "2",
        "membership": "yes",
        "name": "BA Galleries Club Lounge",
        "operator": "British Airways",
        "toilets": "yes",
        "osm_id": 12248433671,
        "osm_type": "node",
        "_category": "lounge",
        "_level": 2,
        "_source": "lounges"
      }
    },
    {
      "type": "Feature",
      "geometry": {
        "type": "Point",
        "coordinates": [
          -0.4456715,
          51.460823
        ]
      },
      "properties": {
        "access": "customers",
        "air_conditioning": "yes",
        "amenity": "lounge",
        "bar": "yes",
        "check_date": "2024-11-20",
        "internet_access": "wlan",
        "internet_access:fee": "customers",
        "level": "1",
        "lit": "yes",
        "name": "Plaza Prenium Lounge",
        "outdoor_seating": "no",
        "self_service": "yes",
        "smoking": "no",
        "takeaway": "no",
        "toilets": "yes",
        "wheelchair": "yes",
        "osm_id": 12357784357,
        "osm_type": "node",
        "_category": "lounge",
        "_level": 1,
        "_source": "lounges"
      }
    },
    {
      "type": "Feature",
      "geometry": {
        "type": "Point",
        "coordinates": [
          -0.4872407,
          51.4730846
        ]
      },
      "properties": {
        "airside": "yes",
        "amenity": "lounge",
        "check_date": "2026-02-09",
        "level": "3",
        "name": "British Airways Club Lounge North",
        "osm_id": 13538554316,
        "osm_type": "node",
        "_category": "lounge",
        "_level": 3,
        "_source": "lounges"
      }
    },
    {
      "type": "Feature",
      "geometry": {
        "type": "Point",
        "coordinates": [
          -0.447975,
          51.4693633
        ]
      },
      "properties": {
        "amenity": "lounge",
        "level": "2",
        "name": "No1 Lounge",
        "osm_id": 13758343917,
        "osm_type": "node",
        "_category": "lounge",
        "_level": 2,
        "_source": "lounges"
      }
    },
    {
      "type": "Feature",
      "geometry": {
        "type": "Polygon",
        "coordinates": [
          [
            [
              -0.4580276,
              51.4698863
            ],
            [
              -0.4579855,
              51.4698525
            ],
            [
              -0.4579186,
              51.4698848
            ],
            [
              -0.4579606,
              51.4699186
            ],
            [
              -0.4580276,
              51.4698863
            ]
          ]
        ]
      },
      "properties": {
        "amenity": "bureau_de_change",
        "brand": "Travelex",
        "brand:wikidata": "Q2337964",
        "indoor": "room",
        "name": "Travelex",
        "osm_id": 394223348,
        "osm_type": "way",
        "_category": "currency",
        "_level": null,
        "_source": "rooms_all"
      }
    },
    {
      "type": "Feature",
      "geometry": {
        "type": "Polygon",
        "coordinates": [
          [
            [
              -0.4582062,
              51.470029
            ],
            [
              -0.458211,
              51.4701033
            ],
            [
              -0.4580838,
              51.4701588
            ],
            [
              -0.4580854,
              51.4700858
            ],
            [
              -0.4582062,
              51.470029
            ]
          ]
        ]
      },
      "properties": {
        "indoor": "room",
        "osm_id": 394223357,
        "osm_type": "way",
        "_category": "room",
        "_level": null,
        "_source": "rooms_all"
      }
    },
    {
      "type": "Feature",
      "geometry": {
        "type": "Polygon",
        "coordinates": [
          [
            [
              -0.458211,
              51.4701033
            ],
            [
              -0.4582244,
              51.4701994
            ],
            [
              -0.4580973,
              51.4702515
            ],
            [
              -0.4580838,
              51.4701588
            ],
            [
              -0.458211,
              51.4701033
            ]
          ]
        ]
      },
      "properties": {
        "indoor": "room",
        "osm_id": 394223363,
        "osm_type": "way",
        "_category": "room",
        "_level": null,
        "_source": "rooms_all"
      }
    },
    {
      "type": "Feature",
      "geometry": {
        "type": "Polygon",
        "coordinates": [
          [
            [
              -0.4522976,
              51.4713729
            ],
            [
              -0.4522265,
              51.4713403
            ],
            [
              -0.4522626,
              51.4713083
            ],
            [
              -0.4522831,
              51.4712907
            ],
            [
              -0.4523446,
              51.471318
            ],
            [
              -0.4523413,
              51.4713209
            ],
            [
              -0.4523513,
              51.4713253
            ],
            [
              -0.4523372,
              51.4713371
            ],
            [
              -0.4523266,
              51.4713472
            ],
            [
              -0.4523205,
              51.4713525
            ],
            [
              -0.4523135,
              51.4713574
            ],
            [
              -0.4522976,
              51.4713729
            ]
          ]
        ]
      },
      "properties": {
        "building:part": "yes",
        "indoor": "corridor",
        "level": "0",
        "osm_id": 570155575,
        "osm_type": "way",
        "_category": "corridor",
        "_level": 0,
        "_source": "rooms_all"
      }
    },
    {
      "type": "Feature",
      "geometry": {
        "type": "Polygon",
        "coordinates": [
          [
            [
              -0.4891152,
              51.4714144
            ],
            [
              -0.4889468,
              51.471416
            ],
            [
              -0.4889415,
              51.4711983
            ],
            [
              -0.4891162,
              51.4711967
            ],
            [
              -0.4891152,
              51.4714144
            ]
          ]
        ]
      },
      "properties": {
        "amenity": "cafe",
        "brand": "Costa",
        "brand:wikidata": "Q608845",
        "brand:wikipedia": "en:Costa Coffee",
        "cuisine": "coffee_shop",
        "diet:vegan": "yes",
        "diet:vegetarian": "yes",
        "indoor": "area",
        "indoor_seating": "yes",
        "level": "0",
        "level_ref": "0",
        "name": "Costa",
        "outdoor_seating": "no",
        "takeaway": "yes",
        "osm_id": 827407044,
        "osm_type": "way",
        "_category": "food",
        "_level": 0,
        "_source": "rooms_all"
      }
    }
  ]
}