{
  "type": "FeatureCollection",
  "features": [
    {
      "type": "Feature",
      "geometry": {
        "type": "Point",
        "coordinates": [
          -0.4554943,
          51.4711188
        ]
      },
      "properties": {
        "alt_name": "Heathrow Central",
        "direction": "forward",
        "name": "Heathrow Terminals 2 & 3",
        "public_transport": "stop_position",
        "railway": "stop",
        "ref": "1",
        "source:alt_name": "Sign",
        "train": "yes",
        "osm_id": 248576852,
        "osm_type": "node"
      }
    },
    {
      "type": "Feature",
      "geometry": {
        "type": "Point",
        "coordinates": [
          -0.487744,
          51.4725978
        ]
      },
      "properties": {
        "level": "-3",
        "name": "Heathrow Terminal 5",
        "operator": "Transport for London",
        "public_transport": "stop_position",
        "railway": "stop",
        "ref": "6",
        "subway": "yes",
        "osm_id": 251025912,
        "osm_type": "node"
      }
    },
    {
      "type": "Feature",
      "geometry": {
        "type": "Point",
        "coordinates": [
          -0.4877284,
          51.4723227
        ]
      },
      "properties": {
        "level": "-3",
        "name": "Heathrow Terminal 5",
        "public_transport": "stop_position",
        "railway": "stop",
        "ref": "4",
        "train": "yes",
        "osm_id": 254350058,
        "osm_type": "node"
      }
    },
    {
      "type": "Feature",
      "geometry": {
        "type": "Point",
        "coordinates": [
          -0.4361629,
          51.4876486
        ]
      },
      "properties": {
        "amenity": "pharmacy",
        "name": "The Village Pharmacy",
        "osm_id": 508564860,
        "osm_type": "node"
      }
    },
    {
      "type": "Feature",
      "geometry": {
        "type": "Point",
        "coordinates": [
          -0.4859947,
          51.4708494
        ]
      },
      "properties": {
        "airside": "yes",
        "alt_name": "T5A",
        "layer": "-1",
        "level": "-2",
        "monorail": "yes",
        "name": "Gates A1-A23",
        "network": "Heathrow Airport",
        "operator": "Heathrow Airport",
        "public_transport": "stop_position",
        "railway": "stop",
        "start_date": "2007",
        "osm_id": 529774305,
        "osm_type": "node"
      }
    },
    {
      "type": "Feature",
      "geometry": {
        "type": "Point",
        "coordinates": [
          -0.4813366,
          51.4708546
        ]
      },
      "properties": {
        "airside": "yes",
        "alt_name": "T5B",
        "layer": "-1",
        "level": "-2",
        "monorail": "yes",
        "name": "Gates B32-B48",
        "network": "Heathrow Airport",
        "operator": "Heathrow Airport",
        "public_transport": "stop_position",
        "railway": "stop",
        "start_date": "2007",
        "osm_id": 529774311,
        "osm_type": "node"
      }
    },
    {
      "type": "Feature",
      "geometry": {
        "type": "Point",
        "coordinates": [
          -0.4760899,
          51.4708398
        ]
      },
      "properties": {
        "airside": "yes",
        "alt_name": "T5C",
        "layer": "-1",
        "level": "-2",
        "monorail": "yes",
        "name": "Gates C52-C66",
        "network": "Heathrow Airport",
        "operator": "Heathrow Airport",
        "public_transport": "stop_position",
        "railway": "stop",
        "start_date": "2010",
        "osm_id": 529774314,
        "osm_type": "node"
      }
    },
    {
      "type": "Feature",
      "geometry": {
        "type": "Point",
        "coordinates": [
          -0.4895031,
          51.4704852
        ]
      },
      "properties": {
        "highway": "elevator",
        "indoor": "yes",
        "level": "0;1;1.5;2;2.5;3",
        "level_ref": "0",
        "osm_id": 1501376011,
        "osm_type": "node"
      }
    },
    {
      "type": "Feature",
      "geometry": {
        "type": "Point",
        "coordinates": [
          -0.4889532,
          51.4717088
        ]
      },
      "properties": {
        "highway": "elevator",
        "indoor": "yes",
        "level": "0;1;2;3",
        "level_ref": "0",
        "osm_id": 1501376100,
        "osm_type": "node"
      }
    },
    {
      "type": "Feature",
      "geometry": {
        "type": "Point",
        "coordinates": [
          -0.4893506,
          51.4724923
        ]
      },
      "properties": {
        "highway": "elevator",
        "indoor": "yes",
        "level": "-3;-1;0;3",
        "osm_id": 1501376177,
        "osm_type": "node"
      }
    },
    {
      "type": "Feature",
      "geometry": {
        "type": "Point",
        "coordinates": [
          -0.4893899,
          51.4724921
        ]
      },
      "properties": {
        "highway": "elevator",
        "indoor": "yes",
        "level": "-3;-1;0;3",
        "osm_id": 1501376189,
        "osm_type": "node"
      }
    },
    {
      "type": "Feature",
      "geometry": {
        "type": "Point",
        "coordinates": [
          -0.4894292,
          51.4724919
        ]
      },
      "properties": {
        "highway": "elevator",
        "indoor": "yes",
        "level": "-3;-1;0;3",
        "osm_id": 1501376194,
        "osm_type": "node"
      }
    },
    {
      "type": "Feature",
      "geometry": {
        "type": "Point",
        "coordinates": [
          -0.489515,
          51.4726891
        ]
      },
      "properties": {
        "highway": "elevator",
        "indoor": "yes",
        "level": "0;1;1.5;2;2.5;3",
        "level_ref": "0",
        "osm_id": 1501376209,
        "osm_type": "node"
      }
    },
    {
      "type": "Feature",
      "geometry": {
        "type": "Point",
        "coordinates": [
          -0.4895181,
          51.4727605
        ]
      },
      "properties": {
        "highway": "elevator",
        "indoor": "yes",
        "level": "0;1;1.5;2;2.5;3",
        "osm_id": 1501376220,
        "osm_type": "node"
      }
    },
    {
      "type": "Feature",
      "geometry": {
        "type": "Point",
        "coordinates": [
          -0.4527795,
          51.4713841
        ]
      },
      "properties": {
        "level": "-4",
        "name": "Heathrow Terminals 2 & 3",
        "naptan:AtcoCode": "9400ZZLUHRC",
        "network": "London Underground",
        "network:wikidata": "Q20075",
        "old_name": "Heathrow Terminals 1, 2 & 3",
        "operator": "Transport for London",
        "public_transport": "stop_position",
        "railway": "stop",
        "ref": "1",
        "source_ref": "http://en.wikipedia.org/wiki/List_of_London_railway_stations",
        "subway": "yes",
        "wheelchair": "yes",
        "osm_id": 1508864507,
        "osm_type": "node"
      }
    },
    {
      "type": "Feature",
      "geometry": {
        "type": "Point",
        "coordinates": [
          -0.4877252,
          51.4721177
        ]
      },
      "properties": {
        "level": "-3",
        "name": "Heathrow Terminal 5",
        "public_transport": "stop_position",
        "railway": "stop",
        "ref": "3",
        "train": "yes",
        "osm_id": 1508864707,
        "osm_type": "node"
      }
    },
    {
      "type": "Feature",
      "geometry": {
        "type": "Point",
        "coordinates": [
          -0.4877355,
          51.4724184
        ]
      },
      "properties": {
        "level": "-3",
        "name": "Heathrow Terminal 5",
        "operator": "Transport for London",
        "public_transport": "stop_position",
        "railway": "stop",
        "ref": "5",
        "subway": "yes",
        "osm_id": 1508864722,
        "osm_type": "node"
      }
    },
    {
      "type": "Feature",
      "geometry": {
        "type": "Point",
        "coordinates": [
          -0.4526576,
          51.4715003
        ]
      },
      "properties": {
        "level": "-4",
        "name": "Heathrow Terminals 2 & 3",
        "naptan:AtcoCode": "9400ZZLUHRC",
        "network": "London Underground",
        "network:wikidata": "Q20075",
        "old_name": "Heathrow Terminals 1, 2 & 3",
        "operator": "Transport for London",
        "public_transport": "stop_position",
        "railway": "stop",
        "ref": "2",
        "source_ref": "http://en.wikipedia.org/wiki/List_of_London_railway_stations",
        "subway": "yes",
        "osm_id": 1645567975,
        "osm_type": "node"
      }
    },
    {
      "type": "Feature",
      "geometry": {
        "type": "Point",
        "coordinates": [
          -0.4544923,
          51.4720878
        ]
      },
      "properties": {
        "alt_name": "Heathrow Central",
        "direction": "forward",
        "name": "Heathrow Terminals 2 & 3",
        "public_transport": "stop_position",
        "railway": "stop",
        "ref": "2",
        "source:alt_name": "Sign",
        "train": "yes",
        "osm_id": 1676851993,
        "osm_type": "node"
      }
    },
    {
      "type": "Feature",
      "geometry": {
        "type": "Point",
        "coordinates": [
          -0.4489894,
          51.4821787
        ]
      },
      "properties": {
        "addr:city": "West Drayton",
        "addr:country": "GB",
        "addr:housenumber": "627",
        "addr:postcode": "UB7 0JE",
        "addr:street": "Sipson Road",
        "addr:suburb": "Harmondsworth",
        "amenity": "restaurant",
        "cuisine": "italian",
        "name": "Il Basilico",
        "source": "Web",
        "website": "http://www.ilbasilicoitalianrestaurant.co.uk/",
        "osm_id": 1942558321,
        "osm_type": "node"
      }
    },
    {
      "type": "Feature",
      "geometry": {
        "type": "Point",
        "coordinates": [
          -0.4430472,
          51.4806602
        ]
      },
      "properties": {
        "addr:housename": "Heathrow Academy Building",
        "addr:postcode": "TW6 2AP",
        "addr:street": "Newall Road",
        "name": "Runway Cycling",
        "shop": "bicycle",
        "website": "https://runwaycycling.com/heathrow-cycle-hub/",
        "osm_id": 2295783587,
        "osm_type": "node"
      }
    },
    {
      "type": "Feature",
      "geometry": {
        "type": "Point",
        "coordinates": [
          -0.4436852,
          51.4807063
        ]
      },
      "properties": {
        "addr:housename": "Heathrow Academy",
        "addr:postcode": "TW6 2AP",
        "addr:street": "Newall Road",
        "designation": "Book & model shop",
        "name": "Aviation Retail Direct",
        "shop": "hobby",
        "website": "http://www.aviationretaildirect.co.uk/skelapp/w3store/store_about.asp",
        "osm_id": 2295801049,
        "osm_type": "node"
      }
    },
    {
      "type": "Feature",
      "geometry": {
        "type": "Point",
        "coordinates": [
          -0.4896684,
          51.472043
        ]
      },
      "properties": {
        "bus": "yes",
        "level": "0",
        "level_ref": "0",
        "local_ref": "8",
        "name": "Heathrow Terminal 5",
        "public_transport": "stop_position",
        "osm_id": 3738638837,
        "osm_type": "node"
      }
    },
    {
      "type": "Feature",
      "geometry": {
        "type": "Point",
        "coordinates": [
          -0.4896716,
          51.4722025
        ]
      },
      "properties": {
        "bus": "yes",
        "level": "0",
        "level_ref": "0",
        "local_ref": "7",
        "name": "Heathrow Terminal 5",
        "public_transport": "stop_position",
        "osm_id": 3738638840,
        "osm_type": "node"
      }
    },
    {
      "type": "Feature",
      "geometry": {
        "type": "Point",
        "coordinates": [
          -0.4896762,
          51.4723661
        ]
      },
      "properties": {
        "bus": "yes",
        "level": "0",
        "level_ref": "0",
        "local_ref": "6",
        "name": "Heathrow Terminal 5",
        "public_transport": "stop_position",
        "osm_id": 3738638841,
        "osm_type": "node"
      }
    },
    {
      "type": "Feature",
      "geometry": {
        "type": "Point",
        "coordinates": [
          -0.4859772,
          51.471115
        ]
      },
      "properties": {
        "airside": "yes",
        "alt_name": "T5A",
        "layer": "-1",
        "level": "-2",
        "monorail": "yes",
        "name": "Gates A1-A23",
        "network": "Heathrow Airport",
        "operator": "Heathrow Airport",
        "public_transport": "stop_position",
        "start_date": "2007",
        "osm_id": 3806727276,
        "osm_type": "node"
      }
    },
    {
      "type": "Feature",
      "geometry": {
        "type": "Point",
        "coordinates": [
          -0.4813224,
          51.4711637
        ]
      },
      "properties": {
        "airside": "yes",
        "alt_name": "T5B",
        "layer": "-1",
        "level": "-2",
        "monorail": "yes",
        "name": "Gates B32-B48",
        "network": "Heathrow Airport",
        "operator": "Heathrow Airport",
        "public_transport": "stop_position",
        "start_date": "2007",
        "osm_id": 3806727278,
        "osm_type": "node"
      }
    },
    {
      "type": "Feature",
      "geometry": {
        "type": "Point",
        "coordinates": [
          -0.4760724,
          51.4711054
        ]
      },
      "properties": {
        "airside": "yes",
        "alt_name": "T5C",
        "layer": "-1",
        "level": "-2",
        "monorail": "yes",
        "name": "Gates C52-C66",
        "network": "Heathrow Airport",
        "operator": "Heathrow Airport",
        "public_transport": "stop_position",
        "start_date": "2010",
        "osm_id": 3806727280,
        "osm_type": "node"
      }
    },
    {
      "type": "Feature",
      "geometry": {
        "type": "Point",
        "coordinates": [
          -0.4528289,
          51.4712421
        ]
      },
      "properties": {
        "brand": "WHSmith",
        "brand:wikidata": "Q1548712",
        "check_date": "2024-01-21",
        "internet_access": "no",
        "level": "0",
        "name": "WHSmith",
        "opening_hours": "Mo-Su 06:00-21:00",
        "payment:contactless": "yes",
        "payment:credit_cards": "yes",
        "payment:debit_cards": "yes",
        "shop": "newsagent",
        "wheelchair": "yes",
        "osm_id": 3839855112,
        "osm_type": "node"
      }
    },
    {
      "type": "Feature",
      "geometry": {
        "type": "Point",
        "coordinates": [
          -0.4579186,
          51.4698848
        ]
      },
      "properties": {
        "amenity": "atm",
        "cash_in": "no",
        "check_date": "2025-02-08",
        "level": "1",
        "operator": "Travelex",
        "osm_id": 3972214603,
        "osm_type": "node"
      }
    },
    {
      "type": "Feature",
      "geometry": {
        "type": "Point",
        "coordinates": [
          -0.4586912,
          51.4702808
        ]
      },
      "properties": {
        "amenity": "atm",
        "cash_in": "no",
        "check_date": "2022-12-27",
        "osm_id": 3972333067,
        "osm_type": "node"
      }
    },
    {
      "type": "Feature",
      "geometry": {
        "type": "Point",
        "coordinates": [
          -0.4888558,
          51.4730926
        ]
      },
      "properties": {
        "amenity": "toilets",
        "fee": "no",
        "indoor": "yes",
        "level": "2",
        "wheelchair": "yes",
        "osm_id": 4095537118,
        "osm_type": "node"
      }
    },
    {
      "type": "Feature",
      "geometry": {
        "type": "Point",
        "coordinates": [
          -0.4561901,
          51.4702767
        ]
      },
      "properties": {
        "amenity": "toilets",
        "changing_table": "yes",
        "check_date": "2022-12-27",
        "fee": "no",
        "level": "1",
        "wheelchair": "yes",
        "osm_id": 4309664236,
        "osm_type": "node"
      }
    },
    {
      "type": "Feature",
      "geometry": {
        "type": "Point",
        "coordinates": [
          -0.4581739,
          51.4707343
        ]
      },
      "properties": {
        "amenity": "atm",
        "check_date": "2025-12-28",
        "level": "1",
        "osm_id": 4309664250,
        "osm_type": "node"
      }
    },
    {
      "type": "Feature",
      "geometry": {
        "type": "Point",
        "coordinates": [
          -0.4583976,
          51.4710119
        ]
      },
      "properties": {
        "amenity": "toilets",
        "changing_table": "yes",
        "check_date": "2025-12-28",
        "check_date:wheelchair": "2025-12-28",
        "fee": "no",
        "level": "1",
        "wheelchair": "yes",
        "osm_id": 4309664258,
        "osm_type": "node"
      }
    },
    {
      "type": "Feature",
      "geometry": {
        "type": "Point",
        "coordinates": [
          -0.4587433,
          51.4711808
        ]
      },
      "properties": {
        "amenity": "toilets",
        "check_date": "2024-02-17",
        "fee": "no",
        "wheelchair": "yes",
        "osm_id": 4329936966,
        "osm_type": "node"
      }
    },
    {
      "type": "Feature",
      "geometry": {
        "type": "Point",
        "coordinates": [
          -0.4580862,
          51.471408
        ]
      },
      "properties": {
        "amenity": "atm",
        "cash_in": "no",
        "check_date": "2026-01-06",
        "level": "0",
        "operator": "Travelex",
        "osm_id": 4329936983,
        "osm_type": "node"
      }
    },
    {
      "type": "Feature",
      "geometry": {
        "type": "Point",
        "coordinates": [
          -0.48852,
          51.4701952
        ]
      },
      "properties": {
        "amenity": "toilets",
        "changing_table": "yes",
        "check_date": "2023-04-08",
        "fee": "no",
        "indoor": "yes",
        "level": "3",
        "wheelchair": "yes",
        "osm_id": 4360356630,
        "osm_type": "node"
      }
    },
    {
      "type": "Feature",
      "geometry": {
        "type": "Point",
        "coordinates": [
          -0.4877391,
          51.4709272
        ]
      },
      "properties": {
        "amenity": "atm",
        "check_date": "2026-02-04",
        "indoor": "yes",
        "level": "2",
        "osm_id": 4360359409,
        "osm_type": "node"
      }
    },
    {
      "type": "Feature",
      "geometry": {
        "type": "Point",
        "coordinates": [
          -0.4886883,
          51.4711269
        ]
      },
      "properties": {
        "amenity": "atm",
        "cash_in": "no",
        "check_date": "2023-10-27",
        "indoor": "yes",
        "level": "3",
        "operator": "Travelex",
        "osm_id": 4360359428,
        "osm_type": "node"
      }
    },
    {
      "type": "Feature",
      "geometry": {
        "type": "Point",
        "coordinates": [
          -0.4884979,
          51.4713725
        ]
      },
      "properties": {
        "amenity": "toilets",
        "changing_table": "yes",
        "check_date": "2026-02-04",
        "drinking_water": "yes",
        "fee": "no",
        "indoor": "yes",
        "level": "2",
        "wheelchair": "yes",
        "osm_id": 4360359439,
        "osm_type": "node"
      }
    },
    {
      "type": "Feature",
      "geometry": {
        "type": "Point",
        "coordinates": [
          -0.488409,
          51.4714761
        ]
      },
      "properties": {
        "amenity": "toilets",
        "check_date": "2023-09-29",
        "fee": "no",
        "indoor": "yes",
        "level": "3",
        "osm_id": 4360359448,
        "osm_type": "node"
      }
    },
    {
      "type": "Feature",
      "geometry": {
        "type": "Point",
        "coordinates": [
          -0.4880839,
          51.4713982
        ]
      },
      "properties": {
        "amenity": "atm",
        "indoor": "yes",
        "level": "3",
        "osm_id": 4360359451,
        "osm_type": "node"
      }
    },
    {
      "type": "Feature",
      "geometry": {
        "type": "Point",
        "coordinates": [
          -0.4763572,
          51.4715163
        ]
      },
      "properties": {
        "fixme": "level=*;* needs setting for elevator",
        "highway": "elevator",
        "osm_id": 4360359460,
        "osm_type": "node"
      }
    },
    {
      "type": "Feature",
      "geometry": {
        "type": "Point",
        "coordinates": [
          -0.488493,
          51.4719007
        ]
      },
      "properties": {
        "amenity": "toilets",
        "changing_table": "no",
        "check_date": "2026-02-04",
        "fee": "no",
        "indoor": "yes",
        "level": "2",
        "wheelchair": "yes",
        "osm_id": 4360359487,
        "osm_type": "node"
      }
    },
    {
      "type": "Feature",
      "geometry": {
        "type": "Point",
        "coordinates": [
          -0.4880619,
          51.4721043
        ]
      },
      "properties": {
        "amenity": "atm",
        "check_date": "2024-01-01",
        "indoor": "yes",
        "level": "3",
        "osm_id": 4360359505,
        "osm_type": "node"
      }
    },
    {
      "type": "Feature",
      "geometry": {
        "type": "Point",
        "coordinates": [
          -0.4876609,
          51.4722212
        ]
      },
      "properties": {
        "amenity": "atm",
        "indoor": "yes",
        "level": "2",
        "osm_id": 4360359507,
        "osm_type": "node"
      }
    },
    {
      "type": "Feature",
      "geometry": {
        "type": "Point",
        "coordinates": [
          -0.4877906,
          51.4726291
        ]
      },
      "properties": {
        "amenity": "atm",
        "indoor": "yes",
        "level": "2",
        "osm_id": 4360359559,
        "osm_type": "node"
      }
    },
    {
      "type": "Feature",
      "geometry": {
        "type": "Point",
        "coordinates": [
          -0.4882948,
          51.4729755
        ]
      },
      "properties": {
        "amenity": "toilets",
        "changing_table": "yes",
        "check_date": "2023-10-27",
        "fee": "no",
        "indoor": "yes",
        "level": "3",
        "wheelchair": "yes",
        "osm_id": 4360359587,
        "osm_type": "node"
      }
    },
    {
      "type": "Feature",
      "geometry": {
        "type": "Point",
        "coordinates": [
          -0.4884407,
          51.4729728
        ]
      },
      "properties": {
        "amenity": "toilets",
        "fee": "no",
        "indoor": "yes",
        "level": "3",
        "wheelchair": "yes",
        "osm_id": 4360359599,
        "osm_type": "node"
      }
    },
    {
      "type": "Feature",
      "geometry": {
        "type": "Point",
        "coordinates": [
          -0.4534368,
          51.4716875
        ]
      },
      "properties": {
        "level": "-1",
        "name": "SIM Local",
        "shop": "mobile_phone",
        "osm_id": 4436130417,
        "osm_type": "node"
      }
    },
    {
      "type": "Feature",
      "geometry": {
        "type": "Point",
        "coordinates": [
          -0.4574452,
          51.470554
        ]
      },
      "properties": {
        "highway": "elevator",
        "level": "0;-1",
        "osm_id": 4436130422,
        "osm_type": "node"
      }
    },
    {
      "type": "Feature",
      "geometry": {
        "type": "Point",
        "coordinates": [
          -0.4550964,
          51.4827717
        ]
      },
      "properties": {
        "addr:city": "West Drayton",
        "addr:housenumber": "47",
        "addr:postcode": "UB7 0DW",
        "addr:street": "Sipson Way",
        "amenity": "restaurant",
        "cuisine": "portuguese",
        "fhrs:id": "520153",
        "name": "Madeirinhas",
        "name:en": "Madeiringas",
        "source:addr": "FHRS Open Data",
        "osm_id": 4504354289,
        "osm_type": "node"
      }
    },
    {
      "type": "Feature",
      "geometry": {
        "type": "Point",
        "coordinates": [
          -0.44917,
          51.4693546
        ]
      },
      "properties": {
        "check_date": "2024-09-28",
        "level": "5",
        "name": "Case",
        "shop": "bag",
        "osm_id": 4527208482,
        "osm_type": "node"
      }
    },
    {
      "type": "Feature",
      "geometry": {
        "type": "Point",
        "coordinates": [
          -0.4488721,
          51.4701283
        ]
      },
      "properties": {
        "amenity": "fast_food",
        "brand": "Pret A Manger",
        "brand:wikidata": "Q2109109",
        "cuisine": "sandwich",
        "diet:vegan": "yes",
        "diet:vegetarian": "yes",
        "indoor_seating": "yes",
        "level": "5",
        "name": "Pret A Manger",
        "outdoor_seating": "no",
        "short_name": "Pret",
        "takeaway": "yes",
        "osm_id": 4527208484,
        "osm_type": "node"
      }
    },
    {
      "type": "Feature",
      "geometry": {
        "type": "Point",
        "coordinates": [
          -0.4482374,
          51.4690902
        ]
      },
      "properties": {
        "amenity": "restaurant",
        "check_date": "2024-12-28",
        "check_date:diet:vegetarian": "2024-12-28",
        "cuisine": "chinese",
        "diet:vegetarian": "yes",
        "indoor_seating": "yes",
        "level": "5",
        "name": "Shan Shui",
        "outdoor_seating": "no",
        "osm_id": 4527208485,
        "osm_type": "node"
      }
    },
    {
      "type": "Feature",
      "geometry": {
        "type": "Point",
        "coordinates": [
          -0.4484225,
          51.4702968
        ]
      },
      "properties": {
        "brand": "Hamleys",
        "brand:wikidata": "Q60299",
        "check_date": "2024-12-28",
        "level": "5",
        "name": "Hamleys",
        "shop": "toys",
        "osm_id": 4527208486,
        "osm_type": "node"
      }
    },
    {
      "type": "Feature",
      "geometry": {
        "type": "Point",
        "coordinates": [
          -0.4490799,
          51.4700074
        ]
      },
      "properties": {
        "brand": "JD Sports",
        "brand:wikidata": "Q6108019",
        "level": "5",
        "name": "JD Sports",
        "shop": "sports",
        "osm_id": 4527208487,
        "osm_type": "node"
      }
    },
    {
      "type": "Feature",
      "geometry": {
        "type": "Point",
        "coordinates": [
          -0.4492738,
          51.4694772
        ]
      },
      "properties": {
        "brand": "WHSmith",
        "brand:wikidata": "Q1548712",
        "check_date": "2024-09-28",
        "level": "5",
        "name": "WHSmith",
        "shop": "books",
        "osm_id": 4527208589,
        "osm_type": "node"
      }
    },
    {
      "type": "Feature",
      "geometry": {
        "type": "Point",
        "coordinates": [
          -0.4492835,
          51.4697221
        ]
      },
      "properties": {
        "brand": "Sunglass Hut",
        "brand:wikidata": "Q136311",
        "check_date": "2024-12-28",
        "level": "5",
        "name": "Sunglass Hut",
        "shop": "optician",
        "wheelchair": "yes",
        "osm_id": 4527208590,
        "osm_type": "node"
      }
    },
    {
      "type": "Feature",
      "geometry": {
        "type": "Point",
        "coordinates": [
          -0.4492808,
          51.4697924
        ]
      },
      "properties": {
        "brand": "Reiss",
        "brand:wikidata": "Q7310479",
        "level": "5",
        "name": "Reiss",
        "shop": "clothes",
        "osm_id": 4527208591,
        "osm_type": "node"
      }
    },
    {
      "type": "Feature",
      "geometry": {
        "type": "Point",
        "coordinates": [
          -0.4483085,
          51.4700001
        ]
      },
      "properties": {
        "amenity": "restaurant",
        "diet:vegan": "yes",
        "diet:vegetarian": "yes",
        "indoor_seating": "yes",
        "level": "5",
        "name": "jones the grocer",
        "outdoor_seating": "no",
        "osm_id": 4527208594,
        "osm_type": "node"
      }
    },
    {
      "type": "Feature",
      "geometry": {
        "type": "Point",
        "coordinates": [
          -0.4482328,
          51.4692015
        ]
      },
      "properties": {
        "amenity": "restaurant",
        "brand": "YO! Sushi",
        "brand:wikidata": "Q3105441",
        "brand:wikipedia": "en:YO! Sushi",
        "check_date": "2024-12-28",
        "check_date:diet:vegetarian": "2024-12-28",
        "cuisine": "sushi",
        "diet:vegetarian": "yes",
        "indoor_seating": "yes",
        "level": "5",
        "name": "YO! Sushi",
        "outdoor_seating": "no",
        "osm_id": 4527208595,
        "osm_type": "node"
      }
    },
    {
      "type": "Feature",
      "geometry": {
        "type": "Point",
        "coordinates": [
          -0.449109,
          51.4695015
        ]
      },
      "properties": {
        "brand": "Burberry",
        "brand:wikidata": "Q390107",
        "check_date": "2024-12-28",
        "clothes": "men;women",
        "level": "4",
        "name": "Burberry",
        "shop": "clothes",
        "osm_id": 4527215243,
        "osm_type": "node"
      }
    },
    {
      "type": "Feature",
      "geometry": {
        "type": "Point",
        "coordinates": [
          -0.4490893,
          51.4696368
        ]
      },
      "properties": {
        "brand": "Gucci",
        "brand:wikidata": "Q178516",
        "check_date": "2024-12-28",
        "level": "4",
        "name": "Gucci",
        "shop": "clothes",
        "osm_id": 4527215246,
        "osm_type": "node"
      }
    },
    {
      "type": "Feature",
      "geometry": {
        "type": "Point",
        "coordinates": [
          -0.4490677,
          51.4697831
        ]
      },
      "properties": {
        "alt_name": "Yves Saint Laurent",
        "brand": "Saint Laurent",
        "brand:wikidata": "Q2282172",
        "check_date": "2024-12-28",
        "level": "4",
        "name": "Saint Laurent",
        "shop": "clothes",
        "short_name": "YSL",
        "osm_id": 4527215248,
        "osm_type": "node"
      }
    },
    {
      "type": "Feature",
      "geometry": {
        "type": "Point",
        "coordinates": [
          -0.4482408,
          51.4696725
        ]
      },
      "properties": {
        "amenity": "restaurant",
        "indoor_seating": "yes",
        "level": "4",
        "name": "The Vinery",
        "outdoor_seating": "no",
        "osm_id": 4527215251,
        "osm_type": "node"
      }
    },
    {
      "type": "Feature",
      "geometry": {
        "type": "Point",
        "coordinates": [
          -0.4484205,
          51.4691948
        ]
      },
      "properties": {
        "brand": "WHSmith",
        "brand:website": "https://www.whsmithplc.co.uk/",
        "brand:wikidata": "Q1548712",
        "check_date": "2024-09-28",
        "level": "4",
        "name": "WHSmith",
        "shop": "newsagent",
        "wheelchair": "yes",
        "osm_id": 4527215253,
        "osm_type": "node"
      }
    },
    {
      "type": "Feature",
      "geometry": {
        "type": "Point",
        "coordinates": [
          -0.4433149,
          51.4708993
        ]
      },
      "properties": {
        "amenity": "pharmacy",
        "brand:wikidata": "Q6123139",
        "check_date": "2026-05-10",
        "level": "1",
        "name": "Boots",
        "osm_id": 4527219249,
        "osm_type": "node"
      }
    },
    {
      "type": "Feature",
      "geometry": {
        "type": "Point",
        "coordinates": [
          -0.4429419,
          51.4706965
        ]
      },
      "properties": {
        "amenity": "cafe",
        "brand": "Caffè Nero",
        "brand:wikidata": "Q675808",
        "check_date": "2026-05-10",
        "check_date:diet:vegetarian": "2024-12-28",
        "check_date:opening_hours": "2024-08-22",
        "cuisine": "coffee_shop",
        "diet:vegetarian": "yes",
        "indoor_seating": "yes",
        "level": "1",
        "name": "Caffè Nero",
        "opening_hours": "Mo-Su 05:00-22:00",
        "outdoor_seating": "no",
        "takeaway": "yes",
        "website": "https://www.caffenero.com/uk/stores/heathrow-terminal-2b-hub",
        "osm_id": 4527219250,
        "osm_type": "node"
      }
    },
    {
      "type": "Feature",
      "geometry": {
        "type": "Point",
        "coordinates": [
          -0.4432927,
          51.4704516
        ]
      },
      "properties": {
        "brand": "InMotion",
        "brand:wikidata": "Q109648041",
        "check_date": "2026-05-10",
        "level": "1",
        "name": "InMotion",
        "shop": "electronics",
        "osm_id": 4527219251,
        "osm_type": "node"
      }
    },
    {
      "type": "Feature",
      "geometry": {
        "type": "Point",
        "coordinates": [
          -0.4432929,
          51.4710413
        ]
      },
      "properties": {
        "brand": "WHSmith",
        "brand:website": "https://www.whsmithplc.co.uk/",
        "brand:wikidata": "Q1548712",
        "check_date": "2026-05-10",
        "level": "1",
        "name": "WHSmith",
        "shop": "stationery",
        "osm_id": 4527219253,
        "osm_type": "node"
      }
    },
    {
      "type": "Feature",
      "geometry": {
        "type": "Point",
        "coordinates": [
          -0.4432982,
          51.4705976
        ]
      },
      "properties": {
        "brand": "World Duty Free",
        "brand:wikidata": "Q15911908",
        "check_date": "2026-05-10",
        "level": "1",
        "name": "World Duty Free",
        "shop": "department_store",
        "toilets": "no",
        "osm_id": 4527219254,
        "osm_type": "node"
      }
    },
    {
      "type": "Feature",
      "geometry": {
        "type": "Point",
        "coordinates": [
          -0.4507525,
          51.4693565
        ]
      },
      "properties": {
        "addr:housename": "Arrivals Lounge, Terminal 2",
        "addr:place": "Heathrow Airport",
        "addr:postcode": "TW6 1EW",
        "brand": "Marks & Spencer",
        "brand:short": "M&S",
        "brand:wikidata": "Q714491",
        "brand:wikipedia": "en:Marks & Spencer",
        "check_date": "2026-01-11",
        "check_date:opening_hours": "2024-07-21",
        "fhrs:id": "707444",
        "level": "2",
        "name": "M&S Simply Food",
        "opening_hours": "Mo-Su 06:00-24:00",
        "payment:cash": "yes",
        "shop": "convenience",
        "source:addr": "FHRS Open Data",
        "website": "https://www.marksandspencer.com/stores/heathrow-airport-t2-simply-food-1268",
        "osm_id": 4527276581,
        "osm_type": "node"
      }
    },
    {
      "type": "Feature",
      "geometry": {
        "type": "Point",
        "coordinates": [
          -0.4508651,
          51.470202
        ]
      },
      "properties": {
        "airside": "no",
        "brand": "WHSmith",
        "brand:website": "https://www.whsmithplc.co.uk/",
        "brand:wikidata": "Q1548712",
        "check_date": "2026-01-11",
        "check_date:opening_hours": "2025-01-07",
        "level": "0",
        "name": "WHSmith",
        "opening_hours": "Mo-Su 05:00-23:00",
        "shop": "books",
        "osm_id": 4527276582,
        "osm_type": "node"
      }
    },
    {
      "type": "Feature",
      "geometry": {
        "type": "Point",
        "coordinates": [
          -0.436119,
          51.4875928
        ]
      },
      "properties": {
        "brand": "The Co-operative Food",
        "brand:wikidata": "Q107617274",
        "check_date": "2024-07-15",
        "check_date:opening_hours": "2024-07-15",
        "name": "The Co-operative Food",
        "opening_hours": "Mo-Su 07:00-23:00",
        "operator": "The Co-operative Group",
        "operator:wikidata": "Q117202",
        "shop": "supermarket",
        "website": "https://www.coop.co.uk/store-finder/UB3-5DS/222-224-high-street",
        "osm_id": 4621453392,
        "osm_type": "node"
      }
    },
    {
      "type": "Feature",
      "geometry": {
        "type": "Point",
        "coordinates": [
          -0.4896756,
          51.4731583
        ]
      },
      "properties": {
        "bus": "yes",
        "level": "0",
        "level_ref": "0",
        "local_ref": "1",
        "name": "Heathrow Terminal 5",
        "public_transport": "stop_position",
        "osm_id": 4753852027,
        "osm_type": "node"
      }
    },
    {
      "type": "Feature",
      "geometry": {
        "type": "Point",
        "coordinates": [
          -0.4579257,
          51.4722068
        ]
      },
      "properties": {
        "name": "Excess Baggage Company",
        "name:en": "Excess Baggage Company",
        "tourism": "information",
        "osm_id": 4789109123,
        "osm_type": "node"
      }
    },
    {
      "type": "Feature",
      "geometry": {
        "type": "Point",
        "coordinates": [
          -0.4432122,
          51.4703503
        ]
      },
      "properties": {
        "amenity": "atm",
        "check_date": "2024-12-28",
        "indoor": "yes",
        "operator": "Travelex",
        "osm_id": 4790210022,
        "osm_type": "node"
      }
    },
    {
      "type": "Feature",
      "geometry": {
        "type": "Point",
        "coordinates": [
          -0.4761198,
          51.4701877
        ]
      },
      "properties": {
        "amenity": "toilets",
        "changing_table": "yes",
        "check_date": "2023-10-27",
        "fee": "no",
        "level": "2",
        "wheelchair": "yes",
        "osm_id": 5264553921,
        "osm_type": "node"
      }
    },
    {
      "type": "Feature",
      "geometry": {
        "type": "Point",
        "coordinates": [
          -0.4511005,
          51.4704732
        ]
      },
      "properties": {
        "air_conditioning": "yes",
        "amenity": "cafe",
        "branch": "Departures level",
        "brand": "Costa",
        "brand:wikidata": "Q608845",
        "cuisine": "coffee_shop",
        "indoor_seating": "yes",
        "level": "5",
        "name": "Costa",
        "opening_hours": "24/7",
        "outdoor_seating": "no",
        "takeaway": "yes",
        "osm_id": 5349696327,
        "osm_type": "node"
      }
    },
    {
      "type": "Feature",
      "geometry": {
        "type": "Point",
        "coordinates": [
          -0.4504312,
          51.4701865
        ]
      },
      "properties": {
        "amenity": "toilets",
        "changing_table": "yes",
        "fee": "no",
        "level": "5",
        "wheelchair": "yes",
        "osm_id": 5349696328,
        "osm_type": "node"
      }
    },
    {
      "type": "Feature",
      "geometry": {
        "type": "Point",
        "coordinates": [
          -0.4483457,
          51.4701352
        ]
      },
      "properties": {
        "brand": "WHSmith",
        "brand:website": "https://www.whsmithplc.co.uk/",
        "brand:wikidata": "Q1548712",
        "check_date": "2024-12-28",
        "level": "5",
        "name": "WHSmith",
        "shop": "newsagent",
        "osm_id": 5349696329,
        "osm_type": "node"
      }
    },
    {
      "type": "Feature",
      "geometry": {
        "type": "Point",
        "coordinates": [
          -0.4482661,
          51.4812502
        ]
      },
      "properties": {
        "bus": "yes",
        "local_ref": "BJ",
        "name": "Nene Road",
        "public_transport": "stop_position",
        "osm_id": 5425572175,
        "osm_type": "node"
      }
    },
    {
      "type": "Feature",
      "geometry": {
        "type": "Point",
        "coordinates": [
          -0.4525328,
          51.4713415
        ]
      },
      "properties": {
        "highway": "elevator",
        "indoor": "yes",
        "level": "-4;-2",
        "wheelchair": "yes",
        "osm_id": 5481888061,
        "osm_type": "node"
      }
    },
    {
      "type": "Feature",
      "geometry": {
        "type": "Point",
        "coordinates": [
          -0.4525052,
          51.4713657
        ]
      },
      "properties": {
        "highway": "elevator",
        "indoor": "yes",
        "level": "-4;-2",
        "wheelchair": "yes",
        "osm_id": 5481888416,
        "osm_type": "node"
      }
    },
    {
      "type": "Feature",
      "geometry": {
        "type": "Point",
        "coordinates": [
          -0.4368541,
          51.481438
        ]
      },
      "properties": {
        "addr:city": "Hayes",
        "addr:country": "GB",
        "addr:postcode": "UB3 5BP",
        "addr:street": "Bath Road",
        "addr:suburb": "Harlington",
        "amenity": "restaurant",
        "cuisine": "indian",
        "email": "reservations@madhus.co.uk",
        "fhrs:id": "728917",
        "name": "Madhu's",
        "opening_hours": "Mo-Th,Su 18:00-23:30; Fr,Sa 18:00-00:30",
        "phone": "+44 20 8564 3380",
        "website": "https://www.madhusheathrow.com/",
        "osm_id": 6001605237,
        "osm_type": "node"
      }
    },
    {
      "type": "Feature",
      "geometry": {
        "type": "Point",
        "coordinates": [
          -0.4765177,
          51.4824512
        ]
      },
      "properties": {
        "information": "board",
        "tourism": "information",
        "osm_id": 6001605250,
        "osm_type": "node"
      }
    },
    {
      "type": "Feature",
      "geometry": {
        "type": "Point",
        "coordinates": [
          -0.4789164,
          51.483727
        ]
      },
      "properties": {
        "addr:city": "West Drayton",
        "addr:country": "GB",
        "addr:housenumber": "1",
        "addr:postcode": "UB7 0LB",
        "addr:street": "Skyport Drive",
        "addr:suburb": "Harmondsworth",
        "name": "Edmunson Electrical Ltd",
        "opening_hours": "Mo-Fr 07:00-17:30",
        "phone": "+44 20 8607 5840",
        "shop": "hardware",
        "website": "https://www.edmundson-electrical.co.uk/",
        "osm_id": 6001605252,
        "osm_type": "node"
      }
    },
    {
      "type": "Feature",
      "geometry": {
        "type": "Point",
        "coordinates": [
          -0.4492685,
          51.4698609
        ]
      },
      "properties": {
        "brand": "Accessorize",
        "brand:wikidata": "Q65007482",
        "check_date": "2024-12-28",
        "level": "5",
        "name": "Accessorize",
        "shop": "fashion_accessories",
        "osm_id": 6083188460,
        "osm_type": "node"
      }
    },
    {
      "type": "Feature",
      "geometry": {
        "type": "Point",
        "coordinates": [
          -0.4492701,
          51.4699279
        ]
      },
      "properties": {
        "amenity": "toilets",
        "changing_table": "yes",
        "drinking_water": "yes",
        "fee": "no",
        "female": "yes",
        "level": "5",
        "male": "yes",
        "unisex": "no",
        "osm_id": 6083188694,
        "osm_type": "node"
      }
    },
    {
      "type": "Feature",
      "geometry": {
        "type": "Point",
        "coordinates": [
          -0.4491048,
          51.4695799
        ]
      },
      "properties": {
        "brand": "Bottega Veneta",
        "brand:wikidata": "Q894874",
        "check_date": "2024-12-28",
        "level": "4",
        "name": "Bottega Veneta",
        "shop": "fashion_accessories",
        "osm_id": 6083767636,
        "osm_type": "node"
      }
    },
    {
      "type": "Feature",
      "geometry": {
        "type": "Point",
        "coordinates": [
          -0.4490526,
          51.4698477
        ]
      },
      "properties": {
        "brand": "Harrod's",
        "check_date": "2024-12-28",
        "level": "4",
        "name": "Harrod's",
        "shop": "gift",
        "osm_id": 6083767638,
        "osm_type": "node"
      }
    },
    {
      "type": "Feature",
      "geometry": {
        "type": "Point",
        "coordinates": [
          -0.449134,
          51.4697312
        ]
      },
      "properties": {
        "amenity": "toilets",
        "changing_table": "yes",
        "fee": "no",
        "female": "yes",
        "level": "4",
        "male": "yes",
        "wheelchair": "yes",
        "osm_id": 6083767639,
        "osm_type": "node"
      }
    },
    {
      "type": "Feature",
      "geometry": {
        "type": "Point",
        "coordinates": [
          -0.448664,
          51.4692188
        ]
      },
      "properties": {
        "amenity": "toilets",
        "check_date": "2022-12-27",
        "fee": "no",
        "level": "4",
        "osm_id": 6083767651,
        "osm_type": "node"
      }
    },
    {
      "type": "Feature",
      "geometry": {
        "type": "Point",
        "coordinates": [
          -0.4484212,
          51.4695088
        ]
      },
      "properties": {
        "brand": "Rolex",
        "brand:wikidata": "Q62288",
        "check_date": "2024-09-28",
        "level": "4",
        "name": "Rolex",
        "shop": "watches",
        "osm_id": 6083767652,
        "osm_type": "node"
      }
    },
    {
      "type": "Feature",
      "geometry": {
        "type": "Point",
        "coordinates": [
          -0.4484419,
          51.4700829
        ]
      },
      "properties": {
        "brand": "World Duty Free",
        "brand:wikidata": "Q15911908",
        "check_date": "2024-09-28",
        "level": "4",
        "name": "World Duty Free",
        "shop": "department_store",
        "toilets": "no",
        "osm_id": 6083767653,
        "osm_type": "node"
      }
    },
    {
      "type": "Feature",
      "geometry": {
        "type": "Point",
        "coordinates": [
          -0.4896549,
          51.470905
        ]
      },
      "properties": {
        "bus": "yes",
        "level_ref": "0",
        "local_ref": "12",
        "name": "Heathrow Terminal 5",
        "public_transport": "stop_position",
        "osm_id": 6353079223,
        "osm_type": "node"
      }
    },
    {
      "type": "Feature",
      "geometry": {
        "type": "Point",
        "coordinates": [
          -0.4532786,
          51.4710092
        ]
      },
      "properties": {
        "bus": "yes",
        "local_ref": "8",
        "name": "Heathrow Central Bus Station (Stand 8)",
        "public_transport": "stop_position",
        "osm_id": 6353079225,
        "osm_type": "node"
      }
    },
    {
      "type": "Feature",
      "geometry": {
        "type": "Point",
        "coordinates": [
          -0.4896791,
          51.4726662
        ]
      },
      "properties": {
        "bus": "yes",
        "level": "0",
        "level_ref": "0",
        "local_ref": "4",
        "name": "Heathrow Terminal 5",
        "public_transport": "stop_position",
        "osm_id": 6353079226,
        "osm_type": "node"
      }
    },
    {
      "type": "Feature",
      "geometry": {
        "type": "Point",
        "coordinates": [
          -0.4896777,
          51.4725262
        ]
      },
      "properties": {
        "bus": "yes",
        "level": "0",
        "level_ref": "0",
        "local_ref": "5",
        "name": "Heathrow Terminal 5",
        "public_transport": "stop_position",
        "osm_id": 6353079227,
        "osm_type": "node"
      }
    },
    {
      "type": "Feature",
      "geometry": {
        "type": "Point",
        "coordinates": [
          -0.4521376,
          51.4711988
        ]
      },
      "properties": {
        "access": "yes",
        "amenity": "toilets",
        "fee": "no",
        "female": "no",
        "level": "0",
        "male": "yes",
        "unisex": "no",
        "wheelchair": "yes",
        "osm_id": 6448615485,
        "osm_type": "node"
      }
    },
    {
      "type": "Feature",
      "geometry": {
        "type": "Point",
        "coordinates": [
          -0.4507013,
          51.4704578
        ]
      },
      "properties": {
        "check_date": "2026-01-11",
        "level": "5",
        "name": "Excess Baggage Company",
        "shop": "bag",
        "osm_id": 6468089109,
        "osm_type": "node"
      }
    },
    {
      "type": "Feature",
      "geometry": {
        "type": "Point",
        "coordinates": [
          -0.4490592,
          51.469329
        ]
      },
      "properties": {
        "brand": "World Duty Free",
        "brand:wikidata": "Q15911908",
        "check_date": "2024-09-28",
        "level": "5",
        "name": "World Duty Free",
        "shop": "department_store",
        "toilets": "no",
        "osm_id": 6468089207,
        "osm_type": "node"
      }
    },
    {
      "type": "Feature",
      "geometry": {
        "type": "Point",
        "coordinates": [
          -0.4506979,
          51.4701604
        ]
      },
      "properties": {
        "amenity": "atm",
        "check_date": "2023-04-15",
        "level": "5",
        "operator": "Click & Collect",
        "osm_id": 6468089635,
        "osm_type": "node"
      }
    },
    {
      "type": "Feature",
      "geometry": {
        "type": "Point",
        "coordinates": [
          -0.4514901,
          51.4703595
        ]
      },
      "properties": {
        "highway": "elevator",
        "indoor": "yes",
        "level": "0;1;5",
        "osm_id": 6468096525,
        "osm_type": "node"
      }
    },
    {
      "type": "Feature",
      "geometry": {
        "type": "Point",
        "coordinates": [
          -0.4480411,
          51.46927
        ]
      },
      "properties": {
        "amenity": "toilets",
        "fee": "no",
        "level": "4",
        "wheelchair": "designated",
        "osm_id": 6468153251,
        "osm_type": "node"
      }
    },
    {
      "type": "Feature",
      "geometry": {
        "type": "Point",
        "coordinates": [
          -0.4470324,
          51.4602758
        ]
      },
      "properties": {
        "amenity": "atm",
        "cash_in": "no",
        "check_date": "2023-01-12",
        "operator": "Link",
        "osm_id": 6564864937,
        "osm_type": "node"
      }
    },
    {
      "type": "Feature",
      "geometry": {
        "type": "Point",
        "coordinates": [
          -0.4473228,
          51.4600874
        ]
      },
      "properties": {
        "information": "board",
        "tourism": "information",
        "osm_id": 6564864939,
        "osm_type": "node"
      }
    },
    {
      "type": "Feature",
      "geometry": {
        "type": "Point",
        "coordinates": [
          -0.4457575,
          51.4613346
        ]
      },
      "properties": {
        "amenity": "atm",
        "cash_in": "no",
        "check_date": "2026-02-13",
        "operator": "Link",
        "osm_id": 6564884225,
        "osm_type": "node"
      }
    },
    {
      "type": "Feature",
      "geometry": {
        "type": "Point",
        "coordinates": [
          -0.4474702,
          51.4602331
        ]
      },
      "properties": {
        "name": "Montblanc",
        "shop": "jewelry",
        "osm_id": 6594222153,
        "osm_type": "node"
      }
    },
    {
      "type": "Feature",
      "geometry": {
        "type": "Point",
        "coordinates": [
          -0.4886952,
          51.4718781
        ]
      },
      "properties": {
        "amenity": "atm",
        "check_date": "2023-09-29",
        "indoor": "yes",
        "level": "3",
        "osm_id": 6655919654,
        "osm_type": "node"
      }
    },
    {
      "type": "Feature",
      "geometry": {
        "type": "Point",
        "coordinates": [
          -0.4889598,
          51.4719527
        ]
      },
      "properties": {
        "amenity": "atm",
        "check_date": "2024-01-21",
        "indoor": "yes",
        "level": "0",
        "level_ref": "0",
        "osm_id": 6655919655,
        "osm_type": "node"
      }
    },
    {
      "type": "Feature",
      "geometry": {
        "type": "Point",
        "coordinates": [
          -0.4877225,
          51.4718549
        ]
      },
      "properties": {
        "level": "-3",
        "name": "Heathrow Terminal 5",
        "public_transport": "stop_position",
        "railway": "stop",
        "ref": "1",
        "train": "yes",
        "osm_id": 6702900834,
        "osm_type": "node"
      }
    },
    {
      "type": "Feature",
      "geometry": {
        "type": "Point",
        "coordinates": [
          -0.4877281,
          51.4720705
        ]
      },
      "properties": {
        "level": "-3",
        "name": "Heathrow Terminal 5",
        "public_transport": "stop_position",
        "railway": "stop",
        "ref": "2",
        "train": "yes",
        "osm_id": 6702900835,
        "osm_type": "node"
      }
    },
    {
      "type": "Feature",
      "geometry": {
        "type": "Point",
        "coordinates": [
          -0.4407795,
          51.4813278
        ]
      },
      "properties": {
        "amenity": "restaurant",
        "check_date": "2024-12-28",
        "name": "Steak & Lobster Heathrow",
        "osm_id": 6712556885,
        "osm_type": "node"
      }
    },
    {
      "type": "Feature",
      "geometry": {
        "type": "Point",
        "coordinates": [
          -0.4512143,
          51.4691738
        ]
      },
      "properties": {
        "addr:housename": "\"Extra\" in Arrivals Level (main store is at north end)",
        "amenity": "cafe",
        "brand": "Caffè Nero",
        "brand:wikidata": "Q675808",
        "brand:wikipedia": "en:Caffè Nero",
        "check_date": "2024-08-22",
        "check_date:opening_hours": "2024-08-22",
        "cuisine": "coffee_shop",
        "indoor_seating": "yes",
        "internet_access": "yes",
        "name": "Caffè Nero",
        "opening_hours": "Mo-Su 05:30-21:30",
        "outdoor_seating": "no",
        "takeaway": "yes",
        "website": "https://www.caffenero.com/uk/stores/heathrow-terminal-2-kiosk",
        "osm_id": 7335461610,
        "osm_type": "node"
      }
    },
    {
      "type": "Feature",
      "geometry": {
        "type": "Point",
        "coordinates": [
          -0.4511178,
          51.4703267
        ]
      },
      "properties": {
        "addr:housename": "Main outlet on Arrivals Level",
        "amenity": "cafe",
        "brand": "Caffè Nero",
        "brand:wikidata": "Q675808",
        "brand:wikipedia": "en:Caffè Nero",
        "check_date": "2026-01-11",
        "check_date:opening_hours": "2024-08-22",
        "cuisine": "coffee_shop",
        "indoor_seating": "yes",
        "name": "Caffè Nero",
        "opening_hours": "Mo-Su 00:00-24:00",
        "outdoor_seating": "no",
        "takeaway": "yes",
        "website": "https://www.caffenero.com/uk/stores/heathrow-t2-departures-landside",
        "osm_id": 7335461611,
        "osm_type": "node"
      }
    },
    {
      "type": "Feature",
      "geometry": {
        "type": "Point",
        "coordinates": [
          -0.4767353,
          51.4836396
        ]
      },
      "properties": {
        "addr:street": "Skyport Drive",
        "amenity": "bar",
        "name": "Simply Snacks",
        "opening_hours": "Mo-Fr 07:15-14:00",
        "osm_id": 7887739985,
        "osm_type": "node"
      }
    },
    {
      "type": "Feature",
      "geometry": {
        "type": "Point",
        "coordinates": [
          -0.4512748,
          51.470199
        ]
      },
      "properties": {
        "amenity": "atm",
        "cash_in": "no",
        "check_date": "2025-01-07",
        "level": "0",
        "osm_id": 8383531548,
        "osm_type": "node"
      }
    },
    {
      "type": "Feature",
      "geometry": {
        "type": "Point",
        "coordinates": [
          -0.4484177,
          51.4692899
        ]
      },
      "properties": {
        "amenity": "pharmacy",
        "brand": "Well Pharmacy",
        "brand:wikidata": "Q7726524",
        "check_date": "2024-09-28",
        "healthcare": "pharmacy",
        "level": "4",
        "name": "Well Pharmacy",
        "osm_id": 8664356190,
        "osm_type": "node"
      }
    },
    {
      "type": "Feature",
      "geometry": {
        "type": "Point",
        "coordinates": [
          -0.4786024,
          51.4886729
        ]
      },
      "properties": {
        "addr:city": "West Drayton",
        "addr:housename": "The Gables Store And Post Office",
        "addr:postcode": "UB7 0AL",
        "addr:street": "High Street",
        "addr:suburb": "Harmondsworth",
        "check_date": "2024-12-14",
        "fhrs:id": "519194",
        "name": "Gable Store",
        "shop": "convenience",
        "source:addr": "FHRS Open Data",
        "osm_id": 8954780587,
        "osm_type": "node"
      }
    },
    {
      "type": "Feature",
      "geometry": {
        "type": "Point",
        "coordinates": [
          -0.4772478,
          51.4890154
        ]
      },
      "properties": {
        "addr:city": "West Drayton",
        "addr:housename": "Om Sai",
        "addr:postcode": "UB7 0AQ",
        "addr:street": "High Street",
        "addr:suburb": "Harmondsworth",
        "check_date": "2024-12-14",
        "fhrs:id": "519648",
        "name": "Harmondsworth Village Stores",
        "shop": "convenience",
        "source:addr": "FHRS Open Data",
        "osm_id": 8954780588,
        "osm_type": "node"
      }
    },
    {
      "type": "Feature",
      "geometry": {
        "type": "Point",
        "coordinates": [
          -0.451032,
          51.4703573
        ]
      },
      "properties": {
        "amenity": "atm",
        "level": "3",
        "osm_id": 9497741376,
        "osm_type": "node"
      }
    },
    {
      "type": "Feature",
      "geometry": {
        "type": "Point",
        "coordinates": [
          -0.4510399,
          51.4703576
        ]
      },
      "properties": {
        "amenity": "atm",
        "level": "3",
        "osm_id": 9497741377,
        "osm_type": "node"
      }
    },
    {
      "type": "Feature",
      "geometry": {
        "type": "Point",
        "coordinates": [
          -0.4492449,
          51.4695794
        ]
      },
      "properties": {
        "amenity": "atm",
        "check_date": "2024-12-28",
        "level": "5",
        "operator": "Travelex",
        "osm_id": 9508068336,
        "osm_type": "node"
      }
    },
    {
      "type": "Feature",
      "geometry": {
        "type": "Point",
        "coordinates": [
          -0.4492241,
          51.4695886
        ]
      },
      "properties": {
        "amenity": "atm",
        "check_date": "2024-12-28",
        "level": "5",
        "operator": "Travelex",
        "osm_id": 9508068337,
        "osm_type": "node"
      }
    },
    {
      "type": "Feature",
      "geometry": {
        "type": "Point",
        "coordinates": [
          -0.4485187,
          51.4693334
        ]
      },
      "properties": {
        "amenity": "atm",
        "check_date": "2022-12-27",
        "level": "4",
        "osm_id": 9508068338,
        "osm_type": "node"
      }
    },
    {
      "type": "Feature",
      "geometry": {
        "type": "Point",
        "coordinates": [
          -0.4492237,
          51.4695783
        ]
      },
      "properties": {
        "amenity": "atm",
        "check_date": "2024-12-28",
        "level": "5",
        "operator": "Travelex",
        "osm_id": 9508068339,
        "osm_type": "node"
      }
    },
    {
      "type": "Feature",
      "geometry": {
        "type": "Point",
        "coordinates": [
          -0.4494765,
          51.4690047
        ]
      },
      "properties": {
        "amenity": "toilets",
        "changing_table": "yes",
        "fee": "no",
        "female": "yes",
        "level": "4",
        "male": "yes",
        "osm_id": 9508068340,
        "osm_type": "node"
      }
    },
    {
      "type": "Feature",
      "geometry": {
        "type": "Point",
        "coordinates": [
          -0.4492453,
          51.4695682
        ]
      },
      "properties": {
        "amenity": "atm",
        "check_date": "2024-12-28",
        "level": "5",
        "operator": "Travelex",
        "osm_id": 9508068341,
        "osm_type": "node"
      }
    },
    {
      "type": "Feature",
      "geometry": {
        "type": "Point",
        "coordinates": [
          -0.4491181,
          51.4696499
        ]
      },
      "properties": {
        "check_date": "2024-12-28",
        "information": "map",
        "level": "5",
        "map_size": "site",
        "map_type": "scheme",
        "tourism": "information",
        "osm_id": 9508068342,
        "osm_type": "node"
      }
    },
    {
      "type": "Feature",
      "geometry": {
        "type": "Point",
        "coordinates": [
          -0.4492436,
          51.4695896
        ]
      },
      "properties": {
        "amenity": "atm",
        "check_date": "2024-12-28",
        "level": "5",
        "operator": "Travelex",
        "osm_id": 9508068343,
        "osm_type": "node"
      }
    },
    {
      "type": "Feature",
      "geometry": {
        "type": "Point",
        "coordinates": [
          -0.4492242,
          51.4695671
        ]
      },
      "properties": {
        "amenity": "atm",
        "check_date": "2024-12-28",
        "level": "5",
        "operator": "Travelex",
        "osm_id": 9508068344,
        "osm_type": "node"
      }
    },
    {
      "type": "Feature",
      "geometry": {
        "type": "Point",
        "coordinates": [
          -0.4480522,
          51.4702592
        ]
      },
      "properties": {
        "amenity": "toilets",
        "changing_table": "yes",
        "fee": "no",
        "female": "yes",
        "level": "4",
        "male": "yes",
        "wheelchair": "yes",
        "osm_id": 9508128582,
        "osm_type": "node"
      }
    },
    {
      "type": "Feature",
      "geometry": {
        "type": "Point",
        "coordinates": [
          -0.46277,
          51.4734094
        ]
      },
      "properties": {
        "amenity": "toilets",
        "name": "Adjacent to gate 30",
        "osm_id": 9778598116,
        "osm_type": "node"
      }
    },
    {
      "type": "Feature",
      "geometry": {
        "type": "Point",
        "coordinates": [
          -0.4627791,
          51.4734228
        ]
      },
      "properties": {
        "amenity": "toilets",
        "name": "Adjacent to gate 30",
        "osm_id": 9778606849,
        "osm_type": "node"
      }
    },
    {
      "type": "Feature",
      "geometry": {
        "type": "Point",
        "coordinates": [
          -0.4627788,
          51.4734142
        ]
      },
      "properties": {
        "amenity": "toilets",
        "name": "Adjacent to gate 30",
        "osm_id": 9779025154,
        "osm_type": "node"
      }
    },
    {
      "type": "Feature",
      "geometry": {
        "type": "Point",
        "coordinates": [
          -0.4380316,
          51.4812092
        ]
      },
      "properties": {
        "amenity": "restaurant",
        "brand": "Carluccio's",
        "brand:wikidata": "Q25111797",
        "check_date": "2026-03-08",
        "cuisine": "italian",
        "name": "Carluccio's",
        "osm_id": 10124851210,
        "osm_type": "node"
      }
    },
    {
      "type": "Feature",
      "geometry": {
        "type": "Point",
        "coordinates": [
          -0.476323,
          51.4712605
        ]
      },
      "properties": {
        "highway": "elevator",
        "indoor": "yes",
        "level": "1;2",
        "osm_id": 10228438657,
        "osm_type": "node"
      }
    },
    {
      "type": "Feature",
      "geometry": {
        "type": "Point",
        "coordinates": [
          -0.4763274,
          51.4720691
        ]
      },
      "properties": {
        "highway": "elevator",
        "indoor": "yes",
        "level": "1;2",
        "osm_id": 10228438671,
        "osm_type": "node"
      }
    },
    {
      "type": "Feature",
      "geometry": {
        "type": "Point",
        "coordinates": [
          -0.4524233,
          51.4712002
        ]
      },
      "properties": {
        "amenity": "atm",
        "check_date": "2024-01-21",
        "level": "0",
        "osm_id": 10276036494,
        "osm_type": "node"
      }
    },
    {
      "type": "Feature",
      "geometry": {
        "type": "Point",
        "coordinates": [
          -0.452166,
          51.4711755
        ]
      },
      "properties": {
        "access": "yes",
        "amenity": "toilets",
        "fee": "no",
        "female": "yes",
        "level": "0",
        "unisex": "no",
        "wheelchair": "yes",
        "osm_id": 10276194516,
        "osm_type": "node"
      }
    },
    {
      "type": "Feature",
      "geometry": {
        "type": "Point",
        "coordinates": [
          -0.4494779,
          51.4690376
        ]
      },
      "properties": {
        "amenity": "toilets",
        "changing_table": "yes",
        "fee": "no",
        "female": "yes",
        "level": "5",
        "male": "no",
        "unisex": "no",
        "osm_id": 10289380503,
        "osm_type": "node"
      }
    },
    {
      "type": "Feature",
      "geometry": {
        "type": "Point",
        "coordinates": [
          -0.4494369,
          51.469027
        ]
      },
      "properties": {
        "amenity": "toilets",
        "changing_table": "yes",
        "fee": "no",
        "female": "no",
        "level": "5",
        "male": "yes",
        "unisex": "no",
        "osm_id": 10289380504,
        "osm_type": "node"
      }
    },
    {
      "type": "Feature",
      "geometry": {
        "type": "Point",
        "coordinates": [
          -0.4489627,
          51.4692958
        ]
      },
      "properties": {
        "addr:housename": "Arrivals Lounge, Terminal 2",
        "addr:place": "Heathrow Airport",
        "check_date": "2024-09-28",
        "level": "5",
        "name": "discover LONDON",
        "shop": "gift",
        "osm_id": 10289407030,
        "osm_type": "node"
      }
    },
    {
      "type": "Feature",
      "geometry": {
        "type": "Point",
        "coordinates": [
          -0.4482501,
          51.4698996
        ]
      },
      "properties": {
        "amenity": "fast_food",
        "branch": "HMSHost Heathrow Leon T2",
        "brand": "LEON",
        "brand:wikidata": "Q6524851",
        "check_date": "2024-09-28",
        "check_date:diet:vegan": "2024-09-28",
        "check_date:diet:vegetarian": "2024-09-28",
        "cuisine": "burger;sandwich",
        "diet:vegan": "yes",
        "diet:vegetarian": "yes",
        "drive_through": "no",
        "indoor_seating": "yes",
        "level": "4",
        "name": "LEON",
        "operator": "HMSHost",
        "outdoor_seating": "no",
        "ref:vatin": "730962434",
        "takeaway": "yes",
        "osm_id": 10289480205,
        "osm_type": "node"
      }
    },
    {
      "type": "Feature",
      "geometry": {
        "type": "Point",
        "coordinates": [
          -0.4483789,
          51.4698239
        ]
      },
      "properties": {
        "amenity": "atm",
        "cash_in": "no",
        "check_date": "2024-09-28",
        "level": "4",
        "operator": "Travelex",
        "osm_id": 10289512461,
        "osm_type": "node"
      }
    },
    {
      "type": "Feature",
      "geometry": {
        "type": "Point",
        "coordinates": [
          -0.4483666,
          51.4698093
        ]
      },
      "properties": {
        "amenity": "atm",
        "cash_in": "no",
        "check_date": "2024-09-28",
        "level": "4",
        "operator": "Travelex",
        "osm_id": 10289512462,
        "osm_type": "node"
      }
    },
    {
      "type": "Feature",
      "geometry": {
        "type": "Point",
        "coordinates": [
          -0.4483593,
          51.4697942
        ]
      },
      "properties": {
        "amenity": "atm",
        "cash_in": "no",
        "check_date": "2024-09-28",
        "level": "4",
        "operator": "Travelex",
        "osm_id": 10289512463,
        "osm_type": "node"
      }
    },
    {
      "type": "Feature",
      "geometry": {
        "type": "Point",
        "coordinates": [
          -0.4483474,
          51.4697709
        ]
      },
      "properties": {
        "amenity": "atm",
        "cash_in": "no",
        "check_date": "2024-09-28",
        "level": "4",
        "operator": "Travelex",
        "osm_id": 10289512464,
        "osm_type": "node"
      }
    },
    {
      "type": "Feature",
      "geometry": {
        "type": "Point",
        "coordinates": [
          -0.4580479,
          51.4688677
        ]
      },
      "properties": {
        "amenity": "cafe",
        "brand": "Caffè Nero",
        "brand:wikidata": "Q675808",
        "check_date": "2025-12-28",
        "check_date:opening_hours": "2024-08-22",
        "cuisine": "coffee_shop",
        "indoor_seating": "no",
        "level": "1",
        "name": "Caffè Nero",
        "opening_hours": "Mo-Su 05:30-22:00",
        "outdoor_seating": "no",
        "takeaway": "only",
        "website": "https://www.caffenero.com/uk/stores/heathrow-t3-pier-6",
        "osm_id": 10290100592,
        "osm_type": "node"
      }
    },
    {
      "type": "Feature",
      "geometry": {
        "type": "Point",
        "coordinates": [
          -0.4461896,
          51.4608612
        ]
      },
      "properties": {
        "level": "2",
        "name": "Hamleys",
        "shop": "toys",
        "osm_id": 10542518513,
        "osm_type": "node"
      }
    },
    {
      "type": "Feature",
      "geometry": {
        "type": "Point",
        "coordinates": [
          -0.4462789,
          51.4607996
        ]
      },
      "properties": {
        "brand": "WHSmith",
        "brand:website": "https://www.whsmithplc.co.uk/",
        "brand:wikidata": "Q1548712",
        "level": "2",
        "name": "WHSmith",
        "shop": "books",
        "osm_id": 10542525809,
        "osm_type": "node"
      }
    },
    {
      "type": "Feature",
      "geometry": {
        "type": "Point",
        "coordinates": [
          -0.4429282,
          51.4710242
        ]
      },
      "properties": {
        "amenity": "toilets",
        "changing_table": "yes",
        "fee": "no",
        "level": "1",
        "osm_id": 10588153351,
        "osm_type": "node"
      }
    },
    {
      "type": "Feature",
      "geometry": {
        "type": "Point",
        "coordinates": [
          -0.48905,
          51.4705511
        ]
      },
      "properties": {
        "amenity": "cafe",
        "brand": "Caffè Nero",
        "brand:wikidata": "Q675808",
        "check_date": "2024-08-22",
        "check_date:opening_hours": "2024-08-22",
        "cuisine": "coffee_shop",
        "indoor": "yes",
        "level": "0",
        "level_ref": "0",
        "name": "Caffè Nero",
        "opening_hours": "Mo-Su 05:00-23:00",
        "takeaway": "yes",
        "website": "https://www.caffenero.com/uk/stores/heathrow-t5-arrivals",
        "osm_id": 10822276920,
        "osm_type": "node"
      }
    },
    {
      "type": "Feature",
      "geometry": {
        "type": "Point",
        "coordinates": [
          -0.4888351,
          51.4705332
        ]
      },
      "properties": {
        "amenity": "atm",
        "indoor": "yes",
        "level": "0",
        "level_ref": "0",
        "osm_id": 10822279106,
        "osm_type": "node"
      }
    },
    {
      "type": "Feature",
      "geometry": {
        "type": "Point",
        "coordinates": [
          -0.4526124,
          51.47112
        ]
      },
      "properties": {
        "amenity": "cafe",
        "brand": "Black Sheep Coffee",
        "brand:wikidata": "Q109745011",
        "cuisine": "coffee_shop",
        "indoor_seating": "yes",
        "name": "Black Sheep Coffee",
        "outdoor_seating": "no",
        "takeaway": "yes",
        "website": "https://blacksheepcoffee.co.uk/blogs/locations/heathrow-central-bus-station",
        "osm_id": 10895531122,
        "osm_type": "node"
      }
    },
    {
      "type": "Feature",
      "geometry": {
        "type": "Point",
        "coordinates": [
          -0.4487792,
          51.4700827
        ]
      },
      "properties": {
        "brand": "World Duty Free",
        "brand:wikidata": "Q15911908",
        "level": "4",
        "name": "World Duty Free",
        "shop": "department_store",
        "toilets": "no",
        "osm_id": 10895674138,
        "osm_type": "node"
      }
    },
    {
      "type": "Feature",
      "geometry": {
        "type": "Point",
        "coordinates": [
          -0.448458,
          51.4691952
        ]
      },
      "properties": {
        "amenity": "atm",
        "check_date": "2024-09-28",
        "level": "4",
        "osm_id": 10895690697,
        "osm_type": "node"
      }
    },
    {
      "type": "Feature",
      "geometry": {
        "type": "Point",
        "coordinates": [
          -0.4486013,
          51.4696742
        ]
      },
      "properties": {
        "check_date": "2025-11-19",
        "level": "4",
        "name": "Fame",
        "shop": "perfumery",
        "osm_id": 10895695659,
        "osm_type": "node"
      }
    },
    {
      "type": "Feature",
      "geometry": {
        "type": "Point",
        "coordinates": [
          -0.4487497,
          51.4702837
        ]
      },
      "properties": {
        "brand": "InMotion",
        "brand:wikidata": "Q109648041",
        "level": "5",
        "name": "InMotion",
        "shop": "electronics",
        "osm_id": 10895697105,
        "osm_type": "node"
      }
    },
    {
      "type": "Feature",
      "geometry": {
        "type": "Point",
        "coordinates": [
          -0.4528676,
          51.4712144
        ]
      },
      "properties": {
        "highway": "elevator",
        "indoor": "yes",
        "level": "0;-1",
        "osm_id": 10945644094,
        "osm_type": "node"
      }
    },
    {
      "type": "Feature",
      "geometry": {
        "type": "Point",
        "coordinates": [
          -0.4529043,
          51.4711861
        ]
      },
      "properties": {
        "highway": "elevator",
        "indoor": "yes",
        "level": "0;-1",
        "osm_id": 10945644096,
        "osm_type": "node"
      }
    },
    {
      "type": "Feature",
      "geometry": {
        "type": "Point",
        "coordinates": [
          -0.4895055,
          51.4705168
        ]
      },
      "properties": {
        "highway": "elevator",
        "indoor": "yes",
        "level": "0;1;1.5;2;2.5;3",
        "level_ref": "0",
        "osm_id": 10945790366,
        "osm_type": "node"
      }
    },
    {
      "type": "Feature",
      "geometry": {
        "type": "Point",
        "coordinates": [
          -0.4890545,
          51.4711376
        ]
      },
      "properties": {
        "highway": "elevator",
        "indoor": "yes",
        "level": "0;1;2;3",
        "level_ref": "0",
        "osm_id": 10945790370,
        "osm_type": "node"
      }
    },
    {
      "type": "Feature",
      "geometry": {
        "type": "Point",
        "coordinates": [
          -0.4889513,
          51.4711381
        ]
      },
      "properties": {
        "highway": "elevator",
        "indoor": "yes",
        "level": "0;1;2;3",
        "level_ref": "0",
        "osm_id": 10946139598,
        "osm_type": "node"
      }
    },
    {
      "type": "Feature",
      "geometry": {
        "type": "Point",
        "coordinates": [
          -0.4895006,
          51.4710384
        ]
      },
      "properties": {
        "highway": "elevator",
        "indoor": "yes",
        "level": "0;1;1.5;2;2.5;3",
        "level_ref": "0",
        "osm_id": 10946153145,
        "osm_type": "node"
      }
    },
    {
      "type": "Feature",
      "geometry": {
        "type": "Point",
        "coordinates": [
          -0.4895075,
          51.4711737
        ]
      },
      "properties": {
        "highway": "elevator",
        "indoor": "yes",
        "level": "0;1;1.5;2;2.5;3",
        "level_ref": "0",
        "osm_id": 10946153146,
        "osm_type": "node"
      }
    },
    {
      "type": "Feature",
      "geometry": {
        "type": "Point",
        "coordinates": [
          -0.4895051,
          51.471142
        ]
      },
      "properties": {
        "highway": "elevator",
        "indoor": "yes",
        "level": "0;1;1.5;2;2.5;3",
        "level_ref": "0",
        "osm_id": 10946153147,
        "osm_type": "node"
      }
    },
    {
      "type": "Feature",
      "geometry": {
        "type": "Point",
        "coordinates": [
          -0.4759625,
          51.4711425
        ]
      },
      "properties": {
        "highway": "elevator",
        "indoor": "yes",
        "level": "-2;1",
        "osm_id": 10946651246,
        "osm_type": "node"
      }
    },
    {
      "type": "Feature",
      "geometry": {
        "type": "Point",
        "coordinates": [
          -0.4761856,
          51.4707008
        ]
      },
      "properties": {
        "highway": "elevator",
        "indoor": "yes",
        "level": "-2;0;2",
        "osm_id": 10946651281,
        "osm_type": "node"
      }
    },
    {
      "type": "Feature",
      "geometry": {
        "type": "Point",
        "coordinates": [
          -0.476187,
          51.470743
        ]
      },
      "properties": {
        "highway": "elevator",
        "indoor": "yes",
        "level": "-2;0;2",
        "osm_id": 10946651282,
        "osm_type": "node"
      }
    },
    {
      "type": "Feature",
      "geometry": {
        "type": "Point",
        "coordinates": [
          -0.4761839,
          51.4706523
        ]
      },
      "properties": {
        "highway": "elevator",
        "indoor": "yes",
        "level": "-2;0;2",
        "osm_id": 10946651283,
        "osm_type": "node"
      }
    },
    {
      "type": "Feature",
      "geometry": {
        "type": "Point",
        "coordinates": [
          -0.4759603,
          51.4709634
        ]
      },
      "properties": {
        "highway": "elevator",
        "indoor": "yes",
        "level": "-4;-2;0;1;2",
        "osm_id": 10946651287,
        "osm_type": "node"
      }
    },
    {
      "type": "Feature",
      "geometry": {
        "type": "Point",
        "coordinates": [
          -0.47596,
          51.471036
        ]
      },
      "properties": {
        "highway": "elevator",
        "indoor": "yes",
        "level": "-4;-2;0;1",
        "osm_id": 10946651288,
        "osm_type": "node"
      }
    },
    {
      "type": "Feature",
      "geometry": {
        "type": "Point",
        "coordinates": [
          -0.4759593,
          51.470933
        ]
      },
      "properties": {
        "highway": "elevator",
        "indoor": "yes",
        "level": "-2;0;1;2",
        "osm_id": 10946651289,
        "osm_type": "node"
      }
    },
    {
      "type": "Feature",
      "geometry": {
        "type": "Point",
        "coordinates": [
          -0.4759599,
          51.471067
        ]
      },
      "properties": {
        "highway": "elevator",
        "indoor": "yes",
        "level": "-2;0;1",
        "osm_id": 10946651290,
        "osm_type": "node"
      }
    },
    {
      "type": "Feature",
      "geometry": {
        "type": "Point",
        "coordinates": [
          -0.4759617,
          51.4710024
        ]
      },
      "properties": {
        "highway": "elevator",
        "indoor": "yes",
        "level": "-4;-2;0;1",
        "osm_id": 10946651291,
        "osm_type": "node"
      }
    },
    {
      "type": "Feature",
      "geometry": {
        "type": "Point",
        "coordinates": [
          -0.4894926,
          51.4716824
        ]
      },
      "properties": {
        "highway": "elevator",
        "indoor": "yes",
        "level": "0;1;1.5;2;2.5;3",
        "level_ref": "0",
        "osm_id": 10956923851,
        "osm_type": "node"
      }
    },
    {
      "type": "Feature",
      "geometry": {
        "type": "Point",
        "coordinates": [
          -0.489494,
          51.4717146
        ]
      },
      "properties": {
        "highway": "elevator",
        "indoor": "yes",
        "level": "0;1;1.5;2;2.5;3",
        "level_ref": "0",
        "osm_id": 10956923852,
        "osm_type": "node"
      }
    },
    {
      "type": "Feature",
      "geometry": {
        "type": "Point",
        "coordinates": [
          -0.4894995,
          51.4718177
        ]
      },
      "properties": {
        "highway": "elevator",
        "indoor": "yes",
        "level": "0;1;1.5;2;2.5;3",
        "level_ref": "0",
        "osm_id": 10956923853,
        "osm_type": "node"
      }
    },
    {
      "type": "Feature",
      "geometry": {
        "type": "Point",
        "coordinates": [
          -0.4894972,
          51.471786
        ]
      },
      "properties": {
        "highway": "elevator",
        "indoor": "yes",
        "level": "0;1;1.5;2;2.5;3",
        "level_ref": "0",
        "osm_id": 10956923854,
        "osm_type": "node"
      }
    },
    {
      "type": "Feature",
      "geometry": {
        "type": "Point",
        "coordinates": [
          -0.4890564,
          51.4717084
        ]
      },
      "properties": {
        "highway": "elevator",
        "indoor": "yes",
        "level": "0;1;2;3",
        "level_ref": "0",
        "osm_id": 10957041503,
        "osm_type": "node"
      }
    },
    {
      "type": "Feature",
      "geometry": {
        "type": "Point",
        "coordinates": [
          -0.4890773,
          51.4726829
        ]
      },
      "properties": {
        "highway": "elevator",
        "indoor": "yes",
        "level": "0;1;2;3",
        "osm_id": 10957568108,
        "osm_type": "node"
      }
    },
    {
      "type": "Feature",
      "geometry": {
        "type": "Point",
        "coordinates": [
          -0.4889741,
          51.4726833
        ]
      },
      "properties": {
        "highway": "elevator",
        "indoor": "yes",
        "level": "0;1;2;3",
        "osm_id": 10957568109,
        "osm_type": "node"
      }
    },
    {
      "type": "Feature",
      "geometry": {
        "type": "Point",
        "coordinates": [
          -0.4895135,
          51.4726569
        ]
      },
      "properties": {
        "highway": "elevator",
        "indoor": "yes",
        "level": "0;1;1.5;2;2.5;3",
        "level_ref": "0",
        "osm_id": 10957568130,
        "osm_type": "node"
      }
    },
    {
      "type": "Feature",
      "geometry": {
        "type": "Point",
        "coordinates": [
          -0.4895204,
          51.4727922
        ]
      },
      "properties": {
        "highway": "elevator",
        "indoor": "yes",
        "level": "0;1;1.5;2;2.5;3",
        "osm_id": 10957568132,
        "osm_type": "node"
      }
    },
    {
      "type": "Feature",
      "geometry": {
        "type": "Point",
        "coordinates": [
          -0.4883977,
          51.4717265
        ]
      },
      "properties": {
        "highway": "elevator",
        "indoor": "yes",
        "level": "0;1",
        "level_ref": "0",
        "osm_id": 10957651633,
        "osm_type": "node"
      }
    },
    {
      "type": "Feature",
      "geometry": {
        "type": "Point",
        "coordinates": [
          -0.4883964,
          51.4716451
        ]
      },
      "properties": {
        "highway": "elevator",
        "indoor": "yes",
        "level": "0;1",
        "level_ref": "0",
        "osm_id": 10957651636,
        "osm_type": "node"
      }
    },
    {
      "type": "Feature",
      "geometry": {
        "type": "Point",
        "coordinates": [
          -0.4885382,
          51.4730886
        ]
      },
      "properties": {
        "highway": "elevator",
        "indoor": "yes",
        "level": "0;1",
        "level_ref": "0",
        "osm_id": 10957651647,
        "osm_type": "node"
      }
    },
    {
      "type": "Feature",
      "geometry": {
        "type": "Point",
        "coordinates": [
          -0.4884961,
          51.473088
        ]
      },
      "properties": {
        "highway": "elevator",
        "indoor": "yes",
        "level": "0;1",
        "level_ref": "0",
        "osm_id": 10957651657,
        "osm_type": "node"
      }
    },
    {
      "type": "Feature",
      "geometry": {
        "type": "Point",
        "coordinates": [
          -0.4763245,
          51.4715616
        ]
      },
      "properties": {
        "highway": "elevator",
        "indoor": "yes",
        "level": "1;2",
        "osm_id": 10957888651,
        "osm_type": "node"
      }
    },
    {
      "type": "Feature",
      "geometry": {
        "type": "Point",
        "coordinates": [
          -0.4758721,
          51.4720436
        ]
      },
      "properties": {
        "highway": "elevator",
        "indoor": "yes",
        "level": "1;2",
        "osm_id": 10957888655,
        "osm_type": "node"
      }
    },
    {
      "type": "Feature",
      "geometry": {
        "type": "Point",
        "coordinates": [
          -0.4758679,
          51.4715683
        ]
      },
      "properties": {
        "highway": "elevator",
        "indoor": "yes",
        "level": "1;2",
        "osm_id": 10957888663,
        "osm_type": "node"
      }
    },
    {
      "type": "Feature",
      "geometry": {
        "type": "Point",
        "coordinates": [
          -0.4758661,
          51.4712157
        ]
      },
      "properties": {
        "highway": "elevator",
        "indoor": "yes",
        "level": "1;2",
        "osm_id": 10957888677,
        "osm_type": "node"
      }
    },
    {
      "type": "Feature",
      "geometry": {
        "type": "Point",
        "coordinates": [
          -0.475863,
          51.4707149
        ]
      },
      "properties": {
        "highway": "elevator",
        "indoor": "yes",
        "level": "1;2",
        "osm_id": 10957888679,
        "osm_type": "node"
      }
    },
    {
      "type": "Feature",
      "geometry": {
        "type": "Point",
        "coordinates": [
          -0.47632,
          51.4706961
        ]
      },
      "properties": {
        "highway": "elevator",
        "indoor": "yes",
        "level": "1;2",
        "osm_id": 10957888687,
        "osm_type": "node"
      }
    },
    {
      "type": "Feature",
      "geometry": {
        "type": "Point",
        "coordinates": [
          -0.4758608,
          51.4703808
        ]
      },
      "properties": {
        "highway": "elevator",
        "indoor": "yes",
        "level": "1;2",
        "osm_id": 10957888696,
        "osm_type": "node"
      }
    },
    {
      "type": "Feature",
      "geometry": {
        "type": "Point",
        "coordinates": [
          -0.4758594,
          51.4699969
        ]
      },
      "properties": {
        "highway": "elevator",
        "indoor": "yes",
        "level": "1;2",
        "osm_id": 10957888704,
        "osm_type": "node"
      }
    },
    {
      "type": "Feature",
      "geometry": {
        "type": "Point",
        "coordinates": [
          -0.4763162,
          51.4699948
        ]
      },
      "properties": {
        "highway": "elevator",
        "indoor": "yes",
        "level": "1;2",
        "osm_id": 10957904511,
        "osm_type": "node"
      }
    },
    {
      "type": "Feature",
      "geometry": {
        "type": "Point",
        "coordinates": [
          -0.4763178,
          51.4702968
        ]
      },
      "properties": {
        "highway": "elevator",
        "indoor": "yes",
        "level": "1;2",
        "osm_id": 10957904517,
        "osm_type": "node"
      }
    },
    {
      "type": "Feature",
      "geometry": {
        "type": "Point",
        "coordinates": [
          -0.4869872,
          51.4711417
        ]
      },
      "properties": {
        "highway": "elevator",
        "indoor": "yes",
        "level": "-4;-2;1",
        "osm_id": 10958032240,
        "osm_type": "node"
      }
    },
    {
      "type": "Feature",
      "geometry": {
        "type": "Point",
        "coordinates": [
          -0.4869869,
          51.4711194
        ]
      },
      "properties": {
        "highway": "elevator",
        "indoor": "yes",
        "level": "-4;-2;1",
        "osm_id": 10958032241,
        "osm_type": "node"
      }
    },
    {
      "type": "Feature",
      "geometry": {
        "type": "Point",
        "coordinates": [
          -0.4869866,
          51.4710964
        ]
      },
      "properties": {
        "highway": "elevator",
        "indoor": "yes",
        "level": "-4;-2;1",
        "osm_id": 10958032242,
        "osm_type": "node"
      }
    },
    {
      "type": "Feature",
      "geometry": {
        "type": "Point",
        "coordinates": [
          -0.4869841,
          51.4710089
        ]
      },
      "properties": {
        "highway": "elevator",
        "indoor": "yes",
        "level": "-4;-2;2",
        "osm_id": 10958032243,
        "osm_type": "node"
      }
    },
    {
      "type": "Feature",
      "geometry": {
        "type": "Point",
        "coordinates": [
          -0.4869838,
          51.4709898
        ]
      },
      "properties": {
        "highway": "elevator",
        "indoor": "yes",
        "level": "-4;-2;2",
        "osm_id": 10958032244,
        "osm_type": "node"
      }
    },
    {
      "type": "Feature",
      "geometry": {
        "type": "Point",
        "coordinates": [
          -0.4869835,
          51.4709685
        ]
      },
      "properties": {
        "highway": "elevator",
        "indoor": "yes",
        "level": "-4;-2;2",
        "osm_id": 10958032245,
        "osm_type": "node"
      }
    },
    {
      "type": "Feature",
      "geometry": {
        "type": "Point",
        "coordinates": [
          -0.4869439,
          51.4706463
        ]
      },
      "properties": {
        "highway": "elevator",
        "indoor": "yes",
        "level": "0;1",
        "level_ref": "0",
        "osm_id": 10958032256,
        "osm_type": "node"
      }
    },
    {
      "type": "Feature",
      "geometry": {
        "type": "Point",
        "coordinates": [
          -0.4869432,
          51.4706827
        ]
      },
      "properties": {
        "highway": "elevator",
        "indoor": "yes",
        "level": "0;1",
        "level_ref": "0",
        "osm_id": 10958032259,
        "osm_type": "node"
      }
    },
    {
      "type": "Feature",
      "geometry": {
        "type": "Point",
        "coordinates": [
          -0.4869488,
          51.4707653
        ]
      },
      "properties": {
        "highway": "elevator",
        "indoor": "yes",
        "level": "-4;-2;0;1",
        "level_ref": "0",
        "osm_id": 10958032273,
        "osm_type": "node"
      }
    },
    {
      "type": "Feature",
      "geometry": {
        "type": "Point",
        "coordinates": [
          -0.4869508,
          51.4707291
        ]
      },
      "properties": {
        "highway": "elevator",
        "indoor": "yes",
        "level": "-4;-2;0;1",
        "level_ref": "0",
        "osm_id": 10958032274,
        "osm_type": "node"
      }
    },
    {
      "type": "Feature",
      "geometry": {
        "type": "Point",
        "coordinates": [
          -0.4869476,
          51.4708059
        ]
      },
      "properties": {
        "highway": "elevator",
        "indoor": "yes",
        "level": "-4;-2;0;1",
        "level_ref": "0",
        "osm_id": 10958032275,
        "osm_type": "node"
      }
    },
    {
      "type": "Feature",
      "geometry": {
        "type": "Point",
        "coordinates": [
          -0.4809249,
          51.4704729
        ]
      },
      "properties": {
        "highway": "elevator",
        "indoor": "yes",
        "level": "2;3",
        "osm_id": 10959349823,
        "osm_type": "node"
      }
    },
    {
      "type": "Feature",
      "geometry": {
        "type": "Point",
        "coordinates": [
          -0.4808916,
          51.4698495
        ]
      },
      "properties": {
        "highway": "elevator",
        "indoor": "yes",
        "level": "2;3",
        "osm_id": 10959349831,
        "osm_type": "node"
      }
    },
    {
      "type": "Feature",
      "geometry": {
        "type": "Point",
        "coordinates": [
          -0.4814351,
          51.4697174
        ]
      },
      "properties": {
        "highway": "elevator",
        "indoor": "yes",
        "level": "2;3",
        "osm_id": 10959349851,
        "osm_type": "node"
      }
    },
    {
      "type": "Feature",
      "geometry": {
        "type": "Point",
        "coordinates": [
          -0.4814354,
          51.469748
        ]
      },
      "properties": {
        "highway": "elevator",
        "indoor": "yes",
        "level": "2;3",
        "osm_id": 10959349853,
        "osm_type": "node"
      }
    },
    {
      "type": "Feature",
      "geometry": {
        "type": "Point",
        "coordinates": [
          -0.4814382,
          51.4701648
        ]
      },
      "properties": {
        "highway": "elevator",
        "indoor": "yes",
        "level": "2;3",
        "osm_id": 10959349867,
        "osm_type": "node"
      }
    },
    {
      "type": "Feature",
      "geometry": {
        "type": "Point",
        "coordinates": [
          -0.4814404,
          51.4704747
        ]
      },
      "properties": {
        "highway": "elevator",
        "indoor": "yes",
        "level": "2;3",
        "osm_id": 10959349874,
        "osm_type": "node"
      }
    },
    {
      "type": "Feature",
      "geometry": {
        "type": "Point",
        "coordinates": [
          -0.4809382,
          51.4708937
        ]
      },
      "properties": {
        "highway": "elevator",
        "indoor": "yes",
        "level": "2;3",
        "osm_id": 10959349883,
        "osm_type": "node"
      }
    },
    {
      "type": "Feature",
      "geometry": {
        "type": "Point",
        "coordinates": [
          -0.4809434,
          51.4714388
        ]
      },
      "properties": {
        "highway": "elevator",
        "indoor": "yes",
        "level": "2;3",
        "osm_id": 10959349891,
        "osm_type": "node"
      }
    },
    {
      "type": "Feature",
      "geometry": {
        "type": "Point",
        "coordinates": [
          -0.4809499,
          51.4719935
        ]
      },
      "properties": {
        "highway": "elevator",
        "indoor": "yes",
        "level": "2;3",
        "osm_id": 10959349899,
        "osm_type": "node"
      }
    },
    {
      "type": "Feature",
      "geometry": {
        "type": "Point",
        "coordinates": [
          -0.4814854,
          51.4717186
        ]
      },
      "properties": {
        "highway": "elevator",
        "indoor": "yes",
        "level": "2;3",
        "osm_id": 10959349900,
        "osm_type": "node"
      }
    },
    {
      "type": "Feature",
      "geometry": {
        "type": "Point",
        "coordinates": [
          -0.4814915,
          51.4719993
        ]
      },
      "properties": {
        "highway": "elevator",
        "indoor": "yes",
        "level": "2;3",
        "osm_id": 10959358908,
        "osm_type": "node"
      }
    },
    {
      "type": "Feature",
      "geometry": {
        "type": "Point",
        "coordinates": [
          -0.4814788,
          51.4714171
        ]
      },
      "properties": {
        "highway": "elevator",
        "indoor": "yes",
        "level": "2;3",
        "osm_id": 10959358916,
        "osm_type": "node"
      }
    },
    {
      "type": "Feature",
      "geometry": {
        "type": "Point",
        "coordinates": [
          -0.4809648,
          51.4697315
        ]
      },
      "properties": {
        "highway": "elevator",
        "indoor": "yes",
        "level": "2;3",
        "osm_id": 10959358927,
        "osm_type": "node"
      }
    },
    {
      "type": "Feature",
      "geometry": {
        "type": "Point",
        "coordinates": [
          -0.481446,
          51.4709783
        ]
      },
      "properties": {
        "highway": "elevator",
        "indoor": "yes",
        "level": "2;3",
        "osm_id": 10959358942,
        "osm_type": "node"
      }
    },
    {
      "type": "Feature",
      "geometry": {
        "type": "Point",
        "coordinates": [
          -0.4814699,
          51.4710081
        ]
      },
      "properties": {
        "highway": "elevator",
        "indoor": "yes",
        "level": "2;3",
        "osm_id": 10959358943,
        "osm_type": "node"
      }
    },
    {
      "type": "Feature",
      "geometry": {
        "type": "Point",
        "coordinates": [
          -0.4811105,
          51.4715461
        ]
      },
      "properties": {
        "highway": "elevator",
        "indoor": "yes",
        "level": "-2;2",
        "osm_id": 10959358946,
        "osm_type": "node"
      }
    },
    {
      "type": "Feature",
      "geometry": {
        "type": "Point",
        "coordinates": [
          -0.4811092,
          51.4715248
        ]
      },
      "properties": {
        "highway": "elevator",
        "indoor": "yes",
        "level": "-2;2",
        "osm_id": 10959358955,
        "osm_type": "node"
      }
    },
    {
      "type": "Feature",
      "geometry": {
        "type": "Point",
        "coordinates": [
          -0.4814928,
          51.4706507
        ]
      },
      "properties": {
        "highway": "elevator",
        "indoor": "yes",
        "level": "-4;-2;0;2",
        "osm_id": 10959358975,
        "osm_type": "node"
      }
    },
    {
      "type": "Feature",
      "geometry": {
        "type": "Point",
        "coordinates": [
          -0.4814928,
          51.4706424
        ]
      },
      "properties": {
        "highway": "elevator",
        "indoor": "yes",
        "level": "-4;-2;0;2",
        "osm_id": 10959358977,
        "osm_type": "node"
      }
    },
    {
      "type": "Feature",
      "geometry": {
        "type": "Point",
        "coordinates": [
          -0.4814927,
          51.4706294
        ]
      },
      "properties": {
        "highway": "elevator",
        "indoor": "yes",
        "level": "-4;-2;0;2",
        "osm_id": 10959358979,
        "osm_type": "node"
      }
    },
    {
      "type": "Feature",
      "geometry": {
        "type": "Point",
        "coordinates": [
          -0.4810441,
          51.4712007
        ]
      },
      "properties": {
        "highway": "elevator",
        "indoor": "yes",
        "level": "-4;-2;0;1;2",
        "osm_id": 10959358993,
        "osm_type": "node"
      }
    },
    {
      "type": "Feature",
      "geometry": {
        "type": "Point",
        "coordinates": [
          -0.4810159,
          51.4707801
        ]
      },
      "properties": {
        "highway": "elevator",
        "indoor": "yes",
        "level": "-4;-2;0;1;2",
        "osm_id": 10959358996,
        "osm_type": "node"
      }
    },
    {
      "type": "Feature",
      "geometry": {
        "type": "Point",
        "coordinates": [
          -0.4810205,
          51.4709729
        ]
      },
      "properties": {
        "highway": "elevator",
        "indoor": "yes",
        "level": "-4;-2;-1;0;1",
        "osm_id": 10959359025,
        "osm_type": "node"
      }
    },
    {
      "type": "Feature",
      "geometry": {
        "type": "Point",
        "coordinates": [
          -0.4810199,
          51.4710248
        ]
      },
      "properties": {
        "highway": "elevator",
        "indoor": "yes",
        "level": "-4;-2;-1;0;1",
        "osm_id": 10959359026,
        "osm_type": "node"
      }
    },
    {
      "type": "Feature",
      "geometry": {
        "type": "Point",
        "coordinates": [
          -0.4810205,
          51.4709372
        ]
      },
      "properties": {
        "highway": "elevator",
        "indoor": "yes",
        "level": "-4;-2;-1;0;1",
        "osm_id": 10959359027,
        "osm_type": "node"
      }
    },
    {
      "type": "Feature",
      "geometry": {
        "type": "Point",
        "coordinates": [
          -0.4810194,
          51.4710583
        ]
      },
      "properties": {
        "highway": "elevator",
        "indoor": "yes",
        "level": "-4;-2;-1;0;1",
        "osm_id": 10959359028,
        "osm_type": "node"
      }
    },
    {
      "type": "Feature",
      "geometry": {
        "type": "Point",
        "coordinates": [
          -0.4869517,
          51.4711872
        ]
      },
      "properties": {
        "highway": "elevator",
        "indoor": "yes",
        "level": "0;1",
        "level_ref": "0",
        "osm_id": 10959383324,
        "osm_type": "node"
      }
    },
    {
      "type": "Feature",
      "geometry": {
        "type": "Point",
        "coordinates": [
          -0.488197,
          51.4730495
        ]
      },
      "properties": {
        "highway": "elevator",
        "indoor": "yes",
        "level": "1;2",
        "osm_id": 10959495148,
        "osm_type": "node"
      }
    },
    {
      "type": "Feature",
      "geometry": {
        "type": "Point",
        "coordinates": [
          -0.4882153,
          51.4730498
        ]
      },
      "properties": {
        "highway": "elevator",
        "indoor": "yes",
        "level": "1;2",
        "osm_id": 10959495149,
        "osm_type": "node"
      }
    },
    {
      "type": "Feature",
      "geometry": {
        "type": "Point",
        "coordinates": [
          -0.4876085,
          51.4728895
        ]
      },
      "properties": {
        "highway": "elevator",
        "indoor": "yes",
        "level": "2;3",
        "osm_id": 10959495168,
        "osm_type": "node"
      }
    },
    {
      "type": "Feature",
      "geometry": {
        "type": "Point",
        "coordinates": [
          -0.4876082,
          51.4728651
        ]
      },
      "properties": {
        "highway": "elevator",
        "indoor": "yes",
        "level": "2;3",
        "osm_id": 10959495169,
        "osm_type": "node"
      }
    },
    {
      "type": "Feature",
      "geometry": {
        "type": "Point",
        "coordinates": [
          -0.4880641,
          51.4716964
        ]
      },
      "properties": {
        "highway": "elevator",
        "indoor": "yes",
        "level": "2;3",
        "osm_id": 10959495192,
        "osm_type": "node"
      }
    },
    {
      "type": "Feature",
      "geometry": {
        "type": "Point",
        "coordinates": [
          -0.4880641,
          51.4716701
        ]
      },
      "properties": {
        "highway": "elevator",
        "indoor": "yes",
        "level": "2;3",
        "osm_id": 10959495193,
        "osm_type": "node"
      }
    },
    {
      "type": "Feature",
      "geometry": {
        "type": "Point",
        "coordinates": [
          -0.4880641,
          51.4716467
        ]
      },
      "properties": {
        "highway": "elevator",
        "indoor": "yes",
        "level": "2;3",
        "osm_id": 10959495194,
        "osm_type": "node"
      }
    },
    {
      "type": "Feature",
      "geometry": {
        "type": "Point",
        "coordinates": [
          -0.4877598,
          51.4704913
        ]
      },
      "properties": {
        "highway": "elevator",
        "indoor": "yes",
        "level": "3;4",
        "osm_id": 10959500016,
        "osm_type": "node"
      }
    },
    {
      "type": "Feature",
      "geometry": {
        "type": "Point",
        "coordinates": [
          -0.487827,
          51.4704914
        ]
      },
      "properties": {
        "highway": "elevator",
        "indoor": "yes",
        "level": "3;4",
        "osm_id": 10959500017,
        "osm_type": "node"
      }
    },
    {
      "type": "Feature",
      "geometry": {
        "type": "Point",
        "coordinates": [
          -0.4877609,
          51.4701565
        ]
      },
      "properties": {
        "highway": "elevator",
        "indoor": "yes",
        "level": "2;3",
        "osm_id": 10959500018,
        "osm_type": "node"
      }
    },
    {
      "type": "Feature",
      "geometry": {
        "type": "Point",
        "coordinates": [
          -0.487828,
          51.4701574
        ]
      },
      "properties": {
        "highway": "elevator",
        "indoor": "yes",
        "level": "2;3",
        "osm_id": 10959500019,
        "osm_type": "node"
      }
    },
    {
      "type": "Feature",
      "geometry": {
        "type": "Point",
        "coordinates": [
          -0.4880109,
          51.4732463
        ]
      },
      "properties": {
        "highway": "elevator",
        "indoor": "yes",
        "level": "1;2",
        "osm_id": 10959821611,
        "osm_type": "node"
      }
    },
    {
      "type": "Feature",
      "geometry": {
        "type": "Point",
        "coordinates": [
          -0.4880539,
          51.4732462
        ]
      },
      "properties": {
        "highway": "elevator",
        "indoor": "yes",
        "level": "1;2",
        "osm_id": 10959821613,
        "osm_type": "node"
      }
    },
    {
      "type": "Feature",
      "geometry": {
        "type": "Point",
        "coordinates": [
          -0.4875282,
          51.4732469
        ]
      },
      "properties": {
        "highway": "elevator",
        "indoor": "yes",
        "level": "1;2",
        "osm_id": 10959821617,
        "osm_type": "node"
      }
    },
    {
      "type": "Feature",
      "geometry": {
        "type": "Point",
        "coordinates": [
          -0.4883565,
          51.4732457
        ]
      },
      "properties": {
        "highway": "elevator",
        "indoor": "yes",
        "level": "1;2",
        "osm_id": 10959821619,
        "osm_type": "node"
      }
    },
    {
      "type": "Feature",
      "geometry": {
        "type": "Point",
        "coordinates": [
          -0.4886568,
          51.4732464
        ]
      },
      "properties": {
        "highway": "elevator",
        "indoor": "yes",
        "level": "1;2",
        "osm_id": 10959821621,
        "osm_type": "node"
      }
    },
    {
      "type": "Feature",
      "geometry": {
        "type": "Point",
        "coordinates": [
          -0.4889817,
          51.4732454
        ]
      },
      "properties": {
        "highway": "elevator",
        "indoor": "yes",
        "level": "1;2",
        "osm_id": 10959821625,
        "osm_type": "node"
      }
    },
    {
      "type": "Feature",
      "geometry": {
        "type": "Point",
        "coordinates": [
          -0.4868182,
          51.4721557
        ]
      },
      "properties": {
        "highway": "elevator",
        "indoor": "yes",
        "level": "1;2",
        "osm_id": 10959821658,
        "osm_type": "node"
      }
    },
    {
      "type": "Feature",
      "geometry": {
        "type": "Point",
        "coordinates": [
          -0.4868054,
          51.4724949
        ]
      },
      "properties": {
        "highway": "elevator",
        "indoor": "yes",
        "level": "1;2",
        "osm_id": 10959821659,
        "osm_type": "node"
      }
    },
    {
      "type": "Feature",
      "geometry": {
        "type": "Point",
        "coordinates": [
          -0.4867849,
          51.4717459
        ]
      },
      "properties": {
        "highway": "elevator",
        "indoor": "yes",
        "level": "1;2",
        "osm_id": 10959821661,
        "osm_type": "node"
      }
    },
    {
      "type": "Feature",
      "geometry": {
        "type": "Point",
        "coordinates": [
          -0.4874034,
          51.4732474
        ]
      },
      "properties": {
        "highway": "elevator",
        "indoor": "yes",
        "level": "1;2",
        "osm_id": 10959821662,
        "osm_type": "node"
      }
    },
    {
      "type": "Feature",
      "geometry": {
        "type": "Point",
        "coordinates": [
          -0.487728,
          51.4732463
        ]
      },
      "properties": {
        "highway": "elevator",
        "indoor": "yes",
        "level": "1;2",
        "osm_id": 10959821663,
        "osm_type": "node"
      }
    },
    {
      "type": "Feature",
      "geometry": {
        "type": "Point",
        "coordinates": [
          -0.4869963,
          51.4723195
        ]
      },
      "properties": {
        "highway": "elevator",
        "indoor": "yes",
        "level": "0;2",
        "level_ref": "0",
        "osm_id": 10959821701,
        "osm_type": "node"
      }
    },
    {
      "type": "Feature",
      "geometry": {
        "type": "Point",
        "coordinates": [
          -0.486996,
          51.4723039
        ]
      },
      "properties": {
        "highway": "elevator",
        "indoor": "yes",
        "level": "0;2",
        "level_ref": "0",
        "osm_id": 10959821702,
        "osm_type": "node"
      }
    },
    {
      "type": "Feature",
      "geometry": {
        "type": "Point",
        "coordinates": [
          -0.486792,
          51.4708401
        ]
      },
      "properties": {
        "highway": "elevator",
        "indoor": "yes",
        "level": "1;2",
        "osm_id": 10959821723,
        "osm_type": "node"
      }
    },
    {
      "type": "Feature",
      "geometry": {
        "type": "Point",
        "coordinates": [
          -0.4867901,
          51.470559
        ]
      },
      "properties": {
        "highway": "elevator",
        "indoor": "yes",
        "level": "1;2",
        "osm_id": 10959821724,
        "osm_type": "node"
      }
    },
    {
      "type": "Feature",
      "geometry": {
        "type": "Point",
        "coordinates": [
          -0.4868105,
          51.4710482
        ]
      },
      "properties": {
        "highway": "elevator",
        "indoor": "yes",
        "level": "1;2",
        "osm_id": 10959821728,
        "osm_type": "node"
      }
    },
    {
      "type": "Feature",
      "geometry": {
        "type": "Point",
        "coordinates": [
          -0.4886113,
          51.469911
        ]
      },
      "properties": {
        "highway": "elevator",
        "indoor": "yes",
        "level": "1;2",
        "osm_id": 10959821784,
        "osm_type": "node"
      }
    },
    {
      "type": "Feature",
      "geometry": {
        "type": "Point",
        "coordinates": [
          -0.4873614,
          51.4699146
        ]
      },
      "properties": {
        "highway": "elevator",
        "indoor": "yes",
        "level": "1;2",
        "osm_id": 10959821786,
        "osm_type": "node"
      }
    },
    {
      "type": "Feature",
      "geometry": {
        "type": "Point",
        "coordinates": [
          -0.4869309,
          51.4699167
        ]
      },
      "properties": {
        "highway": "elevator",
        "indoor": "yes",
        "level": "1;2",
        "osm_id": 10959821788,
        "osm_type": "node"
      }
    },
    {
      "type": "Feature",
      "geometry": {
        "type": "Point",
        "coordinates": [
          -0.4881815,
          51.4699114
        ]
      },
      "properties": {
        "highway": "elevator",
        "indoor": "yes",
        "level": "1;2",
        "osm_id": 10959821790,
        "osm_type": "node"
      }
    },
    {
      "type": "Feature",
      "geometry": {
        "type": "Point",
        "coordinates": [
          -0.4890123,
          51.4699103
        ]
      },
      "properties": {
        "highway": "elevator",
        "indoor": "yes",
        "level": "1;2",
        "osm_id": 10959821792,
        "osm_type": "node"
      }
    },
    {
      "type": "Feature",
      "geometry": {
        "type": "Point",
        "coordinates": [
          -0.4878087,
          51.4699125
        ]
      },
      "properties": {
        "highway": "elevator",
        "indoor": "yes",
        "level": "1;2",
        "osm_id": 10959821799,
        "osm_type": "node"
      }
    },
    {
      "type": "Feature",
      "geometry": {
        "type": "Point",
        "coordinates": [
          -0.4506557,
          51.4685592
        ]
      },
      "properties": {
        "highway": "elevator",
        "indoor": "yes",
        "level": "1;4",
        "osm_id": 10960142949,
        "osm_type": "node"
      }
    },
    {
      "type": "Feature",
      "geometry": {
        "type": "Point",
        "coordinates": [
          -0.4513414,
          51.4685573
        ]
      },
      "properties": {
        "highway": "elevator",
        "indoor": "yes",
        "level": "1;4",
        "osm_id": 10960142951,
        "osm_type": "node"
      }
    },
    {
      "type": "Feature",
      "geometry": {
        "type": "Point",
        "coordinates": [
          -0.4514171,
          51.4684818
        ]
      },
      "properties": {
        "highway": "elevator",
        "indoor": "yes",
        "level": "1;4",
        "osm_id": 10960142956,
        "osm_type": "node"
      }
    },
    {
      "type": "Feature",
      "geometry": {
        "type": "Point",
        "coordinates": [
          -0.4507358,
          51.468474
        ]
      },
      "properties": {
        "highway": "elevator",
        "indoor": "yes",
        "level": "1;4",
        "osm_id": 10960142959,
        "osm_type": "node"
      }
    },
    {
      "type": "Feature",
      "geometry": {
        "type": "Point",
        "coordinates": [
          -0.4492968,
          51.4686911
        ]
      },
      "properties": {
        "highway": "elevator",
        "indoor": "yes",
        "level": "1;4",
        "osm_id": 10960142998,
        "osm_type": "node"
      }
    },
    {
      "type": "Feature",
      "geometry": {
        "type": "Point",
        "coordinates": [
          -0.4489803,
          51.4703803
        ]
      },
      "properties": {
        "highway": "elevator",
        "indoor": "yes",
        "level": "1;4",
        "osm_id": 10960145307,
        "osm_type": "node"
      }
    },
    {
      "type": "Feature",
      "geometry": {
        "type": "Point",
        "coordinates": [
          -0.4490541,
          51.4703795
        ]
      },
      "properties": {
        "highway": "elevator",
        "indoor": "yes",
        "level": "1;4",
        "osm_id": 10960145308,
        "osm_type": "node"
      }
    },
    {
      "type": "Feature",
      "geometry": {
        "type": "Point",
        "coordinates": [
          -0.4485991,
          51.470043
        ]
      },
      "properties": {
        "highway": "elevator",
        "indoor": "yes",
        "level": "4;5",
        "osm_id": 10960145311,
        "osm_type": "node"
      }
    },
    {
      "type": "Feature",
      "geometry": {
        "type": "Point",
        "coordinates": [
          -0.4485528,
          51.4693345
        ]
      },
      "properties": {
        "highway": "elevator",
        "indoor": "yes",
        "level": "4;5",
        "osm_id": 10960145322,
        "osm_type": "node"
      }
    },
    {
      "type": "Feature",
      "geometry": {
        "type": "Point",
        "coordinates": [
          -0.4498608,
          51.4689727
        ]
      },
      "properties": {
        "highway": "elevator",
        "indoor": "yes",
        "level": "4;1",
        "osm_id": 10960145345,
        "osm_type": "node"
      }
    },
    {
      "type": "Feature",
      "geometry": {
        "type": "Point",
        "coordinates": [
          -0.4499208,
          51.4689376
        ]
      },
      "properties": {
        "highway": "elevator",
        "indoor": "yes",
        "level": "0;1;4",
        "osm_id": 10960145346,
        "osm_type": "node"
      }
    },
    {
      "type": "Feature",
      "geometry": {
        "type": "Point",
        "coordinates": [
          -0.4498601,
          51.4690111
        ]
      },
      "properties": {
        "highway": "elevator",
        "indoor": "yes",
        "level": "4;1",
        "osm_id": 10960145347,
        "osm_type": "node"
      }
    },
    {
      "type": "Feature",
      "geometry": {
        "type": "Point",
        "coordinates": [
          -0.4498608,
          51.4689388
        ]
      },
      "properties": {
        "highway": "elevator",
        "indoor": "yes",
        "level": "0;1;4",
        "osm_id": 10960145348,
        "osm_type": "node"
      }
    },
    {
      "type": "Feature",
      "geometry": {
        "type": "Point",
        "coordinates": [
          -0.4484399,
          51.4689704
        ]
      },
      "properties": {
        "highway": "elevator",
        "indoor": "yes",
        "level": "0;1;4",
        "osm_id": 10960145361,
        "osm_type": "node"
      }
    },
    {
      "type": "Feature",
      "geometry": {
        "type": "Point",
        "coordinates": [
          -0.4485401,
          51.469022
        ]
      },
      "properties": {
        "highway": "elevator",
        "indoor": "yes",
        "level": "0;1;4",
        "osm_id": 10960145363,
        "osm_type": "node"
      }
    },
    {
      "type": "Feature",
      "geometry": {
        "type": "Point",
        "coordinates": [
          -0.4476332,
          51.4690308
        ]
      },
      "properties": {
        "highway": "elevator",
        "indoor": "yes",
        "level": "1;4",
        "osm_id": 10960145375,
        "osm_type": "node"
      }
    },
    {
      "type": "Feature",
      "geometry": {
        "type": "Point",
        "coordinates": [
          -0.4475423,
          51.4690701
        ]
      },
      "properties": {
        "highway": "elevator",
        "indoor": "yes",
        "level": "1;4",
        "osm_id": 10960145376,
        "osm_type": "node"
      }
    },
    {
      "type": "Feature",
      "geometry": {
        "type": "Point",
        "coordinates": [
          -0.4480594,
          51.4694514
        ]
      },
      "properties": {
        "highway": "elevator",
        "indoor": "yes",
        "level": "0;4",
        "osm_id": 10960145380,
        "osm_type": "node"
      }
    },
    {
      "type": "Feature",
      "geometry": {
        "type": "Point",
        "coordinates": [
          -0.4480582,
          51.4694848
        ]
      },
      "properties": {
        "highway": "elevator",
        "indoor": "yes",
        "level": "0;4",
        "osm_id": 10960145383,
        "osm_type": "node"
      }
    },
    {
      "type": "Feature",
      "geometry": {
        "type": "Point",
        "coordinates": [
          -0.4476951,
          51.4698769
        ]
      },
      "properties": {
        "highway": "elevator",
        "indoor": "yes",
        "level": "1;4",
        "osm_id": 10960145388,
        "osm_type": "node"
      }
    },
    {
      "type": "Feature",
      "geometry": {
        "type": "Point",
        "coordinates": [
          -0.4475563,
          51.4698389
        ]
      },
      "properties": {
        "highway": "elevator",
        "indoor": "yes",
        "level": "1;4",
        "osm_id": 10960145391,
        "osm_type": "node"
      }
    },
    {
      "type": "Feature",
      "geometry": {
        "type": "Point",
        "coordinates": [
          -0.4479004,
          51.4700436
        ]
      },
      "properties": {
        "highway": "elevator",
        "indoor": "yes",
        "level": "0;1",
        "osm_id": 10960145416,
        "osm_type": "node"
      }
    },
    {
      "type": "Feature",
      "geometry": {
        "type": "Point",
        "coordinates": [
          -0.4478994,
          51.4700796
        ]
      },
      "properties": {
        "highway": "elevator",
        "indoor": "yes",
        "level": "0;1",
        "osm_id": 10960145421,
        "osm_type": "node"
      }
    },
    {
      "type": "Feature",
      "geometry": {
        "type": "Point",
        "coordinates": [
          -0.4472078,
          51.4705781
        ]
      },
      "properties": {
        "highway": "elevator",
        "indoor": "yes",
        "level": "-2;-1;0;4",
        "osm_id": 10960145460,
        "osm_type": "node"
      }
    },
    {
      "type": "Feature",
      "geometry": {
        "type": "Point",
        "coordinates": [
          -0.4473651,
          51.4703636
        ]
      },
      "properties": {
        "highway": "elevator",
        "indoor": "yes",
        "level": "-1;0;1",
        "osm_id": 10960145469,
        "osm_type": "node"
      }
    },
    {
      "type": "Feature",
      "geometry": {
        "type": "Point",
        "coordinates": [
          -0.4471349,
          51.4704864
        ]
      },
      "properties": {
        "highway": "elevator",
        "indoor": "yes",
        "level": "-2;-1;0;4",
        "osm_id": 10960145471,
        "osm_type": "node"
      }
    },
    {
      "type": "Feature",
      "geometry": {
        "type": "Point",
        "coordinates": [
          -0.4471346,
          51.470464
        ]
      },
      "properties": {
        "highway": "elevator",
        "indoor": "yes",
        "level": "-2;-1;0;4",
        "osm_id": 10960145472,
        "osm_type": "node"
      }
    },
    {
      "type": "Feature",
      "geometry": {
        "type": "Point",
        "coordinates": [
          -0.4562612,
          51.470306
        ]
      },
      "properties": {
        "highway": "elevator",
        "indoor": "yes",
        "level": "-1;0;1",
        "osm_id": 10960173462,
        "osm_type": "node"
      }
    },
    {
      "type": "Feature",
      "geometry": {
        "type": "Point",
        "coordinates": [
          -0.4562894,
          51.4703302
        ]
      },
      "properties": {
        "highway": "elevator",
        "indoor": "yes",
        "level": "-1;0",
        "osm_id": 10960173463,
        "osm_type": "node"
      }
    },
    {
      "type": "Feature",
      "geometry": {
        "type": "Point",
        "coordinates": [
          -0.4563269,
          51.470362
        ]
      },
      "properties": {
        "highway": "elevator",
        "indoor": "yes",
        "level": "-1;0",
        "osm_id": 10960173464,
        "osm_type": "node"
      }
    },
    {
      "type": "Feature",
      "geometry": {
        "type": "Point",
        "coordinates": [
          -0.4563645,
          51.4703929
        ]
      },
      "properties": {
        "highway": "elevator",
        "indoor": "yes",
        "level": "-1;0",
        "osm_id": 10960173465,
        "osm_type": "node"
      }
    },
    {
      "type": "Feature",
      "geometry": {
        "type": "Point",
        "coordinates": [
          -0.4572868,
          51.4700629
        ]
      },
      "properties": {
        "highway": "elevator",
        "indoor": "yes",
        "level": "0;1",
        "osm_id": 10960173478,
        "osm_type": "node"
      }
    },
    {
      "type": "Feature",
      "geometry": {
        "type": "Point",
        "coordinates": [
          -0.457327,
          51.4700967
        ]
      },
      "properties": {
        "highway": "elevator",
        "indoor": "yes",
        "level": "0;1",
        "osm_id": 10960173479,
        "osm_type": "node"
      }
    },
    {
      "type": "Feature",
      "geometry": {
        "type": "Point",
        "coordinates": [
          -0.4570169,
          51.4698106
        ]
      },
      "properties": {
        "highway": "elevator",
        "indoor": "yes",
        "level": "0;1",
        "osm_id": 10960203686,
        "osm_type": "node"
      }
    },
    {
      "type": "Feature",
      "geometry": {
        "type": "Point",
        "coordinates": [
          -0.4429185,
          51.4690738
        ]
      },
      "properties": {
        "highway": "elevator",
        "indoor": "yes",
        "level": "1;2",
        "osm_id": 10961328587,
        "osm_type": "node"
      }
    },
    {
      "type": "Feature",
      "geometry": {
        "type": "Point",
        "coordinates": [
          -0.4432216,
          51.4690779
        ]
      },
      "properties": {
        "highway": "elevator",
        "indoor": "yes",
        "level": "1;2",
        "osm_id": 10961328588,
        "osm_type": "node"
      }
    },
    {
      "type": "Feature",
      "geometry": {
        "type": "Point",
        "coordinates": [
          -0.4429682,
          51.4735489
        ]
      },
      "properties": {
        "highway": "elevator",
        "indoor": "yes",
        "level": "1;2",
        "osm_id": 10961347105,
        "osm_type": "node"
      }
    },
    {
      "type": "Feature",
      "geometry": {
        "type": "Point",
        "coordinates": [
          -0.4425283,
          51.473188
        ]
      },
      "properties": {
        "highway": "elevator",
        "indoor": "yes",
        "level": "1;2",
        "osm_id": 10961347114,
        "osm_type": "node"
      }
    },
    {
      "type": "Feature",
      "geometry": {
        "type": "Point",
        "coordinates": [
          -0.4436736,
          51.4729775
        ]
      },
      "properties": {
        "highway": "elevator",
        "indoor": "yes",
        "level": "1;2",
        "osm_id": 10961347124,
        "osm_type": "node"
      }
    },
    {
      "type": "Feature",
      "geometry": {
        "type": "Point",
        "coordinates": [
          -0.4425216,
          51.4723919
        ]
      },
      "properties": {
        "highway": "elevator",
        "indoor": "yes",
        "level": "1;2",
        "osm_id": 10961347134,
        "osm_type": "node"
      }
    },
    {
      "type": "Feature",
      "geometry": {
        "type": "Point",
        "coordinates": [
          -0.4425162,
          51.4715875
        ]
      },
      "properties": {
        "highway": "elevator",
        "indoor": "yes",
        "level": "1;2",
        "osm_id": 10961347144,
        "osm_type": "node"
      }
    },
    {
      "type": "Feature",
      "geometry": {
        "type": "Point",
        "coordinates": [
          -0.4436561,
          51.4713786
        ]
      },
      "properties": {
        "highway": "elevator",
        "indoor": "yes",
        "level": "1;2",
        "osm_id": 10961347154,
        "osm_type": "node"
      }
    },
    {
      "type": "Feature",
      "geometry": {
        "type": "Point",
        "coordinates": [
          -0.4425417,
          51.4706995
        ]
      },
      "properties": {
        "highway": "elevator",
        "indoor": "yes",
        "level": "1;2",
        "osm_id": 10961347167,
        "osm_type": "node"
      }
    },
    {
      "type": "Feature",
      "geometry": {
        "type": "Point",
        "coordinates": [
          -0.4436669,
          51.4704973
        ]
      },
      "properties": {
        "highway": "elevator",
        "indoor": "yes",
        "level": "1;2",
        "osm_id": 10961347177,
        "osm_type": "node"
      }
    },
    {
      "type": "Feature",
      "geometry": {
        "type": "Point",
        "coordinates": [
          -0.4425377,
          51.469905
        ]
      },
      "properties": {
        "highway": "elevator",
        "indoor": "yes",
        "level": "1;2",
        "osm_id": 10961347187,
        "osm_type": "node"
      }
    },
    {
      "type": "Feature",
      "geometry": {
        "type": "Point",
        "coordinates": [
          -0.4436427,
          51.4696878
        ]
      },
      "properties": {
        "highway": "elevator",
        "indoor": "yes",
        "level": "1;2",
        "osm_id": 10961347197,
        "osm_type": "node"
      }
    },
    {
      "type": "Feature",
      "geometry": {
        "type": "Point",
        "coordinates": [
          -0.4432528,
          51.4735529
        ]
      },
      "properties": {
        "highway": "elevator",
        "indoor": "yes",
        "level": "1;2",
        "osm_id": 10961347206,
        "osm_type": "node"
      }
    },
    {
      "type": "Feature",
      "geometry": {
        "type": "Point",
        "coordinates": [
          -0.4429873,
          51.471207
        ]
      },
      "properties": {
        "highway": "elevator",
        "indoor": "yes",
        "level": "1;-1",
        "osm_id": 10961347211,
        "osm_type": "node"
      }
    },
    {
      "type": "Feature",
      "geometry": {
        "type": "Point",
        "coordinates": [
          -0.4429843,
          51.4711844
        ]
      },
      "properties": {
        "highway": "elevator",
        "indoor": "yes",
        "level": "-1;1;2",
        "osm_id": 10961347213,
        "osm_type": "node"
      }
    },
    {
      "type": "Feature",
      "geometry": {
        "type": "Point",
        "coordinates": [
          -0.4429816,
          51.4711552
        ]
      },
      "properties": {
        "highway": "elevator",
        "indoor": "yes",
        "level": "-1",
        "osm_id": 10961347217,
        "osm_type": "node"
      }
    },
    {
      "type": "Feature",
      "geometry": {
        "type": "Point",
        "coordinates": [
          -0.4429802,
          51.4711117
        ]
      },
      "properties": {
        "highway": "elevator",
        "indoor": "yes",
        "level": "-1",
        "osm_id": 10961347218,
        "osm_type": "node"
      }
    },
    {
      "type": "Feature",
      "geometry": {
        "type": "Point",
        "coordinates": [
          -0.4430626,
          51.4707674
        ]
      },
      "properties": {
        "highway": "elevator",
        "indoor": "yes",
        "level": "-1;1;2",
        "osm_id": 10961347229,
        "osm_type": "node"
      }
    },
    {
      "type": "Feature",
      "geometry": {
        "type": "Point",
        "coordinates": [
          -0.443198,
          51.4709002
        ]
      },
      "properties": {
        "highway": "elevator",
        "indoor": "yes",
        "level": "2;-1",
        "osm_id": 10961347230,
        "osm_type": "node"
      }
    },
    {
      "type": "Feature",
      "geometry": {
        "type": "Point",
        "coordinates": [
          -0.4431757,
          51.4706551
        ]
      },
      "properties": {
        "highway": "elevator",
        "indoor": "yes",
        "level": "-1;-2",
        "osm_id": 10961347257,
        "osm_type": "node"
      }
    },
    {
      "type": "Feature",
      "geometry": {
        "type": "Point",
        "coordinates": [
          -0.4430607,
          51.4707229
        ]
      },
      "properties": {
        "highway": "elevator",
        "indoor": "yes",
        "level": "-1;-2;1;2",
        "osm_id": 10961347269,
        "osm_type": "node"
      }
    },
    {
      "type": "Feature",
      "geometry": {
        "type": "Point",
        "coordinates": [
          -0.4474645,
          51.4684788
        ]
      },
      "properties": {
        "highway": "elevator",
        "indoor": "yes",
        "level": "1;4",
        "osm_id": 10961347278,
        "osm_type": "node"
      }
    },
    {
      "type": "Feature",
      "geometry": {
        "type": "Point",
        "coordinates": [
          -0.4472282,
          51.4684777
        ]
      },
      "properties": {
        "highway": "elevator",
        "indoor": "yes",
        "level": "1;4",
        "osm_id": 10961347281,
        "osm_type": "node"
      }
    },
    {
      "type": "Feature",
      "geometry": {
        "type": "Point",
        "coordinates": [
          -0.4482696,
          51.4686817
        ]
      },
      "properties": {
        "highway": "elevator",
        "indoor": "yes",
        "level": "1;4",
        "osm_id": 10961347296,
        "osm_type": "node"
      }
    },
    {
      "type": "Feature",
      "geometry": {
        "type": "Point",
        "coordinates": [
          -0.4482703,
          51.4686577
        ]
      },
      "properties": {
        "highway": "elevator",
        "indoor": "yes",
        "level": "1;4",
        "osm_id": 10961347299,
        "osm_type": "node"
      }
    },
    {
      "type": "Feature",
      "geometry": {
        "type": "Point",
        "coordinates": [
          -0.4460996,
          51.4604581
        ]
      },
      "properties": {
        "highway": "elevator",
        "indoor": "yes",
        "level": "1;2",
        "osm_id": 10961355800,
        "osm_type": "node"
      }
    },
    {
      "type": "Feature",
      "geometry": {
        "type": "Point",
        "coordinates": [
          -0.4458158,
          51.4609374
        ]
      },
      "properties": {
        "highway": "elevator",
        "indoor": "yes",
        "level": "1;2",
        "osm_id": 10961355803,
        "osm_type": "node"
      }
    },
    {
      "type": "Feature",
      "geometry": {
        "type": "Point",
        "coordinates": [
          -0.4457966,
          51.4609644
        ]
      },
      "properties": {
        "highway": "elevator",
        "indoor": "yes",
        "level": "1;2",
        "osm_id": 10961355907,
        "osm_type": "node"
      }
    },
    {
      "type": "Feature",
      "geometry": {
        "type": "Point",
        "coordinates": [
          -0.4563859,
          51.471666
        ]
      },
      "properties": {
        "highway": "elevator",
        "indoor": "yes",
        "level": "2;3;4;5;6",
        "osm_id": 10961414960,
        "osm_type": "node"
      }
    },
    {
      "type": "Feature",
      "geometry": {
        "type": "Point",
        "coordinates": [
          -0.4563725,
          51.4716524
        ]
      },
      "properties": {
        "highway": "elevator",
        "indoor": "yes",
        "level": "2;3;4;5;6",
        "osm_id": 10961414961,
        "osm_type": "node"
      }
    },
    {
      "type": "Feature",
      "geometry": {
        "type": "Point",
        "coordinates": [
          -0.4563608,
          51.4716405
        ]
      },
      "properties": {
        "highway": "elevator",
        "indoor": "yes",
        "level": "0;1;2;3;4;5;6",
        "osm_id": 10961414962,
        "osm_type": "node"
      }
    },
    {
      "type": "Feature",
      "geometry": {
        "type": "Point",
        "coordinates": [
          -0.4563504,
          51.4716305
        ]
      },
      "properties": {
        "highway": "elevator",
        "indoor": "yes",
        "level": "0;1;2;3;4;5;6",
        "osm_id": 10961414963,
        "osm_type": "node"
      }
    },
    {
      "type": "Feature",
      "geometry": {
        "type": "Point",
        "coordinates": [
          -0.4563354,
          51.4716161
        ]
      },
      "properties": {
        "highway": "elevator",
        "indoor": "yes",
        "level": "0;2;3;4;5;6",
        "osm_id": 10961414964,
        "osm_type": "node"
      }
    },
    {
      "type": "Feature",
      "geometry": {
        "type": "Point",
        "coordinates": [
          -0.4556688,
          51.4713494
        ]
      },
      "properties": {
        "highway": "elevator",
        "indoor": "yes",
        "level": "-2;-1",
        "osm_id": 10961414986,
        "osm_type": "node"
      }
    },
    {
      "type": "Feature",
      "geometry": {
        "type": "Point",
        "coordinates": [
          -0.4556987,
          51.4713348
        ]
      },
      "properties": {
        "highway": "elevator",
        "indoor": "yes",
        "level": "-2;-1",
        "osm_id": 10961414987,
        "osm_type": "node"
      }
    },
    {
      "type": "Feature",
      "geometry": {
        "type": "Point",
        "coordinates": [
          -0.4557318,
          51.4713224
        ]
      },
      "properties": {
        "highway": "elevator",
        "indoor": "yes",
        "level": "-2;-1",
        "osm_id": 10961414988,
        "osm_type": "node"
      }
    },
    {
      "type": "Feature",
      "geometry": {
        "type": "Point",
        "coordinates": [
          -0.4557935,
          51.4712956
        ]
      },
      "properties": {
        "highway": "elevator",
        "indoor": "yes",
        "level": "-2;-1",
        "osm_id": 10961414989,
        "osm_type": "node"
      }
    },
    {
      "type": "Feature",
      "geometry": {
        "type": "Point",
        "coordinates": [
          -0.4555209,
          51.4707621
        ]
      },
      "properties": {
        "highway": "elevator",
        "indoor": "yes",
        "level": "-1;0;2;3;4;5;6",
        "osm_id": 10961414992,
        "osm_type": "node"
      }
    },
    {
      "type": "Feature",
      "geometry": {
        "type": "Point",
        "coordinates": [
          -0.4555494,
          51.4707869
        ]
      },
      "properties": {
        "highway": "elevator",
        "indoor": "yes",
        "level": "-1;0;2;3;4;5;6",
        "osm_id": 10961414995,
        "osm_type": "node"
      }
    },
    {
      "type": "Feature",
      "geometry": {
        "type": "Point",
        "coordinates": [
          -0.4573696,
          51.4718669
        ]
      },
      "properties": {
        "highway": "elevator",
        "indoor": "yes",
        "level": "0;1",
        "osm_id": 10961425030,
        "osm_type": "node"
      }
    },
    {
      "type": "Feature",
      "geometry": {
        "type": "Point",
        "coordinates": [
          -0.4573468,
          51.4718439
        ]
      },
      "properties": {
        "highway": "elevator",
        "indoor": "yes",
        "level": "0;1",
        "osm_id": 10961425031,
        "osm_type": "node"
      }
    },
    {
      "type": "Feature",
      "geometry": {
        "type": "Point",
        "coordinates": [
          -0.457324,
          51.4718205
        ]
      },
      "properties": {
        "highway": "elevator",
        "indoor": "yes",
        "level": "0;1",
        "osm_id": 10961425032,
        "osm_type": "node"
      }
    },
    {
      "type": "Feature",
      "geometry": {
        "type": "Point",
        "coordinates": [
          -0.4573032,
          51.4717992
        ]
      },
      "properties": {
        "highway": "elevator",
        "indoor": "yes",
        "level": "0;1",
        "osm_id": 10961425034,
        "osm_type": "node"
      }
    },
    {
      "type": "Feature",
      "geometry": {
        "type": "Point",
        "coordinates": [
          -0.4585397,
          51.4712943
        ]
      },
      "properties": {
        "highway": "elevator",
        "indoor": "yes",
        "level": "0;1;2",
        "osm_id": 10961425050,
        "osm_type": "node"
      }
    },
    {
      "type": "Feature",
      "geometry": {
        "type": "Point",
        "coordinates": [
          -0.4585759,
          51.4712784
        ]
      },
      "properties": {
        "highway": "elevator",
        "indoor": "yes",
        "level": "0;1;2",
        "osm_id": 10961425053,
        "osm_type": "node"
      }
    },
    {
      "type": "Feature",
      "geometry": {
        "type": "Point",
        "coordinates": [
          -0.4579939,
          51.470529
        ]
      },
      "properties": {
        "highway": "elevator",
        "indoor": "yes",
        "level": "0;1",
        "osm_id": 10961425060,
        "osm_type": "node"
      }
    },
    {
      "type": "Feature",
      "geometry": {
        "type": "Point",
        "coordinates": [
          -0.4579657,
          51.4705023
        ]
      },
      "properties": {
        "highway": "elevator",
        "indoor": "yes",
        "level": "0;1",
        "osm_id": 10961425061,
        "osm_type": "node"
      }
    },
    {
      "type": "Feature",
      "geometry": {
        "type": "Point",
        "coordinates": [
          -0.4574866,
          51.4701709
        ]
      },
      "properties": {
        "highway": "elevator",
        "indoor": "yes",
        "level": "0;1",
        "osm_id": 10961425095,
        "osm_type": "node"
      }
    },
    {
      "type": "Feature",
      "geometry": {
        "type": "Point",
        "coordinates": [
          -0.4574675,
          51.4701537
        ]
      },
      "properties": {
        "highway": "elevator",
        "indoor": "yes",
        "level": "0;1",
        "osm_id": 10961425096,
        "osm_type": "node"
      }
    },
    {
      "type": "Feature",
      "geometry": {
        "type": "Point",
        "coordinates": [
          -0.4516594,
          51.4693248
        ]
      },
      "properties": {
        "highway": "elevator",
        "indoor": "yes",
        "level": "0;1;2;4;5",
        "osm_id": 10962964807,
        "osm_type": "node"
      }
    },
    {
      "type": "Feature",
      "geometry": {
        "type": "Point",
        "coordinates": [
          -0.4516597,
          51.4693107
        ]
      },
      "properties": {
        "highway": "elevator",
        "indoor": "yes",
        "level": "0;1;2;4;5",
        "osm_id": 10962964808,
        "osm_type": "node"
      }
    },
    {
      "type": "Feature",
      "geometry": {
        "type": "Point",
        "coordinates": [
          -0.4516599,
          51.4693178
        ]
      },
      "properties": {
        "highway": "elevator",
        "indoor": "yes",
        "level": "0;1;2;4;5",
        "osm_id": 10962964809,
        "osm_type": "node"
      }
    },
    {
      "type": "Feature",
      "geometry": {
        "type": "Point",
        "coordinates": [
          -0.4516594,
          51.469299
        ]
      },
      "properties": {
        "highway": "elevator",
        "indoor": "yes",
        "level": "0;1;2;4;5",
        "osm_id": 10962964811,
        "osm_type": "node"
      }
    },
    {
      "type": "Feature",
      "geometry": {
        "type": "Point",
        "coordinates": [
          -0.451659,
          51.4692916
        ]
      },
      "properties": {
        "highway": "elevator",
        "indoor": "yes",
        "level": "0;1;2;4;5",
        "osm_id": 10962964812,
        "osm_type": "node"
      }
    },
    {
      "type": "Feature",
      "geometry": {
        "type": "Point",
        "coordinates": [
          -0.4516587,
          51.4692841
        ]
      },
      "properties": {
        "highway": "elevator",
        "indoor": "yes",
        "level": "0;1;2;4;5",
        "osm_id": 10962964813,
        "osm_type": "node"
      }
    },
    {
      "type": "Feature",
      "geometry": {
        "type": "Point",
        "coordinates": [
          -0.4516594,
          51.4693037
        ]
      },
      "properties": {
        "highway": "elevator",
        "indoor": "yes",
        "level": "0;1;2;4;5",
        "osm_id": 10962964814,
        "osm_type": "node"
      }
    },
    {
      "type": "Feature",
      "geometry": {
        "type": "Point",
        "coordinates": [
          -0.4516802,
          51.4698146
        ]
      },
      "properties": {
        "highway": "elevator",
        "indoor": "yes",
        "level": "-1;0;1;5",
        "osm_id": 10962964880,
        "osm_type": "node"
      }
    },
    {
      "type": "Feature",
      "geometry": {
        "type": "Point",
        "coordinates": [
          -0.4516809,
          51.4698417
        ]
      },
      "properties": {
        "highway": "elevator",
        "indoor": "yes",
        "level": "-1;0;1;5",
        "osm_id": 10962964881,
        "osm_type": "node"
      }
    },
    {
      "type": "Feature",
      "geometry": {
        "type": "Point",
        "coordinates": [
          -0.4516802,
          51.4698668
        ]
      },
      "properties": {
        "highway": "elevator",
        "indoor": "yes",
        "level": "-1;0;1;5",
        "osm_id": 10962964882,
        "osm_type": "node"
      }
    },
    {
      "type": "Feature",
      "geometry": {
        "type": "Point",
        "coordinates": [
          -0.4516789,
          51.4698977
        ]
      },
      "properties": {
        "highway": "elevator",
        "indoor": "yes",
        "level": "-1;0;1;5",
        "osm_id": 10962964883,
        "osm_type": "node"
      }
    },
    {
      "type": "Feature",
      "geometry": {
        "type": "Point",
        "coordinates": [
          -0.4514875,
          51.4702951
        ]
      },
      "properties": {
        "highway": "elevator",
        "indoor": "yes",
        "level": "0;1;5",
        "osm_id": 10963006223,
        "osm_type": "node"
      }
    },
    {
      "type": "Feature",
      "geometry": {
        "type": "Point",
        "coordinates": [
          -0.4514886,
          51.4703227
        ]
      },
      "properties": {
        "highway": "elevator",
        "indoor": "yes",
        "level": "0;1;5",
        "osm_id": 10963006226,
        "osm_type": "node"
      }
    },
    {
      "type": "Feature",
      "geometry": {
        "type": "Point",
        "coordinates": [
          -0.451451,
          51.4693898
        ]
      },
      "properties": {
        "highway": "elevator",
        "indoor": "yes",
        "level": "0;1;5",
        "osm_id": 10963006231,
        "osm_type": "node"
      }
    },
    {
      "type": "Feature",
      "geometry": {
        "type": "Point",
        "coordinates": [
          -0.451452,
          51.4694171
        ]
      },
      "properties": {
        "highway": "elevator",
        "indoor": "yes",
        "level": "0;1;5",
        "osm_id": 10963006232,
        "osm_type": "node"
      }
    },
    {
      "type": "Feature",
      "geometry": {
        "type": "Point",
        "coordinates": [
          -0.451451,
          51.469367
        ]
      },
      "properties": {
        "highway": "elevator",
        "indoor": "yes",
        "level": "0;1;5",
        "osm_id": 10963006233,
        "osm_type": "node"
      }
    },
    {
      "type": "Feature",
      "geometry": {
        "type": "Point",
        "coordinates": [
          -0.4600253,
          51.4697351
        ]
      },
      "properties": {
        "highway": "elevator",
        "indoor": "yes",
        "level": "1;2",
        "osm_id": 10963024237,
        "osm_type": "node"
      }
    },
    {
      "type": "Feature",
      "geometry": {
        "type": "Point",
        "coordinates": [
          -0.4599905,
          51.4697046
        ]
      },
      "properties": {
        "highway": "elevator",
        "indoor": "yes",
        "level": "1;2",
        "osm_id": 10963024238,
        "osm_type": "node"
      }
    },
    {
      "type": "Feature",
      "geometry": {
        "type": "Point",
        "coordinates": [
          -0.4604666,
          51.4700049
        ]
      },
      "properties": {
        "highway": "elevator",
        "indoor": "yes",
        "level": "1;2",
        "osm_id": 10963024255,
        "osm_type": "node"
      }
    },
    {
      "type": "Feature",
      "geometry": {
        "type": "Point",
        "coordinates": [
          -0.4604317,
          51.4699744
        ]
      },
      "properties": {
        "highway": "elevator",
        "indoor": "yes",
        "level": "1;2",
        "osm_id": 10963024256,
        "osm_type": "node"
      }
    },
    {
      "type": "Feature",
      "geometry": {
        "type": "Point",
        "coordinates": [
          -0.459909,
          51.4702145
        ]
      },
      "properties": {
        "highway": "elevator",
        "indoor": "yes",
        "level": "1;2",
        "osm_id": 10963024263,
        "osm_type": "node"
      }
    },
    {
      "type": "Feature",
      "geometry": {
        "type": "Point",
        "coordinates": [
          -0.4598741,
          51.470184
        ]
      },
      "properties": {
        "highway": "elevator",
        "indoor": "yes",
        "level": "1;2",
        "osm_id": 10963024265,
        "osm_type": "node"
      }
    },
    {
      "type": "Feature",
      "geometry": {
        "type": "Point",
        "coordinates": [
          -0.4549921,
          51.4687997
        ]
      },
      "properties": {
        "highway": "elevator",
        "indoor": "yes",
        "level": "2;1",
        "osm_id": 10963024278,
        "osm_type": "node"
      }
    },
    {
      "type": "Feature",
      "geometry": {
        "type": "Point",
        "coordinates": [
          -0.4562769,
          51.4688064
        ]
      },
      "properties": {
        "highway": "elevator",
        "indoor": "yes",
        "level": "2;1",
        "osm_id": 10963024286,
        "osm_type": "node"
      }
    },
    {
      "type": "Feature",
      "geometry": {
        "type": "Point",
        "coordinates": [
          -0.4575657,
          51.4687855
        ]
      },
      "properties": {
        "highway": "elevator",
        "indoor": "yes",
        "level": "2;1",
        "osm_id": 10963024295,
        "osm_type": "node"
      }
    },
    {
      "type": "Feature",
      "geometry": {
        "type": "Point",
        "coordinates": [
          -0.4588515,
          51.4688106
        ]
      },
      "properties": {
        "highway": "elevator",
        "indoor": "yes",
        "level": "2;1",
        "osm_id": 10963024303,
        "osm_type": "node"
      }
    },
    {
      "type": "Feature",
      "geometry": {
        "type": "Point",
        "coordinates": [
          -0.4645865,
          51.4737275
        ]
      },
      "properties": {
        "highway": "elevator",
        "indoor": "yes",
        "level": "2;1",
        "osm_id": 10963030215,
        "osm_type": "node"
      }
    },
    {
      "type": "Feature",
      "geometry": {
        "type": "Point",
        "coordinates": [
          -0.4644929,
          51.4737262
        ]
      },
      "properties": {
        "highway": "elevator",
        "indoor": "yes",
        "level": "2;1",
        "osm_id": 10963030217,
        "osm_type": "node"
      }
    },
    {
      "type": "Feature",
      "geometry": {
        "type": "Point",
        "coordinates": [
          -0.4645794,
          51.4736097
        ]
      },
      "properties": {
        "highway": "elevator",
        "indoor": "yes",
        "level": "1;2",
        "osm_id": 10963030218,
        "osm_type": "node"
      }
    },
    {
      "type": "Feature",
      "geometry": {
        "type": "Point",
        "coordinates": [
          -0.4645653,
          51.4733292
        ]
      },
      "properties": {
        "highway": "elevator",
        "indoor": "yes",
        "level": "2;1",
        "osm_id": 10963030227,
        "osm_type": "node"
      }
    },
    {
      "type": "Feature",
      "geometry": {
        "type": "Point",
        "coordinates": [
          -0.4644718,
          51.473328
        ]
      },
      "properties": {
        "highway": "elevator",
        "indoor": "yes",
        "level": "2;1",
        "osm_id": 10963030229,
        "osm_type": "node"
      }
    },
    {
      "type": "Feature",
      "geometry": {
        "type": "Point",
        "coordinates": [
          -0.4626244,
          51.4734048
        ]
      },
      "properties": {
        "highway": "elevator",
        "indoor": "yes",
        "level": "2;1",
        "osm_id": 10963030238,
        "osm_type": "node"
      }
    },
    {
      "type": "Feature",
      "geometry": {
        "type": "Point",
        "coordinates": [
          -0.4621882,
          51.4730076
        ]
      },
      "properties": {
        "highway": "elevator",
        "indoor": "yes",
        "level": "2;1",
        "osm_id": 10963030246,
        "osm_type": "node"
      }
    },
    {
      "type": "Feature",
      "geometry": {
        "type": "Point",
        "coordinates": [
          -0.4619719,
          51.4728006
        ]
      },
      "properties": {
        "highway": "elevator",
        "indoor": "yes",
        "level": "2;1",
        "osm_id": 10963030249,
        "osm_type": "node"
      }
    },
    {
      "type": "Feature",
      "geometry": {
        "type": "Point",
        "coordinates": [
          -0.4622009,
          51.4725637
        ]
      },
      "properties": {
        "highway": "elevator",
        "indoor": "yes",
        "level": "1;2",
        "osm_id": 10963030261,
        "osm_type": "node"
      }
    },
    {
      "type": "Feature",
      "geometry": {
        "type": "Point",
        "coordinates": [
          -0.4611629,
          51.4716033
        ]
      },
      "properties": {
        "highway": "elevator",
        "indoor": "yes",
        "level": "1;2",
        "osm_id": 10963030264,
        "osm_type": "node"
      }
    },
    {
      "type": "Feature",
      "geometry": {
        "type": "Point",
        "coordinates": [
          -0.4609665,
          51.4714931
        ]
      },
      "properties": {
        "highway": "elevator",
        "indoor": "yes",
        "level": "1;2",
        "osm_id": 10963030274,
        "osm_type": "node"
      }
    },
    {
      "type": "Feature",
      "geometry": {
        "type": "Point",
        "coordinates": [
          -0.4604059,
          51.4710328
        ]
      },
      "properties": {
        "highway": "elevator",
        "indoor": "yes",
        "level": "1;2",
        "osm_id": 10963030278,
        "osm_type": "node"
      }
    },
    {
      "type": "Feature",
      "geometry": {
        "type": "Point",
        "coordinates": [
          -0.4615993,
          51.4724883
        ]
      },
      "properties": {
        "highway": "elevator",
        "indoor": "yes",
        "level": "1;2",
        "osm_id": 10963030305,
        "osm_type": "node"
      }
    },
    {
      "type": "Feature",
      "geometry": {
        "type": "Point",
        "coordinates": [
          -0.4611817,
          51.4722265
        ]
      },
      "properties": {
        "highway": "elevator",
        "indoor": "yes",
        "level": "0;1",
        "osm_id": 10963030317,
        "osm_type": "node"
      }
    },
    {
      "type": "Feature",
      "geometry": {
        "type": "Point",
        "coordinates": [
          -0.4610489,
          51.4720971
        ]
      },
      "properties": {
        "highway": "elevator",
        "indoor": "yes",
        "level": "0;1",
        "osm_id": 10963030318,
        "osm_type": "node"
      }
    },
    {
      "type": "Feature",
      "geometry": {
        "type": "Point",
        "coordinates": [
          -0.4604615,
          51.4714388
        ]
      },
      "properties": {
        "highway": "elevator",
        "indoor": "yes",
        "level": "1;2",
        "osm_id": 10963030328,
        "osm_type": "node"
      }
    },
    {
      "type": "Feature",
      "geometry": {
        "type": "Point",
        "coordinates": [
          -0.4604186,
          51.4714563
        ]
      },
      "properties": {
        "highway": "elevator",
        "indoor": "yes",
        "level": "1;2",
        "osm_id": 10963030329,
        "osm_type": "node"
      }
    },
    {
      "type": "Feature",
      "geometry": {
        "type": "Point",
        "coordinates": [
          -0.4596502,
          51.4709835
        ]
      },
      "properties": {
        "highway": "elevator",
        "indoor": "yes",
        "level": "1;2",
        "osm_id": 10963030354,
        "osm_type": "node"
      }
    },
    {
      "type": "Feature",
      "geometry": {
        "type": "Point",
        "coordinates": [
          -0.4602014,
          51.4715098
        ]
      },
      "properties": {
        "highway": "elevator",
        "indoor": "yes",
        "level": "0;1",
        "osm_id": 10963030357,
        "osm_type": "node"
      }
    },
    {
      "type": "Feature",
      "geometry": {
        "type": "Point",
        "coordinates": [
          -0.4597544,
          51.4709177
        ]
      },
      "properties": {
        "highway": "elevator",
        "indoor": "yes",
        "level": "0;2",
        "osm_id": 10963030361,
        "osm_type": "node"
      }
    },
    {
      "type": "Feature",
      "geometry": {
        "type": "Point",
        "coordinates": [
          -0.4598212,
          51.4708903
        ]
      },
      "properties": {
        "highway": "elevator",
        "indoor": "yes",
        "level": "0;2",
        "osm_id": 10963030362,
        "osm_type": "node"
      }
    },
    {
      "type": "Feature",
      "geometry": {
        "type": "Point",
        "coordinates": [
          -0.4812607,
          51.4706951
        ]
      },
      "properties": {
        "brand": "InMotion",
        "brand:wikidata": "Q109648041",
        "level": "2",
        "name": "InMotion",
        "shop": "electronics",
        "osm_id": 11226417966,
        "osm_type": "node"
      }
    },
    {
      "type": "Feature",
      "geometry": {
        "type": "Point",
        "coordinates": [
          -0.4812017,
          51.4714765
        ]
      },
      "properties": {
        "amenity": "cafe",
        "brand": "Starbucks",
        "brand:wikidata": "Q37158",
        "check_date": "2026-06-22",
        "cuisine": "coffee_shop",
        "diet:vegetarian": "yes",
        "indoor_seating": "yes",
        "level": "2",
        "name": "Starbucks",
        "official_name": "Starbucks Coffee",
        "outdoor_seating": "no",
        "takeaway": "yes",
        "osm_id": 11226429832,
        "osm_type": "node"
      }
    },
    {
      "type": "Feature",
      "geometry": {
        "type": "Point",
        "coordinates": [
          -0.4813015,
          51.4712371
        ]
      },
      "properties": {
        "level": "2",
        "name": "Be relax",
        "shop": "massage",
        "osm_id": 11226448952,
        "osm_type": "node"
      }
    },
    {
      "type": "Feature",
      "geometry": {
        "type": "Point",
        "coordinates": [
          -0.4812751,
          51.470756
        ]
      },
      "properties": {
        "level": "2",
        "name": "Collection",
        "shop": "gift",
        "osm_id": 11226461560,
        "osm_type": "node"
      }
    },
    {
      "type": "Feature",
      "geometry": {
        "type": "Point",
        "coordinates": [
          -0.4812594,
          51.4706382
        ]
      },
      "properties": {
        "brand": "Sunglass Hut",
        "brand:wikidata": "Q136311",
        "level": "2",
        "name": "Sunglass Hut",
        "shop": "optician",
        "osm_id": 11226466799,
        "osm_type": "node"
      }
    },
    {
      "type": "Feature",
      "geometry": {
        "type": "Point",
        "coordinates": [
          -0.4813202,
          51.4711136
        ]
      },
      "properties": {
        "brand": "WHSmith",
        "brand:website": "https://www.whsmithplc.co.uk/",
        "brand:wikidata": "Q1548712",
        "check_date": "2026-06-22",
        "level": "2",
        "name": "WHSmith",
        "shop": "newsagent",
        "osm_id": 11226468558,
        "osm_type": "node"
      }
    },
    {
      "type": "Feature",
      "geometry": {
        "type": "Point",
        "coordinates": [
          -0.4813048,
          51.4710247
        ]
      },
      "properties": {
        "level": "2",
        "name": "Case",
        "shop": "bag",
        "osm_id": 11226470352,
        "osm_type": "node"
      }
    },
    {
      "type": "Feature",
      "geometry": {
        "type": "Point",
        "coordinates": [
          -0.4812772,
          51.4708678
        ]
      },
      "properties": {
        "brand": "World Duty Free",
        "brand:wikidata": "Q15911908",
        "level": "2",
        "name": "World Duty Free",
        "shop": "department_store",
        "toilets": "no",
        "osm_id": 11226471640,
        "osm_type": "node"
      }
    },
    {
      "type": "Feature",
      "geometry": {
        "type": "Point",
        "coordinates": [
          -0.481266,
          51.4705782
        ]
      },
      "properties": {
        "brand": "Boots",
        "brand:wikidata": "Q6123139",
        "level": "2",
        "name": "Boots",
        "shop": "chemist",
        "osm_id": 11226472406,
        "osm_type": "node"
      }
    },
    {
      "type": "Feature",
      "geometry": {
        "type": "Point",
        "coordinates": [
          -0.4459339,
          51.4610394
        ]
      },
      "properties": {
        "level": "2",
        "name": "Smythson",
        "shop": "bag",
        "osm_id": 11227426290,
        "osm_type": "node"
      }
    },
    {
      "type": "Feature",
      "geometry": {
        "type": "Point",
        "coordinates": [
          -0.4868503,
          51.4702432
        ]
      },
      "properties": {
        "amenity": "toilets",
        "check_date": "2023-10-08",
        "fee": "no",
        "indoor": "yes",
        "level": "1",
        "level_ref": "1",
        "toilets:disposal": "flush",
        "toilets:handwashing": "yes",
        "toilets:position": "seated;urinal",
        "osm_id": 11247569544,
        "osm_type": "node"
      }
    },
    {
      "type": "Feature",
      "geometry": {
        "type": "Point",
        "coordinates": [
          -0.4811712,
          51.4719828
        ]
      },
      "properties": {
        "access": "customers",
        "amenity": "toilets",
        "changing_table": "yes",
        "check_date": "2026-06-22",
        "wheelchair": "yes",
        "osm_id": 11295786292,
        "osm_type": "node"
      }
    },
    {
      "type": "Feature",
      "geometry": {
        "type": "Point",
        "coordinates": [
          -0.4471348,
          51.4705068
        ]
      },
      "properties": {
        "highway": "elevator",
        "indoor": "yes",
        "level": "-2;-1;0;4",
        "osm_id": 11517538098,
        "osm_type": "node"
      }
    },
    {
      "type": "Feature",
      "geometry": {
        "type": "Point",
        "coordinates": [
          -0.4472073,
          51.4705469
        ]
      },
      "properties": {
        "highway": "elevator",
        "indoor": "yes",
        "level": "-2;-1;0;4",
        "osm_id": 11517538099,
        "osm_type": "node"
      }
    },
    {
      "type": "Feature",
      "geometry": {
        "type": "Point",
        "coordinates": [
          -0.447207,
          51.4705247
        ]
      },
      "properties": {
        "highway": "elevator",
        "indoor": "yes",
        "level": "-2;-1;0;4",
        "osm_id": 11517538100,
        "osm_type": "node"
      }
    },
    {
      "type": "Feature",
      "geometry": {
        "type": "Point",
        "coordinates": [
          -0.4472066,
          51.4705015
        ]
      },
      "properties": {
        "highway": "elevator",
        "indoor": "yes",
        "level": "-2;-1;0;4",
        "osm_id": 11517538101,
        "osm_type": "node"
      }
    },
    {
      "type": "Feature",
      "geometry": {
        "type": "Point",
        "coordinates": [
          -0.4490705,
          51.4691353
        ]
      },
      "properties": {
        "amenity": "cafe",
        "brand": "Starbucks",
        "brand:wikidata": "Q37158",
        "cuisine": "coffee_shop",
        "level": "4",
        "name": "Starbucks",
        "official_name": "Starbucks Coffee",
        "takeaway": "yes",
        "website": "https://www.starbucks.com/store-locator/store/1048919/london-heathrow-t-2-airside-inner-ring-e-hounslow-eng-tw-6-1-ew-gb",
        "osm_id": 11634754092,
        "osm_type": "node"
      }
    },
    {
      "type": "Feature",
      "geometry": {
        "type": "Point",
        "coordinates": [
          -0.4493769,
          51.4691973
        ]
      },
      "properties": {
        "brand": "Hugo Boss",
        "brand:wikidata": "Q491627",
        "level": "4",
        "name": "Hugo Boss",
        "shop": "clothes",
        "short_name": "Boss",
        "osm_id": 11634754095,
        "osm_type": "node"
      }
    },
    {
      "type": "Feature",
      "geometry": {
        "type": "Point",
        "coordinates": [
          -0.4492715,
          51.4692381
        ]
      },
      "properties": {
        "brand": "Paul Smith",
        "brand:wikidata": "Q56356277",
        "level": "4",
        "name": "Paul Smith",
        "shop": "clothes",
        "osm_id": 11634762886,
        "osm_type": "node"
      }
    },
    {
      "type": "Feature",
      "geometry": {
        "type": "Point",
        "coordinates": [
          -0.4492825,
          51.4691178
        ]
      },
      "properties": {
        "brand": "Kurt Geiger",
        "brand:wikidata": "Q17063744",
        "level": "4",
        "name": "Kurt Geiger",
        "shop": "shoes",
        "osm_id": 11634762887,
        "osm_type": "node"
      }
    },
    {
      "type": "Feature",
      "geometry": {
        "type": "Point",
        "coordinates": [
          -0.4817544,
          51.4612397
        ]
      },
      "properties": {
        "addr:city": "Hounslow",
        "addr:housename": "Petrol Filling Station",
        "addr:postcode": "TW6 3PF",
        "addr:street": "Southern Perimeter Road",
        "amenity": "fast_food",
        "brand": "Greggs",
        "brand:wikidata": "Q3403981",
        "cuisine": "sandwich;bakery",
        "fhrs:id": "1645088",
        "name": "Greggs",
        "source:addr": "FHRS Open Data",
        "takeaway": "yes",
        "osm_id": 11967726683,
        "osm_type": "node"
      }
    },
    {
      "type": "Feature",
      "geometry": {
        "type": "Point",
        "coordinates": [
          -0.4484931,
          51.4690999
        ]
      },
      "properties": {
        "brand": "Kurt Geiger",
        "brand:wikidata": "Q17063744",
        "level": "4",
        "name": "Kurt Geiger",
        "shop": "shoes",
        "osm_id": 12206403367,
        "osm_type": "node"
      }
    },
    {
      "type": "Feature",
      "geometry": {
        "type": "Point",
        "coordinates": [
          -0.448541,
          51.4691347
        ]
      },
      "properties": {
        "brand": "Paul Smith",
        "brand:wikidata": "Q56356277",
        "level": "4",
        "name": "Paul Smith",
        "shop": "clothes",
        "osm_id": 12206462981,
        "osm_type": "node"
      }
    },
    {
      "type": "Feature",
      "geometry": {
        "type": "Point",
        "coordinates": [
          -0.4482667,
          51.4699687
        ]
      },
      "properties": {
        "level": "4",
        "name": "Glenmorangie",
        "shop": "alcohol",
        "osm_id": 12206492442,
        "osm_type": "node"
      }
    },
    {
      "type": "Feature",
      "geometry": {
        "type": "Point",
        "coordinates": [
          -0.4488041,
          51.469434
        ]
      },
      "properties": {
        "brand": "Tiffany & Company",
        "brand:wikidata": "Q1066858",
        "level": "4",
        "name": "Tiffany & Company",
        "official_name": "Tiffany & Co.",
        "shop": "jewelry",
        "osm_id": 12206492757,
        "osm_type": "node"
      }
    },
    {
      "type": "Feature",
      "geometry": {
        "type": "Point",
        "coordinates": [
          -0.4485342,
          51.4691069
        ]
      },
      "properties": {
        "brand": "Hugo Boss",
        "brand:wikidata": "Q491627",
        "level": "4",
        "name": "Hugo Boss",
        "shop": "clothes",
        "short_name": "Boss",
        "osm_id": 12206498740,
        "osm_type": "node"
      }
    },
    {
      "type": "Feature",
      "geometry": {
        "type": "Point",
        "coordinates": [
          -0.4486236,
          51.4692209
        ]
      },
      "properties": {
        "amenity": "cafe",
        "brand": "Starbucks",
        "brand:wikidata": "Q37158",
        "cuisine": "coffee_shop",
        "diet:vegan": "yes",
        "diet:vegetarian": "yes",
        "indoor_seating": "yes",
        "level": "4",
        "name": "Starbucks",
        "official_name": "Starbucks Coffee",
        "outdoor_seating": "no",
        "takeaway": "yes",
        "osm_id": 12206503055,
        "osm_type": "node"
      }
    },
    {
      "type": "Feature",
      "geometry": {
        "type": "Point",
        "coordinates": [
          -0.4483907,
          51.4697362
        ]
      },
      "properties": {
        "amenity": "atm",
        "indoor": "yes",
        "osm_id": 12206507096,
        "osm_type": "node"
      }
    },
    {
      "type": "Feature",
      "geometry": {
        "type": "Point",
        "coordinates": [
          -0.4485215,
          51.4691609
        ]
      },
      "properties": {
        "brand": "Burberry",
        "brand:wikidata": "Q390107",
        "clothes": "men;women",
        "level": "4",
        "name": "Burberry",
        "shop": "clothes",
        "osm_id": 12206507810,
        "osm_type": "node"
      }
    },
    {
      "type": "Feature",
      "geometry": {
        "type": "Point",
        "coordinates": [
          -0.4565415,
          51.4896068
        ]
      },
      "properties": {
        "addr:city": "West Drayton",
        "addr:housenumber": "361",
        "addr:postcode": "UB7 0HU",
        "addr:street": "Sipson Road",
        "amenity": "restaurant",
        "check_date": "2024-12-14",
        "cuisine": "indian",
        "fhrs:id": "1641951",
        "name": "Achari",
        "source:addr": "FHRS Open Data",
        "osm_id": 12422648054,
        "osm_type": "node"
      }
    },
    {
      "type": "Feature",
      "geometry": {
        "type": "Point",
        "coordinates": [
          -0.4490887,
          51.4694526
        ]
      },
      "properties": {
        "brand": "Paul Smith",
        "brand:wikidata": "Q56356277",
        "level": "4",
        "name": "Paul Smith",
        "shop": "clothes",
        "osm_id": 12459360371,
        "osm_type": "node"
      }
    },
    {
      "type": "Feature",
      "geometry": {
        "type": "Point",
        "coordinates": [
          -0.4491005,
          51.4696941
        ]
      },
      "properties": {
        "brand": "Dior",
        "brand:wikidata": "Q542767",
        "name": "Dior",
        "shop": "clothes",
        "osm_id": 12459382918,
        "osm_type": "node"
      }
    },
    {
      "type": "Feature",
      "geometry": {
        "type": "Point",
        "coordinates": [
          -0.4432764,
          51.4700431
        ]
      },
      "properties": {
        "amenity": "toilets",
        "changing_table": "yes",
        "fee": "no",
        "osm_id": 12459472026,
        "osm_type": "node"
      }
    },
    {
      "type": "Feature",
      "geometry": {
        "type": "Point",
        "coordinates": [
          -0.4579366,
          51.4706014
        ]
      },
      "properties": {
        "amenity": "cafe",
        "brand": "Caffè Nero",
        "brand:wikidata": "Q675808",
        "cuisine": "coffee_shop",
        "indoor_seating": "yes",
        "level": "1",
        "name": "Caffè Nero",
        "outdoor_seating": "no",
        "takeaway": "yes",
        "osm_id": 12567428296,
        "osm_type": "node"
      }
    },
    {
      "type": "Feature",
      "geometry": {
        "type": "Point",
        "coordinates": [
          -0.4580372,
          51.4706705
        ]
      },
      "properties": {
        "level": "0",
        "name": "Excess Baggage Company",
        "shop": "bag",
        "osm_id": 12567438219,
        "osm_type": "node"
      }
    },
    {
      "type": "Feature",
      "geometry": {
        "type": "Point",
        "coordinates": [
          -0.4571518,
          51.4698343
        ]
      },
      "properties": {
        "amenity": "toilets",
        "changing_table": "yes",
        "fee": "no",
        "wheelchair": "yes",
        "osm_id": 12567446088,
        "osm_type": "node"
      }
    },
    {
      "type": "Feature",
      "geometry": {
        "type": "Point",
        "coordinates": [
          -0.4571921,
          51.469931
        ]
      },
      "properties": {
        "amenity": "atm",
        "operator": "Travelex",
        "osm_id": 12567454619,
        "osm_type": "node"
      }
    },
    {
      "type": "Feature",
      "geometry": {
        "type": "Point",
        "coordinates": [
          -0.4592839,
          51.4705279
        ]
      },
      "properties": {
        "level": "1",
        "name": "Loewe",
        "shop": "bag",
        "osm_id": 12567767054,
        "osm_type": "node"
      }
    },
    {
      "type": "Feature",
      "geometry": {
        "type": "Point",
        "coordinates": [
          -0.4592164,
          51.4704514
        ]
      },
      "properties": {
        "alt_name": "Yves Saint Laurent",
        "brand": "Saint Laurent",
        "brand:wikidata": "Q2282172",
        "level": "1",
        "name": "Saint Laurent",
        "shop": "clothes",
        "short_name": "YSL",
        "osm_id": 12567777470,
        "osm_type": "node"
      }
    },
    {
      "type": "Feature",
      "geometry": {
        "type": "Point",
        "coordinates": [
          -0.4587378,
          51.4704244
        ]
      },
      "properties": {
        "information": "office",
        "name": "Shopping and Dining Information",
        "tourism": "information",
        "osm_id": 12567886206,
        "osm_type": "node"
      }
    },
    {
      "type": "Feature",
      "geometry": {
        "type": "Point",
        "coordinates": [
          -0.4581116,
          51.4698813
        ]
      },
      "properties": {
        "level": "1",
        "name": "Duty Free Cigarettes",
        "shop": "tobacco",
        "osm_id": 12568067135,
        "osm_type": "node"
      }
    },
    {
      "type": "Feature",
      "geometry": {
        "type": "Point",
        "coordinates": [
          -0.4761979,
          51.4717348
        ]
      },
      "properties": {
        "amenity": "toilets",
        "fee": "no",
        "female": "only",
        "fixme": "check level",
        "level": "1",
        "osm_id": 12722599533,
        "osm_type": "node"
      }
    },
    {
      "type": "Feature",
      "geometry": {
        "type": "Point",
        "coordinates": [
          -0.4760453,
          51.4717305
        ]
      },
      "properties": {
        "amenity": "toilets",
        "fee": "no",
        "fixme": "check level",
        "level": "1",
        "men": "yes",
        "osm_id": 12722633992,
        "osm_type": "node"
      }
    },
    {
      "type": "Feature",
      "geometry": {
        "type": "Point",
        "coordinates": [
          -0.4761033,
          51.4708132
        ]
      },
      "properties": {
        "level": "2",
        "name": "worlddutyfree",
        "shop": "tobacco",
        "osm_id": 12722663173,
        "osm_type": "node"
      }
    },
    {
      "type": "Feature",
      "geometry": {
        "type": "Point",
        "coordinates": [
          -0.4761177,
          51.4706996
        ]
      },
      "properties": {
        "amenity": "atm",
        "level": "2",
        "osm_id": 12722671713,
        "osm_type": "node"
      }
    },
    {
      "type": "Feature",
      "geometry": {
        "type": "Point",
        "coordinates": [
          -0.4574284,
          51.4705385
        ]
      },
      "properties": {
        "highway": "elevator",
        "level": "0;-1",
        "osm_id": 12843511595,
        "osm_type": "node"
      }
    },
    {
      "type": "Feature",
      "geometry": {
        "type": "Point",
        "coordinates": [
          -0.4557648,
          51.4713078
        ]
      },
      "properties": {
        "highway": "elevator",
        "osm_id": 12843511599,
        "osm_type": "node"
      }
    },
    {
      "type": "Feature",
      "geometry": {
        "type": "Point",
        "coordinates": [
          -0.4574655,
          51.4705681
        ]
      },
      "properties": {
        "highway": "elevator",
        "level": "0;-1",
        "osm_id": 12843514621,
        "osm_type": "node"
      }
    },
    {
      "type": "Feature",
      "geometry": {
        "type": "Point",
        "coordinates": [
          -0.4574112,
          51.4705261
        ]
      },
      "properties": {
        "highway": "elevator",
        "level": "0;-1",
        "osm_id": 12843514626,
        "osm_type": "node"
      }
    },
    {
      "type": "Feature",
      "geometry": {
        "type": "Point",
        "coordinates": [
          -0.4490529,
          51.4693636
        ]
      },
      "properties": {
        "brand": "Hugo Boss",
        "brand:wikidata": "Q491627",
        "level": "4",
        "name": "Hugo Boss",
        "shop": "clothes",
        "short_name": "Boss",
        "osm_id": 12985135354,
        "osm_type": "node"
      }
    },
    {
      "type": "Feature",
      "geometry": {
        "type": "Point",
        "coordinates": [
          -0.4483628,
          51.4693748
        ]
      },
      "properties": {
        "brand": "Louis Vuitton",
        "brand:wikidata": "Q191485",
        "level": "4",
        "name": "Louis Vuitton",
        "shop": "clothes",
        "osm_id": 12985141586,
        "osm_type": "node"
      }
    },
    {
      "type": "Feature",
      "geometry": {
        "type": "Point",
        "coordinates": [
          -0.4868343,
          51.4727366
        ]
      },
      "properties": {
        "highway": "elevator",
        "indoor": "yes",
        "level": "1;2",
        "osm_id": 13400797595,
        "osm_type": "node"
      }
    },
    {
      "type": "Feature",
      "geometry": {
        "type": "Point",
        "coordinates": [
          -0.4889446,
          51.4704831
        ]
      },
      "properties": {
        "highway": "elevator",
        "indoor": "yes",
        "level": "0;1;2;3",
        "level_ref": "0",
        "osm_id": 13400852705,
        "osm_type": "node"
      }
    },
    {
      "type": "Feature",
      "geometry": {
        "type": "Point",
        "coordinates": [
          -0.4890476,
          51.4704826
        ]
      },
      "properties": {
        "highway": "elevator",
        "indoor": "yes",
        "level": "0;1;2;3",
        "level_ref": "0",
        "osm_id": 13400852706,
        "osm_type": "node"
      }
    },
    {
      "type": "Feature",
      "geometry": {
        "type": "Point",
        "coordinates": [
          -0.489502,
          51.4710706
        ]
      },
      "properties": {
        "highway": "elevator",
        "indoor": "yes",
        "level": "0;1;1.5;2;2.5;3",
        "level_ref": "0",
        "osm_id": 13400852792,
        "osm_type": "node"
      }
    },
    {
      "type": "Feature",
      "geometry": {
        "type": "Point",
        "coordinates": [
          -0.4893871,
          51.472212
        ]
      },
      "properties": {
        "highway": "elevator",
        "indoor": "yes",
        "level": "-3;-1;0;3",
        "osm_id": 13400852991,
        "osm_type": "node"
      }
    },
    {
      "type": "Feature",
      "geometry": {
        "type": "Point",
        "coordinates": [
          -0.4894264,
          51.4722119
        ]
      },
      "properties": {
        "highway": "elevator",
        "indoor": "yes",
        "level": "-3;-1;0;3",
        "osm_id": 13400853004,
        "osm_type": "node"
      }
    },
    {
      "type": "Feature",
      "geometry": {
        "type": "Point",
        "coordinates": [
          -0.4893478,
          51.4722122
        ]
      },
      "properties": {
        "highway": "elevator",
        "indoor": "yes",
        "level": "-3;-1;0;3",
        "osm_id": 13400853015,
        "osm_type": "node"
      }
    },
    {
      "type": "Feature",
      "geometry": {
        "type": "Point",
        "coordinates": [
          -0.4892692,
          51.4722125
        ]
      },
      "properties": {
        "highway": "elevator",
        "indoor": "yes",
        "level": "-3;-1;0;3",
        "osm_id": 13400853016,
        "osm_type": "node"
      }
    },
    {
      "type": "Feature",
      "geometry": {
        "type": "Point",
        "coordinates": [
          -0.4893085,
          51.4722124
        ]
      },
      "properties": {
        "highway": "elevator",
        "indoor": "yes",
        "level": "-3;-1;0;3",
        "osm_id": 13400853017,
        "osm_type": "node"
      }
    },
    {
      "type": "Feature",
      "geometry": {
        "type": "Point",
        "coordinates": [
          -0.489272,
          51.4724926
        ]
      },
      "properties": {
        "highway": "elevator",
        "indoor": "yes",
        "level": "-3;-1;0;3",
        "osm_id": 13400853030,
        "osm_type": "node"
      }
    },
    {
      "type": "Feature",
      "geometry": {
        "type": "Point",
        "coordinates": [
          -0.4893113,
          51.4724924
        ]
      },
      "properties": {
        "highway": "elevator",
        "indoor": "yes",
        "level": "-3;-1;0;3",
        "osm_id": 13400853031,
        "osm_type": "node"
      }
    },
    {
      "type": "Feature",
      "geometry": {
        "type": "Point",
        "coordinates": [
          -0.4880641,
          51.4716465
        ]
      },
      "properties": {
        "highway": "elevator",
        "indoor": "yes",
        "level": "2;3",
        "osm_id": 13400853103,
        "osm_type": "node"
      }
    },
    {
      "type": "Feature",
      "geometry": {
        "type": "Point",
        "coordinates": [
          -0.4880641,
          51.4716699
        ]
      },
      "properties": {
        "highway": "elevator",
        "indoor": "yes",
        "level": "2;3",
        "osm_id": 13400853104,
        "osm_type": "node"
      }
    },
    {
      "type": "Feature",
      "geometry": {
        "type": "Point",
        "coordinates": [
          -0.4880641,
          51.4716961
        ]
      },
      "properties": {
        "highway": "elevator",
        "indoor": "yes",
        "level": "2;3",
        "osm_id": 13400853107,
        "osm_type": "node"
      }
    },
    {
      "type": "Feature",
      "geometry": {
        "type": "Point",
        "coordinates": [
          -0.4525164,
          51.4712627
        ]
      },
      "properties": {
        "name": "visitor centre",
        "shop": "ticket",
        "osm_id": 13411393531,
        "osm_type": "node"
      }
    },
    {
      "type": "Feature",
      "geometry": {
        "type": "Point",
        "coordinates": [
          -0.4576586,
          51.4703095
        ]
      },
      "properties": {
        "amenity": "atm",
        "level": "1",
        "operator": "Travelex",
        "osm_id": 13413948699,
        "osm_type": "node"
      }
    },
    {
      "type": "Feature",
      "geometry": {
        "type": "Point",
        "coordinates": [
          -0.4576905,
          51.4702969
        ]
      },
      "properties": {
        "amenity": "atm",
        "level": "1",
        "osm_id": 13414061537,
        "osm_type": "node"
      }
    },
    {
      "type": "Feature",
      "geometry": {
        "type": "Point",
        "coordinates": [
          -0.4584173,
          51.4690306
        ]
      },
      "properties": {
        "amenity": "toilets",
        "fee": "no",
        "level": "1",
        "toilets:disposal": "flush",
        "osm_id": 13414174095,
        "osm_type": "node"
      }
    },
    {
      "type": "Feature",
      "geometry": {
        "type": "Point",
        "coordinates": [
          -0.4508217,
          51.4694258
        ]
      },
      "properties": {
        "amenity": "atm",
        "operator": "Travelex",
        "osm_id": 13448401504,
        "osm_type": "node"
      }
    },
    {
      "type": "Feature",
      "geometry": {
        "type": "Point",
        "coordinates": [
          -0.4508164,
          51.4694109
        ]
      },
      "properties": {
        "amenity": "atm",
        "operator": "Travelex",
        "osm_id": 13448409812,
        "osm_type": "node"
      }
    },
    {
      "type": "Feature",
      "geometry": {
        "type": "Point",
        "coordinates": [
          -0.4508193,
          51.46942
        ]
      },
      "properties": {
        "amenity": "atm",
        "operator": "Travelex",
        "osm_id": 13448415495,
        "osm_type": "node"
      }
    },
    {
      "type": "Feature",
      "geometry": {
        "type": "Point",
        "coordinates": [
          -0.4875248,
          51.4731078
        ]
      },
      "properties": {
        "airside": "yes",
        "amenity": "toilets",
        "check_date": "2026-02-09",
        "fee": "no",
        "level": "3",
        "osm_id": 13538554314,
        "osm_type": "node"
      }
    },
    {
      "type": "Feature",
      "geometry": {
        "type": "Point",
        "coordinates": [
          -0.4874057,
          51.4730962
        ]
      },
      "properties": {
        "airside": "yes",
        "amenity": "fast_food",
        "brand": "Five Guys",
        "brand:wikidata": "Q1131810",
        "check_date": "2026-02-09",
        "cuisine": "burger",
        "level": "3",
        "name": "Five Guys",
        "official_name": "Five Guys Burgers and Fries",
        "takeaway": "yes",
        "osm_id": 13538554315,
        "osm_type": "node"
      }
    },
    {
      "type": "Feature",
      "geometry": {
        "type": "Point",
        "coordinates": [
          -0.4492767,
          51.4695311
        ]
      },
      "properties": {
        "brand": "Jo Malone",
        "brand:wikidata": "Q28940761",
        "check_date": "2026-03-14",
        "level": "5",
        "name": "Jo Malone",
        "shop": "perfumery",
        "osm_id": 13647297158,
        "osm_type": "node"
      }
    },
    {
      "type": "Feature",
      "geometry": {
        "type": "Point",
        "coordinates": [
          -0.4606282,
          51.4722456
        ]
      },
      "properties": {
        "amenity": "toilets",
        "female": "yes",
        "osm_id": 13721125862,
        "osm_type": "node"
      }
    },
    {
      "type": "Feature",
      "geometry": {
        "type": "Point",
        "coordinates": [
          -0.4605793,
          51.472269
        ]
      },
      "properties": {
        "amenity": "toilets",
        "male": "yes",
        "osm_id": 13721125864,
        "osm_type": "node"
      }
    },
    {
      "type": "Feature",
      "geometry": {
        "type": "Point",
        "coordinates": [
          -0.4581548,
          51.4688636
        ]
      },
      "properties": {
        "access": "customers",
        "amenity": "cafe",
        "contact:website": "https://emirates.com",
        "name": "Emirates Lounge",
        "osm_id": 13725687260,
        "osm_type": "node"
      }
    },
    {
      "type": "Feature",
      "geometry": {
        "type": "Point",
        "coordinates": [
          -0.4433346,
          51.4716794
        ]
      },
      "properties": {
        "amenity": "bar",
        "indoor_seating": "yes",
        "name": "United Club",
        "opening_hours": "Mo-Su 05:00-22:00",
        "outdoor_seating": "no",
        "smoking": "no",
        "wheelchair": "yes",
        "osm_id": 13813243152,
        "osm_type": "node"
      }
    },
    {
      "type": "Feature",
      "geometry": {
        "type": "Point",
        "coordinates": [
          -0.4429324,
          51.4726691
        ]
      },
      "properties": {
        "amenity": "toilets",
        "fee": "no",
        "wheelchair": "yes",
        "osm_id": 13814338182,
        "osm_type": "node"
      }
    }
  ]
}