{
  "type": "FeatureCollection",
  "features": [
    {
      "type": "Feature",
      "geometry": {
        "type": "Polygon",
        "coordinates": [
          [
            [
              -0.4880959,
              51.469855
            ],
            [
              -0.4874063,
              51.4695516
            ],
            [
              -0.487405,
              51.4695294
            ],
            [
              -0.487404,
              51.4693763
            ],
            [
              -0.4874478,
              51.4693762
            ],
            [
              -0.4874482,
              51.4694341
            ],
            [
              -0.4875147,
              51.4694339
            ],
            [
              -0.4875153,
              51.4695291
            ],
            [
              -0.4874525,
              51.4695293
            ],
            [
              -0.48746,
              51.4695391
            ],
            [
              -0.488152,
              51.4698548
            ],
            [
              -0.4883384,
              51.4698541
            ],
            [
              -0.4881282,
              51.4695274
            ],
            [
              -0.4881272,
              51.4693731
            ],
            [
              -0.4881717,
              51.469373
            ],
            [
              -0.488172,
              51.4694277
            ],
            [
              -0.4882334,
              51.4694275
            ],
            [
              -0.488234,
              51.4695272
            ],
            [
              -0.4881759,
              51.4695273
            ],
            [
              -0.4883733,
              51.469854
            ],
            [
              -0.4885583,
              51.4698538
            ],
            [
              -0.4889245,
              51.4694672
            ],
            [
              -0.4889241,
              51.4694564
            ],
            [
              -0.4889233,
              51.4693313
            ],
            [
              -0.4889678,
              51.4693311
            ],
            [
              -0.488968,
              51.4693606
            ],
            [
              -0.4890243,
              51.4693605
            ],
            [
              -0.4890249,
              51.4694562
            ],
            [
              -0.4889719,
              51.4694563
            ],
            [
              -0.4886013,
              51.4698537
            ],
            [
              -0.4891468,
              51.469853
            ],
            [
              -0.4891566,
              51.4704452
            ],
            [
              -0.4891634,
              51.4711007
            ],
            [
              -0.4891701,
              51.4717449
            ],
            [
              -0.4891764,
              51.472353
            ],
            [
              -0.4891782,
              51.4725225
            ],
            [
              -0.4891803,
              51.4727195
            ],
            [
              -0.4891868,
              51.4733527
            ],
            [
              -0.488646,
              51.4733548
            ],
            [
              -0.4893912,
              51.4739031
            ],
            [
              -0.4893899,
              51.4739307
            ],
            [
              -0.4894178,
              51.4739309
            ],
            [
              -0.4894177,
              51.4739495
            ],
            [
              -0.4894173,
              51.4740067
            ],
            [
              -0.489416,
              51.4740596
            ],
            [
              -0.4893696,
              51.4740586
            ],
            [
              -0.4893702,
              51.4740304
            ],
            [
              -0.4893198,
              51.4740293
            ],
            [
              -0.4893187,
              51.4739294
            ],
            [
              -0.4893516,
              51.47393
            ],
            [
              -0.4893509,
              51.4739119
            ],
            [
              -0.4886308,
              51.4733789
            ],
            [
              -0.4886013,
              51.473355
            ],
            [
              -0.488382,
              51.4733559
            ],
            [
              -0.4887739,
              51.473769
            ],
            [
              -0.4887753,
              51.473791
            ],
            [
              -0.4887987,
              51.4737913
            ],
            [
              -0.4887988,
              51.4738071
            ],
            [
              -0.4887992,
              51.4738645
            ],
            [
              -0.4887959,
              51.4739395
            ],
            [
              -0.4887617,
              51.4739389
            ],
            [
              -0.4887607,
              51.4739566
            ],
            [
              -0.4887358,
              51.4739552
            ],
            [
              -0.4886903,
              51.4739067
            ],
            [
              -0.4886847,
              51.4738913
            ],
            [
              -0.4886997,
              51.4738909
            ],
            [
              -0.4886986,
              51.4737895
            ],
            [
              -0.488731,
              51.4737901
            ],
            [
              -0.4887307,
              51.4737713
            ],
            [
              -0.4883407,
              51.473356
            ],
            [
              -0.4881227,
              51.4733569
            ],
            [
              -0.4881498,
              51.4737913
            ],
            [
              -0.488176,
              51.4737921
            ],
            [
              -0.4881758,
              51.4738093
            ],
            [
              -0.4881749,
              51.4738693
            ],
            [
              -0.4881746,
              51.4739417
            ],
            [
              -0.4881393,
              51.4739414
            ],
            [
              -0.4881386,
              51.4739582
            ],
            [
              -0.488116,
              51.4739589
            ],
            [
              -0.4880736,
              51.4739121
            ],
            [
              -0.488075,
              51.4737901
            ],
            [
              -0.4881104,
              51.4737907
            ],
            [
              -0.48809,
              51.473357
            ],
            [
              -0.4876171,
              51.4733589
            ],
            [
              -0.487342,
              51.4737431
            ],
            [
              -0.4873415,
              51.4737633
            ],
            [
              -0.4873675,
              51.4737635
            ],
            [
              -0.4873673,
              51.4737803
            ],
            [
              -0.4873667,
              51.4738393
            ],
            [
              -0.4873649,
              51.4739166
            ],
            [
              -0.4873274,
              51.4739171
            ],
            [
              -0.4873271,
              51.4739294
            ],
            [
              -0.4873059,
              51.4739294
            ],
            [
              -0.4872625,
              51.4738797
            ],
            [
              -0.4872677,
              51.4737627
            ],
            [
              -0.487301,
              51.473763
            ],
            [
              -0.4873017,
              51.4737444
            ],
            [
              -0.4875706,
              51.4733591
            ],
            [
              -0.4873676,
              51.4733599
            ],
            [
              -0.4864495,
              51.4738939
            ],
            [
              -0.4864338,
              51.4738934
            ],
            [
              -0.4864333,
              51.4739006
            ],
            [
              -0.486404,
              51.4739003
            ],
            [
              -0.4862304,
              51.4738988
            ],
            [
              -0.4862323,
              51.47387
            ],
            [
              -0.4862735,
              51.4738695
            ],
            [
              -0.4862751,
              51.4738387
            ],
            [
              -0.4864365,
              51.4738384
            ],
            [
              -0.4864352,
              51.4738659
            ],
            [
              -0.4873212,
              51.4733601
            ],
            [
              -0.4870965,
              51.473361
            ],
            [
              -0.4870898,
              51.4733756
            ],
            [
              -0.4864291,
              51.4735067
            ],
            [
              -0.4864288,
              51.4735131
            ],
            [
              -0.4864041,
              51.4735132
            ],
            [
              -0.4861858,
              51.4735135
            ],
            [
              -0.4861846,
              51.4734896
            ],
            [
              -0.4861648,
              51.4734886
            ],
            [
              -0.4861646,
              51.4734729
            ],
            [
              -0.4862482,
              51.4734495
            ],
            [
              -0.48643,
              51.4734529
            ],
            [
              -0.4864297,
              51.47348
            ],
            [
              -0.4870536,
              51.4733611
            ],
            [
              -0.486749,
              51.4733624
            ],
            [
              -0.4867436,
              51.4728281
            ],
            [
              -0.4867435,
              51.4728217
            ],
            [
              -0.4864474,
              51.4729992
            ],
            [
              -0.4864267,
              51.4729968
            ],
            [
              -0.4864263,
              51.4730111
            ],
            [
              -0.4863963,
              51.4730111
            ],
            [
              -0.4862778,
              51.4730107
            ],
            [
              -0.4861808,
              51.4730111
            ],
            [
              -0.4861815,
              51.472987
            ],
            [
              -0.4861609,
              51.4729866
            ],
            [
              -0.4861617,
              51.4729712
            ],
            [
              -0.4862375,
              51.4729447
            ],
            [
              -0.4864276,
              51.4729479
            ],
            [
              -0.4864271,
              51.4729746
            ],
            [
              -0.4867432,
              51.4727925
            ],
            [
              -0.4867391,
              51.4723781
            ],
            [
              -0.4864448,
              51.4726129
            ],
            [
              -0.4864234,
              51.4726117
            ],
            [
              -0.4864232,
              51.4726204
            ],
            [
              -0.4863933,
              51.4726202
            ],
            [
              -0.4861787,
              51.4726188
            ],
            [
              -0.486179,
              51.472594
            ],
            [
              -0.4861585,
              51.4725937
            ],
            [
              -0.4861581,
              51.4725801
            ],
            [
              -0.4862367,
              51.4725544
            ],
            [
              -0.4864243,
              51.4725599
            ],
            [
              -0.4864239,
              51.472582
            ],
            [
              -0.4867385,
              51.4723422
            ],
            [
              -0.4867354,
              51.4721669
            ],
            [
              -0.4864334,
              51.4722232
            ],
            [
              -0.4864199,
              51.4722191
            ],
            [
              -0.4864191,
              51.4722321
            ],
            [
              -0.4863925,
              51.472232
            ],
            [
              -0.4861745,
              51.4722313
            ],
            [
              -0.4861743,
              51.4722089
            ],
            [
              -0.4861544,
              51.4722086
            ],
            [
              -0.4861548,
              51.4721934
            ],
            [
              -0.4862395,
              51.4721674
            ],
            [
              -0.4864214,
              51.4721708
            ],
            [
              -0.4864206,
              51.4721956
            ],
            [
              -0.4864327,
              51.4721965
            ],
            [
              -0.4867352,
              51.4721442
            ],
            [
              -0.4867315,
              51.4717117
            ],
            [
              -0.4864152,
              51.4717118
            ],
            [
              -0.4864143,
              51.4717275
            ],
            [
              -0.4863886,
              51.4717275
            ],
            [
              -0.4861691,
              51.4717275
            ],
            [
              -0.4861699,
              51.4717045
            ],
            [
              -0.4861497,
              51.471704
            ],
            [
              -0.4861494,
              51.4716888
            ],
            [
              -0.4862346,
              51.471661
            ],
            [
              -0.4864139,
              51.4716636
            ],
            [
              -0.4864147,
              51.4716923
            ],
            [
              -0.4867313,
              51.4716906
            ],
            [
              -0.4867249,
              51.471063
            ],
            [
              -0.4864102,
              51.4710343
            ],
            [
              -0.4864099,
              51.4710509
            ],
            [
              -0.4863201,
              51.4710501
            ],
            [
              -0.4861628,
              51.4710487
            ],
            [
              -0.4861629,
              51.4710273
            ],
            [
              -0.4861429,
              51.4710272
            ],
            [
              -0.4861447,
              51.4710127
            ],
            [
              -0.4862353,
              51.4709842
            ],
            [
              -0.4864112,
              51.4709853
            ],
            [
              -0.4864107,
              51.4710111
            ],
            [
              -0.4867245,
              51.4710411
            ],
            [
              -0.4867215,
              51.4708678
            ],
            [
              -0.4864206,
              51.4707964
            ],
            [
              -0.4864206,
              51.4707746
            ],
            [
              -0.4867213,
              51.4708419
            ],
            [
              -0.4867192,
              51.4704121
            ],
            [
              -0.4864035,
              51.4703607
            ],
            [
              -0.4864034,
              51.4703732
            ],
            [
              -0.4863735,
              51.4703732
            ],
            [
              -0.4861583,
              51.4703733
            ],
            [
              -0.4861589,
              51.4703496
            ],
            [
              -0.4861352,
              51.4703493
            ],
            [
              -0.486136,
              51.4703343
            ],
            [
              -0.4862195,
              51.4703082
            ],
            [
              -0.4864044,
              51.4703103
            ],
            [
              -0.486404,
              51.4703323
            ],
            [
              -0.4867192,
              51.4703908
            ],
            [
              -0.4867193,
              51.4698591
            ],
            [
              -0.4870608,
              51.4698568
            ],
            [
              -0.4863979,
              51.4696968
            ],
            [
              -0.4863982,
              51.4697124
            ],
            [
              -0.4863069,
              51.469712
            ],
            [
              -0.4860985,
              51.4697109
            ],
            [
              -0.486069,
              51.4696885
            ],
            [
              -0.4860405,
              51.4696868
            ],
            [
              -0.4860092,
              51.4696631
            ],
            [
              -0.486017,
              51.4696595
            ],
            [
              -0.4860359,
              51.4696585
            ],
            [
              -0.4860369,
              51.4696459
            ],
            [
              -0.4863988,
              51.4696483
            ],
            [
              -0.4863985,
              51.469667
            ],
            [
              -0.4871297,
              51.4698576
            ],
            [
              -0.4871355,
              51.4698575
            ],
            [
              -0.4874535,
              51.4698567
            ],
            [
              -0.4863931,
              51.4695048
            ],
            [
              -0.4860431,
              51.4695069
            ],
            [
              -0.4860427,
              51.4694873
            ],
            [
              -0.4860419,
              51.4693552
            ],
            [
              -0.4860886,
              51.4693551
            ],
            [
              -0.4860888,
              51.4693923
            ],
            [
              -0.4861407,
              51.4693922
            ],
            [
              -0.4861413,
              51.4694871
            ],
            [
              -0.4864018,
              51.4694827
            ],
            [
              -0.487525,
              51.4698568
            ],
            [
              -0.487865,
              51.4698571
            ],
            [
              -0.4867304,
              51.4695537
            ],
            [
              -0.4867253,
              51.4695321
            ],
            [
              -0.4867244,
              51.4693988
            ],
            [
              -0.4867711,
              51.4693986
            ],
            [
              -0.4867713,
              51.4694359
            ],
            [
              -0.4868232,
              51.4694358
            ],
            [
              -0.4868238,
              51.4695318
            ],
            [
              -0.4867734,
              51.4695319
            ],
            [
              -0.4867787,
              51.4695391
            ],
            [
              -0.4879253,
              51.4698565
            ],
            [
              -0.4880959,
              51.469855
            ]
          ]
        ]
      },
      "properties": {
        "aeroway": "terminal",
        "alt_name": "London Heathrow Airport Terminal 5",
        "building": "airport_terminal",
        "height": "40",
        "layer": "1",
        "level": "0-4",
        "loc_name": "T5",
        "name": "Heathrow Terminal 5",
        "start_date": "2008-03-27",
        "wheelchair": "yes",
        "wikidata": "Q3783997",
        "wikipedia": "en:Heathrow Terminal 5",
        "osm_id": 23231957,
        "osm_type": "way"
      }
    },
    {
      "type": "Feature",
      "geometry": {
        "type": "Polygon",
        "coordinates": [
          [
            [
              -0.4808784,
              51.4702108
            ],
            [
              -0.4808719,
              51.4696209
            ],
            [
              -0.4806599,
              51.4695733
            ],
            [
              -0.4806282,
              51.4695738
            ],
            [
              -0.4806283,
              51.4695839
            ],
            [
              -0.4805098,
              51.4695843
            ],
            [
              -0.4805095,
              51.4695515
            ],
            [
              -0.4804682,
              51.4695516
            ],
            [
              -0.480468,
              51.4695187
            ],
            [
              -0.4806278,
              51.4695182
            ],
            [
              -0.4806281,
              51.4695504
            ],
            [
              -0.4806679,
              51.4695499
            ],
            [
              -0.4808717,
              51.4695971
            ],
            [
              -0.4808712,
              51.4695524
            ],
            [
              -0.4809542,
              51.469552
            ],
            [
              -0.4809476,
              51.4689423
            ],
            [
              -0.4809576,
              51.4689422
            ],
            [
              -0.4809509,
              51.4689255
            ],
            [
              -0.4806592,
              51.4688979
            ],
            [
              -0.4806228,
              51.4688971
            ],
            [
              -0.4806229,
              51.4689096
            ],
            [
              -0.480506,
              51.4689099
            ],
            [
              -0.4805057,
              51.468873
            ],
            [
              -0.4804628,
              51.4688731
            ],
            [
              -0.4804626,
              51.4688486
            ],
            [
              -0.4806224,
              51.4688481
            ],
            [
              -0.4806226,
              51.4688674
            ],
            [
              -0.4806572,
              51.4688674
            ],
            [
              -0.4809918,
              51.4689071
            ],
            [
              -0.4809992,
              51.4689421
            ],
            [
              -0.481543,
              51.4689398
            ],
            [
              -0.481543,
              51.4689108
            ],
            [
              -0.4817871,
              51.4687241
            ],
            [
              -0.4818228,
              51.4687227
            ],
            [
              -0.4819462,
              51.4687224
            ],
            [
              -0.4819465,
              51.4687512
            ],
            [
              -0.4819862,
              51.468751
            ],
            [
              -0.4819865,
              51.4687794
            ],
            [
              -0.4818232,
              51.4687799
            ],
            [
              -0.4818229,
              51.4687437
            ],
            [
              -0.4818072,
              51.4687446
            ],
            [
              -0.4815826,
              51.4689188
            ],
            [
              -0.4815833,
              51.4689396
            ],
            [
              -0.4815985,
              51.4689396
            ],
            [
              -0.4816051,
              51.4695493
            ],
            [
              -0.4816808,
              51.4695491
            ],
            [
              -0.4818642,
              51.46939
            ],
            [
              -0.4819037,
              51.4693894
            ],
            [
              -0.4820201,
              51.469389
            ],
            [
              -0.4820204,
              51.4694246
            ],
            [
              -0.4820654,
              51.4694244
            ],
            [
              -0.4820656,
              51.4694507
            ],
            [
              -0.4819042,
              51.4694512
            ],
            [
              -0.4819038,
              51.4694058
            ],
            [
              -0.4818857,
              51.4694092
            ],
            [
              -0.4817194,
              51.4695602
            ],
            [
              -0.4816805,
              51.4695648
            ],
            [
              -0.4816855,
              51.4700512
            ],
            [
              -0.481909,
              51.4700519
            ],
            [
              -0.4820254,
              51.4700515
            ],
            [
              -0.4820257,
              51.4700855
            ],
            [
              -0.4820707,
              51.4700854
            ],
            [
              -0.4820709,
              51.4701111
            ],
            [
              -0.4819095,
              51.4701116
            ],
            [
              -0.4819092,
              51.4700704
            ],
            [
              -0.4816857,
              51.4700737
            ],
            [
              -0.4816914,
              51.4705909
            ],
            [
              -0.4818951,
              51.4707036
            ],
            [
              -0.4819143,
              51.4707045
            ],
            [
              -0.4820307,
              51.4707041
            ],
            [
              -0.4820309,
              51.4707391
            ],
            [
              -0.482076,
              51.470739
            ],
            [
              -0.4820762,
              51.4707679
            ],
            [
              -0.4819148,
              51.4707684
            ],
            [
              -0.4819145,
              51.4707274
            ],
            [
              -0.481885,
              51.4707254
            ],
            [
              -0.4816916,
              51.4706134
            ],
            [
              -0.4816996,
              51.4713452
            ],
            [
              -0.481893,
              51.4713874
            ],
            [
              -0.4819198,
              51.4713882
            ],
            [
              -0.4820362,
              51.4713879
            ],
            [
              -0.4820364,
              51.4714182
            ],
            [
              -0.4820814,
              51.4714181
            ],
            [
              -0.4820817,
              51.471448
            ],
            [
              -0.4819202,
              51.4714485
            ],
            [
              -0.4819199,
              51.4714062
            ],
            [
              -0.4819051,
              51.4714054
            ],
            [
              -0.4816998,
              51.4713661
            ],
            [
              -0.4817055,
              51.4718857
            ],
            [
              -0.4819085,
              51.4720419
            ],
            [
              -0.481925,
              51.4720426
            ],
            [
              -0.4820414,
              51.4720422
            ],
            [
              -0.4820417,
              51.4720773
            ],
            [
              -0.4820867,
              51.4720772
            ],
            [
              -0.4820869,
              51.4721042
            ],
            [
              -0.4819255,
              51.4721047
            ],
            [
              -0.4819252,
              51.4720653
            ],
            [
              -0.4818957,
              51.4720632
            ],
            [
              -0.4817058,
              51.4719216
            ],
            [
              -0.4817097,
              51.4722731
            ],
            [
              -0.4816182,
              51.4722735
            ],
            [
              -0.4816209,
              51.4725231
            ],
            [
              -0.4816617,
              51.4725218
            ],
            [
              -0.4819091,
              51.4727106
            ],
            [
              -0.4819304,
              51.4727105
            ],
            [
              -0.4820468,
              51.4727101
            ],
            [
              -0.4820471,
              51.4727473
            ],
            [
              -0.4820921,
              51.4727471
            ],
            [
              -0.4820923,
              51.4727713
            ],
            [
              -0.4819309,
              51.4727718
            ],
            [
              -0.4819306,
              51.4727353
            ],
            [
              -0.4818998,
              51.4727361
            ],
            [
              -0.481647,
              51.472549
            ],
            [
              -0.4816212,
              51.4725486
            ],
            [
              -0.4816242,
              51.4728269
            ],
            [
              -0.4815471,
              51.4728272
            ],
            [
              -0.4815484,
              51.4728719
            ],
            [
              -0.4816161,
              51.4731671
            ],
            [
              -0.4819358,
              51.4733845
            ],
            [
              -0.4820522,
              51.4733841
            ],
            [
              -0.4820525,
              51.4734203
            ],
            [
              -0.4820975,
              51.4734202
            ],
            [
              -0.4820977,
              51.4734468
            ],
            [
              -0.4819363,
              51.4734473
            ],
            [
              -0.481936,
              51.4734077
            ],
            [
              -0.4819051,
              51.4734056
            ],
            [
              -0.4815826,
              51.4731768
            ],
            [
              -0.4815088,
              51.4728673
            ],
            [
              -0.4815068,
              51.4728274
            ],
            [
              -0.4810998,
              51.4728292
            ],
            [
              -0.4810984,
              51.4728719
            ],
            [
              -0.4810341,
              51.47312
            ],
            [
              -0.4810374,
              51.4736283
            ],
            [
              -0.4806156,
              51.473688
            ],
            [
              -0.4805828,
              51.4736876
            ],
            [
              -0.4805829,
              51.4736971
            ],
            [
              -0.4804665,
              51.4736975
            ],
            [
              -0.4804662,
              51.4736633
            ],
            [
              -0.4804267,
              51.4736634
            ],
            [
              -0.4804265,
              51.4736393
            ],
            [
              -0.4805824,
              51.4736388
            ],
            [
              -0.4805827,
              51.4736642
            ],
            [
              -0.4806203,
              51.4736629
            ],
            [
              -0.4810052,
              51.473612
            ],
            [
              -0.4809985,
              51.4731166
            ],
            [
              -0.4810622,
              51.4728706
            ],
            [
              -0.4810602,
              51.4728294
            ],
            [
              -0.4809796,
              51.4728297
            ],
            [
              -0.4809766,
              51.4725511
            ],
            [
              -0.4809516,
              51.4725515
            ],
            [
              -0.4806907,
              51.4728025
            ],
            [
              -0.4806542,
              51.4728029
            ],
            [
              -0.4806543,
              51.472812
            ],
            [
              -0.4805373,
              51.4728124
            ],
            [
              -0.4805371,
              51.4727768
            ],
            [
              -0.4804941,
              51.4727769
            ],
            [
              -0.4804939,
              51.4727508
            ],
            [
              -0.4806538,
              51.4727503
            ],
            [
              -0.480654,
              51.4727775
            ],
            [
              -0.4806787,
              51.4727766
            ],
            [
              -0.4809342,
              51.4725294
            ],
            [
              -0.4809763,
              51.4725289
            ],
            [
              -0.4809735,
              51.4722763
            ],
            [
              -0.4809009,
              51.4722766
            ],
            [
              -0.4808952,
              51.4717567
            ],
            [
              -0.480682,
              51.4718435
            ],
            [
              -0.4806465,
              51.4718423
            ],
            [
              -0.4806466,
              51.4718519
            ],
            [
              -0.4805296,
              51.4718523
            ],
            [
              -0.4805294,
              51.4718199
            ],
            [
              -0.4804864,
              51.4718201
            ],
            [
              -0.4804862,
              51.4717878
            ],
            [
              -0.480646,
              51.4717873
            ],
            [
              -0.4806463,
              51.4718197
            ],
            [
              -0.480672,
              51.4718193
            ],
            [
              -0.480895,
              51.4717324
            ],
            [
              -0.4808879,
              51.4710846
            ],
            [
              -0.4806753,
              51.4710311
            ],
            [
              -0.48064,
              51.4710303
            ],
            [
              -0.4806401,
              51.4710436
            ],
            [
              -0.4805251,
              51.471044
            ],
            [
              -0.4805249,
              51.4710107
            ],
            [
              -0.4804799,
              51.4710108
            ],
            [
              -0.4804797,
              51.470985
            ],
            [
              -0.4806396,
              51.4709845
            ],
            [
              -0.4806398,
              51.4710086
            ],
            [
              -0.4806854,
              51.4710081
            ],
            [
              -0.4808876,
              51.4710549
            ],
            [
              -0.4808786,
              51.4702329
            ],
            [
              -0.480672,
              51.4702383
            ],
            [
              -0.4806336,
              51.4702383
            ],
            [
              -0.4806337,
              51.4702474
            ],
            [
              -0.4805167,
              51.4702478
            ],
            [
              -0.4805165,
              51.4702151
            ],
            [
              -0.4804736,
              51.4702152
            ],
            [
              -0.4804733,
              51.4701849
            ],
            [
              -0.4806332,
              51.4701844
            ],
            [
              -0.4806334,
              51.470217
            ],
            [
              -0.4806653,
              51.4702141
            ],
            [
              -0.4808784,
              51.4702108
            ]
          ]
        ]
      },
      "properties": {
        "aeroway": "terminal",
        "building": "airport_terminal",
        "layer": "1",
        "loc_name": "T5B",
        "name": "Heathrow Terminal 5B",
        "toilets:wheelchair": "yes",
        "wheelchair": "yes",
        "wikidata": "Q3783997",
        "wikipedia": "en:Heathrow Terminal 5",
        "osm_id": 23479613,
        "osm_type": "way"
      }
    },
    {
      "type": "Feature",
      "geometry": {
        "type": "Polygon",
        "coordinates": [
          [
            [
              -0.4764002,
              51.4708987
            ],
            [
              -0.4764067,
              51.4717259
            ],
            [
              -0.476424,
              51.4717251
            ],
            [
              -0.4766758,
              51.4715269
            ],
            [
              -0.4767069,
              51.4715263
            ],
            [
              -0.4767068,
              51.4715192
            ],
            [
              -0.4769197,
              51.4715186
            ],
            [
              -0.4769203,
              51.4715978
            ],
            [
              -0.4767364,
              51.4715983
            ],
            [
              -0.4767362,
              51.4715655
            ],
            [
              -0.4767072,
              51.4715656
            ],
            [
              -0.4767071,
              51.4715518
            ],
            [
              -0.4766865,
              51.4715568
            ],
            [
              -0.476426,
              51.4717564
            ],
            [
              -0.4764069,
              51.4717579
            ],
            [
              -0.4764092,
              51.4720486
            ],
            [
              -0.476422,
              51.4720486
            ],
            [
              -0.4767077,
              51.4725058
            ],
            [
              -0.4767146,
              51.4725064
            ],
            [
              -0.4767145,
              51.4725008
            ],
            [
              -0.4769274,
              51.4725001
            ],
            [
              -0.476928,
              51.4725704
            ],
            [
              -0.4767444,
              51.472571
            ],
            [
              -0.4767441,
              51.4725371
            ],
            [
              -0.4767148,
              51.4725372
            ],
            [
              -0.4767148,
              51.4725289
            ],
            [
              -0.4766822,
              51.4725289
            ],
            [
              -0.4764095,
              51.4720833
            ],
            [
              -0.4764118,
              51.4723736
            ],
            [
              -0.4764327,
              51.472374
            ],
            [
              -0.4766225,
              51.4727215
            ],
            [
              -0.4764931,
              51.4730661
            ],
            [
              -0.4764998,
              51.4733234
            ],
            [
              -0.4767077,
              51.4734539
            ],
            [
              -0.4767221,
              51.4734549
            ],
            [
              -0.476722,
              51.473444
            ],
            [
              -0.4769348,
              51.4734433
            ],
            [
              -0.4769354,
              51.4735213
            ],
            [
              -0.4767519,
              51.4735219
            ],
            [
              -0.4767516,
              51.4734913
            ],
            [
              -0.4767223,
              51.4734914
            ],
            [
              -0.4767222,
              51.4734733
            ],
            [
              -0.4766889,
              51.4734741
            ],
            [
              -0.4764596,
              51.4733351
            ],
            [
              -0.4764522,
              51.4730698
            ],
            [
              -0.4765776,
              51.4727232
            ],
            [
              -0.476424,
              51.4724149
            ],
            [
              -0.4764121,
              51.4724128
            ],
            [
              -0.4764122,
              51.472421
            ],
            [
              -0.4764131,
              51.4725371
            ],
            [
              -0.4757906,
              51.472539
            ],
            [
              -0.4757889,
              51.4725014
            ],
            [
              -0.4756646,
              51.4727411
            ],
            [
              -0.4758115,
              51.4730366
            ],
            [
              -0.4758148,
              51.4733336
            ],
            [
              -0.4755738,
              51.4736755
            ],
            [
              -0.4755368,
              51.4736736
            ],
            [
              -0.4755369,
              51.4736822
            ],
            [
              -0.4753249,
              51.4736828
            ],
            [
              -0.4753243,
              51.473608
            ],
            [
              -0.4755048,
              51.4736075
            ],
            [
              -0.4755051,
              51.4736422
            ],
            [
              -0.4755366,
              51.4736421
            ],
            [
              -0.4755367,
              51.4736483
            ],
            [
              -0.475556,
              51.4736479
            ],
            [
              -0.4757783,
              51.4733325
            ],
            [
              -0.4757779,
              51.4730379
            ],
            [
              -0.475619,
              51.4727509
            ],
            [
              -0.4757889,
              51.472439
            ],
            [
              -0.4757897,
              51.4724229
            ],
            [
              -0.4757875,
              51.4721438
            ],
            [
              -0.4756009,
              51.4723556
            ],
            [
              -0.4755764,
              51.4728756
            ],
            [
              -0.4755305,
              51.4728752
            ],
            [
              -0.4755306,
              51.4728859
            ],
            [
              -0.4753186,
              51.4728865
            ],
            [
              -0.475318,
              51.4728136
            ],
            [
              -0.4754985,
              51.472813
            ],
            [
              -0.4754988,
              51.472845
            ],
            [
              -0.4755303,
              51.4728449
            ],
            [
              -0.4755304,
              51.4728531
            ],
            [
              -0.4755409,
              51.4728531
            ],
            [
              -0.4755604,
              51.4723589
            ],
            [
              -0.4757872,
              51.4721025
            ],
            [
              -0.4757842,
              51.4717236
            ],
            [
              -0.4755496,
              51.4719404
            ],
            [
              -0.4755232,
              51.4719404
            ],
            [
              -0.4755233,
              51.4719578
            ],
            [
              -0.4753113,
              51.4719584
            ],
            [
              -0.4753107,
              51.4718821
            ],
            [
              -0.4754912,
              51.4718816
            ],
            [
              -0.4754915,
              51.4719153
            ],
            [
              -0.475523,
              51.4719152
            ],
            [
              -0.475523,
              51.4719204
            ],
            [
              -0.4755382,
              51.4719191
            ],
            [
              -0.475784,
              51.4716906
            ],
            [
              -0.4757786,
              51.4710088
            ],
            [
              -0.4755456,
              51.4711372
            ],
            [
              -0.4755169,
              51.4711359
            ],
            [
              -0.475517,
              51.4711461
            ],
            [
              -0.4753049,
              51.4711468
            ],
            [
              -0.4753044,
              51.4710753
            ],
            [
              -0.4754849,
              51.4710748
            ],
            [
              -0.4754851,
              51.4711076
            ],
            [
              -0.4755167,
              51.4711075
            ],
            [
              -0.4755167,
              51.4711136
            ],
            [
              -0.4755339,
              51.4711132
            ],
            [
              -0.4757784,
              51.4709831
            ],
            [
              -0.4757732,
              51.470321
            ],
            [
              -0.4755349,
              51.4702475
            ],
            [
              -0.4755099,
              51.4702458
            ],
            [
              -0.47551,
              51.470257
            ],
            [
              -0.4752979,
              51.4702577
            ],
            [
              -0.4752973,
              51.4701794
            ],
            [
              -0.4754778,
              51.4701789
            ],
            [
              -0.4754781,
              51.470215
            ],
            [
              -0.4755096,
              51.4702149
            ],
            [
              -0.4755402,
              51.470217
            ],
            [
              -0.475773,
              51.4702951
            ],
            [
              -0.4757699,
              51.4699059
            ],
            [
              -0.4757697,
              51.4698778
            ],
            [
              -0.4756361,
              51.4696623
            ],
            [
              -0.4754276,
              51.469588
            ],
            [
              -0.4754038,
              51.4695892
            ],
            [
              -0.4754038,
              51.4695973
            ],
            [
              -0.4752254,
              51.4695979
            ],
            [
              -0.4752248,
              51.4695327
            ],
            [
              -0.4754033,
              51.4695322
            ],
            [
              -0.4754036,
              51.4695687
            ],
            [
              -0.4754397,
              51.4695692
            ],
            [
              -0.4756576,
              51.4696435
            ],
            [
              -0.4757693,
              51.4698277
            ],
            [
              -0.4757663,
              51.4694387
            ],
            [
              -0.4763887,
              51.4694368
            ],
            [
              -0.4763924,
              51.469904
            ],
            [
              -0.4764022,
              51.4699046
            ],
            [
              -0.4766969,
              51.4696176
            ],
            [
              -0.4767445,
              51.469387
            ],
            [
              -0.4767821,
              51.4693905
            ],
            [
              -0.4769666,
              51.46939
            ],
            [
              -0.4769671,
              51.4694533
            ],
            [
              -0.4767826,
              51.4694538
            ],
            [
              -0.4767823,
              51.4694202
            ],
            [
              -0.4767757,
              51.4694211
            ],
            [
              -0.4767295,
              51.4696245
            ],
            [
              -0.4764153,
              51.4699259
            ],
            [
              -0.4763926,
              51.4699263
            ],
            [
              -0.4763948,
              51.470217
            ],
            [
              -0.476412,
              51.470217
            ],
            [
              -0.4767586,
              51.4700499
            ],
            [
              -0.4767873,
              51.4700512
            ],
            [
              -0.4769718,
              51.4700507
            ],
            [
              -0.4769723,
              51.4701175
            ],
            [
              -0.4767878,
              51.470118
            ],
            [
              -0.4767875,
              51.4700762
            ],
            [
              -0.4767694,
              51.4700771
            ],
            [
              -0.4764193,
              51.4702438
            ],
            [
              -0.476395,
              51.4702446
            ],
            [
              -0.4764,
              51.470869
            ],
            [
              -0.476416,
              51.4708716
            ],
            [
              -0.4767673,
              51.4707145
            ],
            [
              -0.4767925,
              51.4707185
            ],
            [
              -0.476977,
              51.4707179
            ],
            [
              -0.4769775,
              51.470782
            ],
            [
              -0.476793,
              51.4707826
            ],
            [
              -0.4767926,
              51.4707375
            ],
            [
              -0.4767747,
              51.4707387
            ],
            [
              -0.47642,
              51.4708962
            ],
            [
              -0.4764002,
              51.4708987
            ]
          ]
        ]
      },
      "properties": {
        "aeroway": "terminal",
        "building": "airport_terminal",
        "layer": "1",
        "loc_name": "T5C",
        "name": "Heathrow Terminal 5C",
        "osm_id": 23479729,
        "osm_type": "way"
      }
    },
    {
      "type": "Feature",
      "geometry": {
        "type": "Polygon",
        "coordinates": [
          [
            [
              -0.4579523,
              51.4689995
            ],
            [
              -0.4549487,
              51.4690123
            ],
            [
              -0.4549465,
              51.4688331
            ],
            [
              -0.4549478,
              51.4687302
            ],
            [
              -0.4549491,
              51.4686193
            ],
            [
              -0.4550784,
              51.4686191
            ],
            [
              -0.4550802,
              51.4688336
            ],
            [
              -0.456241,
              51.4688287
            ],
            [
              -0.4562397,
              51.4687383
            ],
            [
              -0.4562379,
              51.4686151
            ],
            [
              -0.4563625,
              51.468616
            ],
            [
              -0.4563704,
              51.468829
            ],
            [
              -0.4575318,
              51.4688249
            ],
            [
              -0.4575306,
              51.468733
            ],
            [
              -0.457529,
              51.4686122
            ],
            [
              -0.457656,
              51.4686129
            ],
            [
              -0.4576605,
              51.4688244
            ],
            [
              -0.4588219,
              51.4688202
            ],
            [
              -0.4588208,
              51.468664
            ],
            [
              -0.4588204,
              51.4686013
            ],
            [
              -0.4589481,
              51.4686017
            ],
            [
              -0.4589568,
              51.4688197
            ],
            [
              -0.4589531,
              51.4690188
            ],
            [
              -0.4587875,
              51.4690191
            ],
            [
              -0.458787,
              51.4689998
            ],
            [
              -0.4584952,
              51.4689987
            ],
            [
              -0.4579523,
              51.4689995
            ]
          ]
        ]
      },
      "properties": {
        "aeroway": "terminal",
        "building": "yes",
        "layer": "1",
        "name": "Terminal 3, Pier 6",
        "osm_id": 42432280,
        "osm_type": "way"
      }
    },
    {
      "type": "Feature",
      "geometry": {
        "type": "Polygon",
        "coordinates": [
          [
            [
              -0.4479154,
              51.4706464
            ],
            [
              -0.4478787,
              51.4706466
            ],
            [
              -0.4478786,
              51.4705598
            ],
            [
              -0.4477187,
              51.4705597
            ],
            [
              -0.447719,
              51.4704929
            ],
            [
              -0.447719,
              51.4704095
            ],
            [
              -0.4476503,
              51.4704102
            ],
            [
              -0.4475986,
              51.4704107
            ],
            [
              -0.4475994,
              51.4704933
            ],
            [
              -0.4475998,
              51.4705402
            ],
            [
              -0.4474508,
              51.4705405
            ],
            [
              -0.4474512,
              51.4705862
            ],
            [
              -0.4472668,
              51.4705868
            ],
            [
              -0.4471017,
              51.4705873
            ],
            [
              -0.4471026,
              51.4704949
            ],
            [
              -0.4471034,
              51.4704103
            ],
            [
              -0.447165,
              51.4704103
            ],
            [
              -0.447165,
              51.4703387
            ],
            [
              -0.4471036,
              51.470339
            ],
            [
              -0.4471035,
              51.470314
            ],
            [
              -0.447103,
              51.4702491
            ],
            [
              -0.4476002,
              51.4702473
            ],
            [
              -0.4476015,
              51.4702902
            ],
            [
              -0.4476493,
              51.4702899
            ],
            [
              -0.4477145,
              51.4702894
            ],
            [
              -0.4477151,
              51.470222
            ],
            [
              -0.4477162,
              51.4700805
            ],
            [
              -0.4477131,
              51.4699058
            ],
            [
              -0.4476494,
              51.4699058
            ],
            [
              -0.4475298,
              51.4699058
            ],
            [
              -0.4473933,
              51.4699058
            ],
            [
              -0.4473915,
              51.4698374
            ],
            [
              -0.4473912,
              51.4698253
            ],
            [
              -0.4476507,
              51.4698275
            ],
            [
              -0.4477113,
              51.4698262
            ],
            [
              -0.4477082,
              51.4696845
            ],
            [
              -0.4477039,
              51.4694792
            ],
            [
              -0.4477036,
              51.4692337
            ],
            [
              -0.4477062,
              51.4690942
            ],
            [
              -0.447644,
              51.4690942
            ],
            [
              -0.447616,
              51.4690933
            ],
            [
              -0.4475125,
              51.4690932
            ],
            [
              -0.4473895,
              51.4690932
            ],
            [
              -0.4473884,
              51.4690264
            ],
            [
              -0.4473882,
              51.4690126
            ],
            [
              -0.4476421,
              51.4690128
            ],
            [
              -0.4477046,
              51.4690119
            ],
            [
              -0.4477048,
              51.4689625
            ],
            [
              -0.4477038,
              51.4688888
            ],
            [
              -0.4479586,
              51.4688573
            ],
            [
              -0.4482223,
              51.4688414
            ],
            [
              -0.4482202,
              51.4687361
            ],
            [
              -0.4482197,
              51.4687115
            ],
            [
              -0.4481421,
              51.4687115
            ],
            [
              -0.4480429,
              51.4687114
            ],
            [
              -0.4478071,
              51.4687113
            ],
            [
              -0.4477203,
              51.4686577
            ],
            [
              -0.4475101,
              51.4685279
            ],
            [
              -0.4475102,
              51.4685065
            ],
            [
              -0.4474749,
              51.4685064
            ],
            [
              -0.4471892,
              51.4685052
            ],
            [
              -0.4471875,
              51.4684111
            ],
            [
              -0.4471874,
              51.468402
            ],
            [
              -0.4474923,
              51.4684002
            ],
            [
              -0.447545,
              51.4683999
            ],
            [
              -0.4475432,
              51.4681732
            ],
            [
              -0.4474039,
              51.4680891
            ],
            [
              -0.4472201,
              51.4680883
            ],
            [
              -0.4472204,
              51.4680749
            ],
            [
              -0.447221,
              51.4680544
            ],
            [
              -0.4474282,
              51.468054
            ],
            [
              -0.4476041,
              51.4681586
            ],
            [
              -0.4476081,
              51.4683998
            ],
            [
              -0.4476094,
              51.4685144
            ],
            [
              -0.4477639,
              51.4686097
            ],
            [
              -0.447845,
              51.4686598
            ],
            [
              -0.4480419,
              51.4686589
            ],
            [
              -0.448214,
              51.4686582
            ],
            [
              -0.4482143,
              51.4686514
            ],
            [
              -0.4483935,
              51.4686508
            ],
            [
              -0.4483937,
              51.468753
            ],
            [
              -0.4483926,
              51.4688435
            ],
            [
              -0.4484372,
              51.4688438
            ],
            [
              -0.4487122,
              51.4688473
            ],
            [
              -0.4488611,
              51.4688504
            ],
            [
              -0.449002,
              51.4688543
            ],
            [
              -0.4491568,
              51.4688615
            ],
            [
              -0.4492307,
              51.4688621
            ],
            [
              -0.4492315,
              51.4687562
            ],
            [
              -0.4492315,
              51.4687496
            ],
            [
              -0.4492371,
              51.4687493
            ],
            [
              -0.4492372,
              51.4687413
            ],
            [
              -0.4492376,
              51.4687134
            ],
            [
              -0.449247,
              51.4687135
            ],
            [
              -0.4492493,
              51.4686667
            ],
            [
              -0.4492518,
              51.4686189
            ],
            [
              -0.4492527,
              51.4685955
            ],
            [
              -0.4493725,
              51.4685949
            ],
            [
              -0.4493925,
              51.4685948
            ],
            [
              -0.4493928,
              51.4686814
            ],
            [
              -0.4494152,
              51.4686816
            ],
            [
              -0.4494186,
              51.4687565
            ],
            [
              -0.4494162,
              51.4688537
            ],
            [
              -0.4495864,
              51.4688382
            ],
            [
              -0.4497614,
              51.4688371
            ],
            [
              -0.4498427,
              51.4688406
            ],
            [
              -0.4500036,
              51.4688546
            ],
            [
              -0.4501742,
              51.4688587
            ],
            [
              -0.4503644,
              51.4688505
            ],
            [
              -0.4505974,
              51.4688421
            ],
            [
              -0.4505967,
              51.4687556
            ],
            [
              -0.450596,
              51.4686753
            ],
            [
              -0.4506482,
              51.4686748
            ],
            [
              -0.4506487,
              51.4686325
            ],
            [
              -0.450649,
              51.4686116
            ],
            [
              -0.4505894,
              51.4686121
            ],
            [
              -0.4505893,
              51.4685348
            ],
            [
              -0.4505892,
              51.4684435
            ],
            [
              -0.4507454,
              51.468444
            ],
            [
              -0.450785,
              51.4684441
            ],
            [
              -0.4507857,
              51.4686119
            ],
            [
              -0.4507225,
              51.4686107
            ],
            [
              -0.4507231,
              51.4686327
            ],
            [
              -0.4507246,
              51.46869
            ],
            [
              -0.4508564,
              51.4686893
            ],
            [
              -0.4508567,
              51.4686774
            ],
            [
              -0.4509832,
              51.4686761
            ],
            [
              -0.4509835,
              51.4686834
            ],
            [
              -0.4513301,
              51.4686832
            ],
            [
              -0.4513301,
              51.468629
            ],
            [
              -0.4513301,
              51.468612
            ],
            [
              -0.451281,
              51.4686127
            ],
            [
              -0.4512807,
              51.4684673
            ],
            [
              -0.4514712,
              51.4684669
            ],
            [
              -0.4514727,
              51.4685335
            ],
            [
              -0.4514745,
              51.4686113
            ],
            [
              -0.4514141,
              51.4686115
            ],
            [
              -0.4514143,
              51.4686295
            ],
            [
              -0.4514154,
              51.4687377
            ],
            [
              -0.4509822,
              51.4687378
            ],
            [
              -0.4509824,
              51.4687553
            ],
            [
              -0.4509835,
              51.4688345
            ],
            [
              -0.4511996,
              51.4688338
            ],
            [
              -0.4513066,
              51.4688383
            ],
            [
              -0.4515707,
              51.4688585
            ],
            [
              -0.4515721,
              51.4690428
            ],
            [
              -0.4515736,
              51.469131
            ],
            [
              -0.451576,
              51.4694522
            ],
            [
              -0.451582,
              51.4699132
            ],
            [
              -0.4515833,
              51.4701097
            ],
            [
              -0.4515832,
              51.47025
            ],
            [
              -0.4515835,
              51.4703279
            ],
            [
              -0.4515845,
              51.4705118
            ],
            [
              -0.4515851,
              51.4706334
            ],
            [
              -0.4513668,
              51.4706339
            ],
            [
              -0.4510197,
              51.4706349
            ],
            [
              -0.4483002,
              51.4706438
            ],
            [
              -0.4482991,
              51.4707882
            ],
            [
              -0.4481585,
              51.470788
            ],
            [
              -0.4480177,
              51.4709302
            ],
            [
              -0.4479142,
              51.4709309
            ],
            [
              -0.4479154,
              51.4706464
            ]
          ]
        ]
      },
      "properties": {
        "aeroway": "terminal",
        "alt_name": "The Queen's Terminal Terminal 2",
        "baby_feeding": "room",
        "building": "airport_terminal",
        "building:levels": "4",
        "height": "40",
        "layer": "1",
        "name": "Terminal 2A",
        "nickname": "Terminal 2",
        "operator": "Heathrow Airport Limited",
        "source": "Bing",
        "wheelchair": "yes",
        "wikidata": "Q6670466",
        "osm_id": 133146402,
        "osm_type": "way"
      }
    },
    {
      "type": "Feature",
      "geometry": {
        "type": "Polygon",
        "coordinates": [
          [
            [
              -0.4508941,
              51.4579541
            ],
            [
              -0.4507042,
              51.4578558
            ],
            [
              -0.4505941,
              51.457937
            ],
            [
              -0.44955,
              51.4583085
            ],
            [
              -0.4496253,
              51.458388
            ],
            [
              -0.4496473,
              51.4584052
            ],
            [
              -0.4495656,
              51.4584629
            ],
            [
              -0.4495253,
              51.4584423
            ],
            [
              -0.4493399,
              51.4585795
            ],
            [
              -0.4493721,
              51.4585989
            ],
            [
              -0.4493638,
              51.458605
            ],
            [
              -0.4492537,
              51.4586859
            ],
            [
              -0.4491886,
              51.4587338
            ],
            [
              -0.449061,
              51.4586635
            ],
            [
              -0.4490684,
              51.4586572
            ],
            [
              -0.4490436,
              51.4586327
            ],
            [
              -0.4490583,
              51.4586069
            ],
            [
              -0.4492574,
              51.4585406
            ],
            [
              -0.4491146,
              51.4583461
            ],
            [
              -0.4484249,
              51.4585945
            ],
            [
              -0.4487314,
              51.4587683
            ],
            [
              -0.4489295,
              51.4586956
            ],
            [
              -0.448964,
              51.4587008
            ],
            [
              -0.4489833,
              51.4587259
            ],
            [
              -0.4490045,
              51.4587201
            ],
            [
              -0.4491336,
              51.4587945
            ],
            [
              -0.448954,
              51.4589005
            ],
            [
              -0.4489363,
              51.4589133
            ],
            [
              -0.4488725,
              51.4588843
            ],
            [
              -0.4489041,
              51.4588543
            ],
            [
              -0.4488242,
              51.4588171
            ],
            [
              -0.4485124,
              51.4590151
            ],
            [
              -0.4485372,
              51.4590334
            ],
            [
              -0.4483842,
              51.4591328
            ],
            [
              -0.4482753,
              51.4590771
            ],
            [
              -0.4482739,
              51.4590551
            ],
            [
              -0.4483794,
              51.4589894
            ],
            [
              -0.4483574,
              51.4589671
            ],
            [
              -0.4485042,
              51.4588585
            ],
            [
              -0.4484225,
              51.4588093
            ],
            [
              -0.4484335,
              51.4587967
            ],
            [
              -0.4480619,
              51.4585864
            ],
            [
              -0.448043,
              51.4585983
            ],
            [
              -0.4478326,
              51.458496
            ],
            [
              -0.4478225,
              51.458508
            ],
            [
              -0.4478629,
              51.4586012
            ],
            [
              -0.4478262,
              51.4587127
            ],
            [
              -0.44775,
              51.4587636
            ],
            [
              -0.4476976,
              51.458738
            ],
            [
              -0.447517,
              51.4586498
            ],
            [
              -0.4471366,
              51.4589053
            ],
            [
              -0.4467897,
              51.45914
            ],
            [
              -0.4464484,
              51.459366
            ],
            [
              -0.4461747,
              51.4595475
            ],
            [
              -0.4459335,
              51.4597113
            ],
            [
              -0.4456837,
              51.459881
            ],
            [
              -0.4458184,
              51.4599538
            ],
            [
              -0.4459484,
              51.4600241
            ],
            [
              -0.4457719,
              51.4601268
            ],
            [
              -0.4459536,
              51.4602246
            ],
            [
              -0.4460184,
              51.4601906
            ],
            [
              -0.4460586,
              51.4602108
            ],
            [
              -0.4460098,
              51.4602771
            ],
            [
              -0.4458601,
              51.4604817
            ],
            [
              -0.446047,
              51.4605884
            ],
            [
              -0.4463713,
              51.4603774
            ],
            [
              -0.4464764,
              51.4603087
            ],
            [
              -0.4466191,
              51.4603847
            ],
            [
              -0.4466041,
              51.4603949
            ],
            [
              -0.4465153,
              51.460455
            ],
            [
              -0.4466295,
              51.4605253
            ],
            [
              -0.4465815,
              51.4605544
            ],
            [
              -0.446553,
              51.4605391
            ],
            [
              -0.446383,
              51.4605488
            ],
            [
              -0.4462429,
              51.4604792
            ],
            [
              -0.446047,
              51.4606102
            ],
            [
              -0.4458382,
              51.4604895
            ],
            [
              -0.4458303,
              51.460364
            ],
            [
              -0.444646,
              51.459708
            ],
            [
              -0.4440043,
              51.4595478
            ],
            [
              -0.4427415,
              51.4595265
            ],
            [
              -0.4423275,
              51.4595744
            ],
            [
              -0.4422777,
              51.4596469
            ],
            [
              -0.4422195,
              51.4596304
            ],
            [
              -0.4421792,
              51.4596838
            ],
            [
              -0.4420495,
              51.4596482
            ],
            [
              -0.4419924,
              51.4597412
            ],
            [
              -0.4421286,
              51.4597759
            ],
            [
              -0.4414254,
              51.4608002
            ],
            [
              -0.4414449,
              51.4608066
            ],
            [
              -0.4413087,
              51.4610103
            ],
            [
              -0.4412801,
              51.4610063
            ],
            [
              -0.4408234,
              51.4616724
            ],
            [
              -0.4409648,
              51.4618025
            ],
            [
              -0.4416343,
              51.4608018
            ],
            [
              -0.4417342,
              51.4608268
            ],
            [
              -0.4418276,
              51.4606943
            ],
            [
              -0.4417238,
              51.4606652
            ],
            [
              -0.442091,
              51.4601653
            ],
            [
              -0.4421903,
              51.4601923
            ],
            [
              -0.4422552,
              51.4600981
            ],
            [
              -0.442159,
              51.4600706
            ],
            [
              -0.4424199,
              51.4596963
            ],
            [
              -0.4423819,
              51.4596838
            ],
            [
              -0.4424076,
              51.459644
            ],
            [
              -0.4427542,
              51.4595959
            ],
            [
              -0.4432052,
              51.4595989
            ],
            [
              -0.4439789,
              51.4596084
            ],
            [
              -0.4445999,
              51.4597602
            ],
            [
              -0.4457359,
              51.4603919
            ],
            [
              -0.4457465,
              51.460522
            ],
            [
              -0.4460288,
              51.4606765
            ],
            [
              -0.4462559,
              51.4605277
            ],
            [
              -0.4463584,
              51.4605859
            ],
            [
              -0.4465309,
              51.4605787
            ],
            [
              -0.4465439,
              51.4605859
            ],
            [
              -0.4464462,
              51.4606563
            ],
            [
              -0.4463014,
              51.4607605
            ],
            [
              -0.4461381,
              51.460878
            ],
            [
              -0.4461015,
              51.4609044
            ],
            [
              -0.4460533,
              51.4608775
            ],
            [
              -0.4460249,
              51.4608616
            ],
            [
              -0.446088,
              51.460814
            ],
            [
              -0.4460687,
              51.4608002
            ],
            [
              -0.4461366,
              51.4607488
            ],
            [
              -0.4457972,
              51.4605682
            ],
            [
              -0.4455293,
              51.460958
            ],
            [
              -0.4455852,
              51.4609889
            ],
            [
              -0.4455403,
              51.4610558
            ],
            [
              -0.4456118,
              51.4610752
            ],
            [
              -0.4456449,
              51.4610232
            ],
            [
              -0.445699,
              51.4610518
            ],
            [
              -0.4457761,
              51.4610003
            ],
            [
              -0.44581,
              51.4610157
            ],
            [
              -0.4459063,
              51.4609489
            ],
            [
              -0.4459724,
              51.4609883
            ],
            [
              -0.4457598,
              51.4611444
            ],
            [
              -0.4455265,
              51.4613158
            ],
            [
              -0.445366,
              51.461233
            ],
            [
              -0.4451412,
              51.4615593
            ],
            [
              -0.4451173,
              51.4615479
            ],
            [
              -0.4451559,
              51.4614913
            ],
            [
              -0.4450283,
              51.4614627
            ],
            [
              -0.4448311,
              51.4617657
            ],
            [
              -0.4449733,
              51.4618086
            ],
            [
              -0.4447072,
              51.4621921
            ],
            [
              -0.4447513,
              51.4622166
            ],
            [
              -0.4449137,
              51.462307
            ],
            [
              -0.4451841,
              51.4619211
            ],
            [
              -0.4456275,
              51.4616062
            ],
            [
              -0.4457417,
              51.4615251
            ],
            [
              -0.4458462,
              51.4614518
            ],
            [
              -0.4458581,
              51.4614425
            ],
            [
              -0.4461807,
              51.4612134
            ],
            [
              -0.4463029,
              51.4611266
            ],
            [
              -0.4463705,
              51.4610786
            ],
            [
              -0.4464309,
              51.4610357
            ],
            [
              -0.4465208,
              51.4609719
            ],
            [
              -0.446589,
              51.4609235
            ],
            [
              -0.4466694,
              51.4608664
            ],
            [
              -0.4467403,
              51.460816
            ],
            [
              -0.4468074,
              51.4607684
            ],
            [
              -0.446884,
              51.460714
            ],
            [
              -0.4469547,
              51.4606638
            ],
            [
              -0.4470265,
              51.4606128
            ],
            [
              -0.4471148,
              51.4606646
            ],
            [
              -0.4471375,
              51.4606779
            ],
            [
              -0.4475568,
              51.4603927
            ],
            [
              -0.4476999,
              51.4604727
            ],
            [
              -0.4478587,
              51.4604664
            ],
            [
              -0.4478853,
              51.4604779
            ],
            [
              -0.4481128,
              51.4603218
            ],
            [
              -0.4480862,
              51.4603115
            ],
            [
              -0.4481605,
              51.4602584
            ],
            [
              -0.4483427,
              51.4601281
            ],
            [
              -0.4483899,
              51.4600943
            ],
            [
              -0.448377,
              51.4599943
            ],
            [
              -0.4484486,
              51.4599434
            ],
            [
              -0.4486146,
              51.4599417
            ],
            [
              -0.4488293,
              51.4597942
            ],
            [
              -0.4488201,
              51.4596839
            ],
            [
              -0.4486752,
              51.4596038
            ],
            [
              -0.4489275,
              51.4594301
            ],
            [
              -0.4488119,
              51.4593638
            ],
            [
              -0.4488963,
              51.459302
            ],
            [
              -0.4490871,
              51.4593963
            ],
            [
              -0.4491348,
              51.459366
            ],
            [
              -0.4494495,
              51.4593586
            ],
            [
              -0.4494321,
              51.4591614
            ],
            [
              -0.4494871,
              51.4591254
            ],
            [
              -0.4493073,
              51.4590162
            ],
            [
              -0.4493477,
              51.4589893
            ],
            [
              -0.4497959,
              51.4586904
            ],
            [
              -0.4498716,
              51.4586399
            ],
            [
              -0.4499082,
              51.4586155
            ],
            [
              -0.4499357,
              51.4586309
            ],
            [
              -0.4508941,
              51.4579541
            ]
          ]
        ]
      },
      "properties": {
        "aeroway": "terminal",
        "building": "airport_terminal",
        "name": "Terminal 4",
        "source": "bing",
        "wheelchair": "yes",
        "wikidata": "Q6670470",
        "osm_id": 151625568,
        "osm_type": "way"
      }
    },
    {
      "type": "Feature",
      "geometry": {
        "type": "Polygon",
        "coordinates": [
          [
            [
              -0.4576301,
              51.4736769
            ],
            [
              -0.4574795,
              51.47354
            ],
            [
              -0.4575417,
              51.4735142
            ],
            [
              -0.4575134,
              51.4734875
            ],
            [
              -0.4574505,
              51.4735137
            ],
            [
              -0.4573586,
              51.4734301
            ],
            [
              -0.4568516,
              51.4736511
            ],
            [
              -0.4571258,
              51.4738979
            ],
            [
              -0.4576301,
              51.4736769
            ]
          ]
        ]
      },
      "properties": {
        "aeroway": "terminal",
        "building": "airport_terminal",
        "source": "bing",
        "osm_id": 151628006,
        "osm_type": "way"
      }
    },
    {
      "type": "Feature",
      "geometry": {
        "type": "Polygon",
        "coordinates": [
          [
            [
              -0.4587734,
              51.4734103
            ],
            [
              -0.4586812,
              51.473478
            ],
            [
              -0.4581571,
              51.4735053
            ],
            [
              -0.4581586,
              51.4735416
            ],
            [
              -0.4579533,
              51.4735529
            ],
            [
              -0.4579466,
              51.4735173
            ],
            [
              -0.457562,
              51.4735334
            ],
            [
              -0.4575417,
              51.4735142
            ],
            [
              -0.4575134,
              51.4734875
            ],
            [
              -0.4575018,
              51.4734765
            ],
            [
              -0.4574769,
              51.4731932
            ],
            [
              -0.4584219,
              51.4727843
            ],
            [
              -0.4585421,
              51.472893
            ],
            [
              -0.4586528,
              51.4728455
            ],
            [
              -0.4589401,
              51.4732023
            ],
            [
              -0.4587734,
              51.4734103
            ]
          ]
        ]
      },
      "properties": {
        "aeroway": "terminal",
        "building": "airport_terminal",
        "name": "T3IB",
        "source": "bing",
        "osm_id": 151628009,
        "osm_type": "way"
      }
    },
    {
      "type": "Feature",
      "geometry": {
        "type": "Polygon",
        "coordinates": [
          [
            [
              -0.4571685,
              51.4623932
            ],
            [
              -0.4570825,
              51.4623141
            ],
            [
              -0.4569729,
              51.462214
            ],
            [
              -0.4568863,
              51.4621343
            ],
            [
              -0.4571296,
              51.4620313
            ],
            [
              -0.4572152,
              51.4621098
            ],
            [
              -0.457324,
              51.4622097
            ],
            [
              -0.4574118,
              51.4622902
            ],
            [
              -0.4571685,
              51.4623932
            ]
          ]
        ]
      },
      "properties": {
        "aeroway": "terminal",
        "building": "yes",
        "name": "Royal Suite",
        "source": "bing",
        "source:name": "OS_OpenData_StreetView",
        "osm_id": 151736318,
        "osm_type": "way"
      }
    },
    {
      "type": "Feature",
      "geometry": {
        "type": "Polygon",
        "coordinates": [
          [
            [
              -0.4424424,
              51.4731311
            ],
            [
              -0.4428398,
              51.4731298
            ],
            [
              -0.4428393,
              51.4730664
            ],
            [
              -0.4428568,
              51.4730663
            ],
            [
              -0.4428518,
              51.4724509
            ],
            [
              -0.4428343,
              51.472451
            ],
            [
              -0.4428339,
              51.4724068
            ],
            [
              -0.4425054,
              51.4724079
            ],
            [
              -0.4425052,
              51.472387
            ],
            [
              -0.4424363,
              51.4723872
            ],
            [
              -0.4424359,
              51.4723334
            ],
            [
              -0.4428333,
              51.4723322
            ],
            [
              -0.4428328,
              51.4722687
            ],
            [
              -0.4428503,
              51.4722686
            ],
            [
              -0.4428452,
              51.4716502
            ],
            [
              -0.4428277,
              51.4716502
            ],
            [
              -0.4428274,
              51.4716061
            ],
            [
              -0.4424989,
              51.4716071
            ],
            [
              -0.4424987,
              51.4715863
            ],
            [
              -0.4424298,
              51.4715865
            ],
            [
              -0.4424294,
              51.4715326
            ],
            [
              -0.4428268,
              51.4715313
            ],
            [
              -0.4428262,
              51.4714636
            ],
            [
              -0.4428437,
              51.4714635
            ],
            [
              -0.4428378,
              51.4707339
            ],
            [
              -0.4428203,
              51.4707339
            ],
            [
              -0.4428202,
              51.4707209
            ],
            [
              -0.4424916,
              51.4707219
            ],
            [
              -0.4424915,
              51.4707011
            ],
            [
              -0.4424226,
              51.4707013
            ],
            [
              -0.4424221,
              51.4706474
            ],
            [
              -0.4424854,
              51.4706477
            ],
            [
              -0.4424829,
              51.4705826
            ],
            [
              -0.442819,
              51.4705784
            ],
            [
              -0.4428365,
              51.4705784
            ],
            [
              -0.4428315,
              51.4699679
            ],
            [
              -0.442814,
              51.469968
            ],
            [
              -0.4428137,
              51.4699239
            ],
            [
              -0.4424851,
              51.4699249
            ],
            [
              -0.442485,
              51.4699067
            ],
            [
              -0.4424161,
              51.4699069
            ],
            [
              -0.4424157,
              51.469853
            ],
            [
              -0.4428131,
              51.4698517
            ],
            [
              -0.4428125,
              51.469784
            ],
            [
              -0.44283,
              51.469784
            ],
            [
              -0.4428242,
              51.4690746
            ],
            [
              -0.4425913,
              51.4691256
            ],
            [
              -0.4425577,
              51.4691259
            ],
            [
              -0.4424277,
              51.4691247
            ],
            [
              -0.442429,
              51.4690671
            ],
            [
              -0.4425591,
              51.4690682
            ],
            [
              -0.4425582,
              51.4691034
            ],
            [
              -0.44259,
              51.4691051
            ],
            [
              -0.442824,
              51.469048
            ],
            [
              -0.4430573,
              51.4690473
            ],
            [
              -0.44306,
              51.4690303
            ],
            [
              -0.4425088,
              51.4684614
            ],
            [
              -0.4424608,
              51.4684636
            ],
            [
              -0.4423153,
              51.4684617
            ],
            [
              -0.4423175,
              51.4683994
            ],
            [
              -0.442463,
              51.4684014
            ],
            [
              -0.4424618,
              51.4684347
            ],
            [
              -0.4425222,
              51.4684363
            ],
            [
              -0.4430989,
              51.4690211
            ],
            [
              -0.4430982,
              51.4690471
            ],
            [
              -0.4433276,
              51.4690464
            ],
            [
              -0.4436099,
              51.4688687
            ],
            [
              -0.4436488,
              51.4688691
            ],
            [
              -0.4437909,
              51.4688691
            ],
            [
              -0.4437909,
              51.4689309
            ],
            [
              -0.4436488,
              51.4689309
            ],
            [
              -0.4436488,
              51.4688887
            ],
            [
              -0.4436126,
              51.4688891
            ],
            [
              -0.4433584,
              51.4690633
            ],
            [
              -0.4433277,
              51.4690633
            ],
            [
              -0.4433321,
              51.4695958
            ],
            [
              -0.4433496,
              51.4695957
            ],
            [
              -0.4433499,
              51.4696398
            ],
            [
              -0.4436785,
              51.4696388
            ],
            [
              -0.4436786,
              51.4696597
            ],
            [
              -0.4437475,
              51.4696594
            ],
            [
              -0.4437479,
              51.4697134
            ],
            [
              -0.4433505,
              51.4697146
            ],
            [
              -0.4433511,
              51.4697823
            ],
            [
              -0.4433336,
              51.4697824
            ],
            [
              -0.4433386,
              51.470393
            ],
            [
              -0.4433561,
              51.470393
            ],
            [
              -0.4433564,
              51.4704371
            ],
            [
              -0.4434584,
              51.4704368
            ],
            [
              -0.443685,
              51.4704361
            ],
            [
              -0.4436852,
              51.4704569
            ],
            [
              -0.443754,
              51.4704567
            ],
            [
              -0.4437527,
              51.4705097
            ],
            [
              -0.4435285,
              51.4705114
            ],
            [
              -0.4435291,
              51.4705883
            ],
            [
              -0.4435351,
              51.4713237
            ],
            [
              -0.443692,
              51.4713232
            ],
            [
              -0.4436921,
              51.4713441
            ],
            [
              -0.443761,
              51.4713438
            ],
            [
              -0.4437614,
              51.4713978
            ],
            [
              -0.4435358,
              51.4713985
            ],
            [
              -0.4435417,
              51.4721195
            ],
            [
              -0.4436807,
              51.4721191
            ],
            [
              -0.4436809,
              51.47214
            ],
            [
              -0.4437497,
              51.4721398
            ],
            [
              -0.4437502,
              51.4721937
            ],
            [
              -0.4434745,
              51.4721946
            ],
            [
              -0.4433705,
              51.4721949
            ],
            [
              -0.4433711,
              51.4722626
            ],
            [
              -0.4433536,
              51.4722627
            ],
            [
              -0.4433589,
              51.4728794
            ],
            [
              -0.4433764,
              51.4728794
            ],
            [
              -0.4433767,
              51.4729235
            ],
            [
              -0.443705,
              51.4729225
            ],
            [
              -0.4437052,
              51.4729433
            ],
            [
              -0.4437681,
              51.4729431
            ],
            [
              -0.4437685,
              51.4729971
            ],
            [
              -0.4433774,
              51.4729983
            ],
            [
              -0.4433779,
              51.473066
            ],
            [
              -0.4433604,
              51.4730661
            ],
            [
              -0.4433656,
              51.4737001
            ],
            [
              -0.4436763,
              51.4736349
            ],
            [
              -0.4438198,
              51.4736341
            ],
            [
              -0.4438265,
              51.4736926
            ],
            [
              -0.4436816,
              51.4736942
            ],
            [
              -0.4436789,
              51.4736635
            ],
            [
              -0.4433658,
              51.4737218
            ],
            [
              -0.4433659,
              51.4737319
            ],
            [
              -0.4431143,
              51.4737327
            ],
            [
              -0.4436615,
              51.4743859
            ],
            [
              -0.4436765,
              51.4743866
            ],
            [
              -0.443819,
              51.4743844
            ],
            [
              -0.4438215,
              51.4744481
            ],
            [
              -0.4436791,
              51.4744503
            ],
            [
              -0.4436773,
              51.4744055
            ],
            [
              -0.4436387,
              51.474406
            ],
            [
              -0.4430634,
              51.4737329
            ],
            [
              -0.4428622,
              51.4737335
            ],
            [
              -0.442862,
              51.4737143
            ],
            [
              -0.4425524,
              51.4739357
            ],
            [
              -0.4425122,
              51.4739361
            ],
            [
              -0.4423647,
              51.4739361
            ],
            [
              -0.4423647,
              51.4738768
            ],
            [
              -0.4425122,
              51.4738768
            ],
            [
              -0.4425122,
              51.4739148
            ],
            [
              -0.4425457,
              51.4739139
            ],
            [
              -0.4428619,
              51.4736918
            ],
            [
              -0.4428583,
              51.4732487
            ],
            [
              -0.4428408,
              51.4732488
            ],
            [
              -0.4428404,
              51.4732046
            ],
            [
              -0.4425119,
              51.4732057
            ],
            [
              -0.4425117,
              51.4731848
            ],
            [
              -0.4424428,
              51.473185
            ],
            [
              -0.4424424,
              51.4731311
            ]
          ]
        ]
      },
      "properties": {
        "aeroway": "terminal",
        "baby_feeding": "room",
        "building": "terminal",
        "internet_access": "wlan",
        "layer": "1",
        "name": "Terminal 2B",
        "operator": "Heathrow Airport Limited",
        "source": "Bing",
        "wheelchair": "yes",
        "wikidata": "Q6670466",
        "wikipedia": "en:Heathrow Terminal 2",
        "osm_id": 294572024,
        "osm_type": "way"
      }
    },
    {
      "type": "Feature",
      "geometry": {
        "type": "Polygon",
        "coordinates": [
          [
            [
              -0.4484431,
              51.4709313
            ],
            [
              -0.4484504,
              51.4708952
            ],
            [
              -0.448487,
              51.4708481
            ],
            [
              -0.4485372,
              51.4708073
            ],
            [
              -0.4486174,
              51.4707753
            ],
            [
              -0.448704,
              51.470753
            ],
            [
              -0.4487979,
              51.4707467
            ],
            [
              -0.4488904,
              51.4707568
            ],
            [
              -0.4489792,
              51.470778
            ],
            [
              -0.4490379,
              51.4708113
            ],
            [
              -0.4492509,
              51.4710099
            ],
            [
              -0.4494095,
              51.4709425
            ],
            [
              -0.4495597,
              51.4710801
            ],
            [
              -0.4495993,
              51.4710628
            ],
            [
              -0.4497606,
              51.4712116
            ],
            [
              -0.4499209,
              51.4711449
            ],
            [
              -0.4501676,
              51.471372
            ],
            [
              -0.4503504,
              51.4712918
            ],
            [
              -0.4506404,
              51.4715666
            ],
            [
              -0.4522466,
              51.473032
            ],
            [
              -0.4518138,
              51.4732164
            ],
            [
              -0.4518874,
              51.4732797
            ],
            [
              -0.4518184,
              51.4733078
            ],
            [
              -0.4518731,
              51.4733118
            ],
            [
              -0.4519296,
              51.4733252
            ],
            [
              -0.4519785,
              51.4733412
            ],
            [
              -0.4520048,
              51.4733539
            ],
            [
              -0.4520463,
              51.4733713
            ],
            [
              -0.4520835,
              51.4734044
            ],
            [
              -0.452106,
              51.4734483
            ],
            [
              -0.4521098,
              51.4734937
            ],
            [
              -0.4520979,
              51.4735482
            ],
            [
              -0.4520696,
              51.4735929
            ],
            [
              -0.4520137,
              51.4736392
            ],
            [
              -0.4519813,
              51.4736601
            ],
            [
              -0.4522441,
              51.4738952
            ],
            [
              -0.4531553,
              51.4736231
            ],
            [
              -0.4531473,
              51.4736095
            ],
            [
              -0.4531433,
              51.4735612
            ],
            [
              -0.4531619,
              51.4735154
            ],
            [
              -0.4532011,
              51.473475
            ],
            [
              -0.4532575,
              51.4734434
            ],
            [
              -0.4533263,
              51.4734235
            ],
            [
              -0.4534014,
              51.4734169
            ],
            [
              -0.4534763,
              51.4734242
            ],
            [
              -0.4535445,
              51.4734448
            ],
            [
              -0.4536002,
              51.4734769
            ],
            [
              -0.4536384,
              51.4735176
            ],
            [
              -0.4536533,
              51.4735568
            ],
            [
              -0.4543596,
              51.4735607
            ],
            [
              -0.45443,
              51.4736114
            ],
            [
              -0.4544656,
              51.4735953
            ],
            [
              -0.4551456,
              51.4742256
            ],
            [
              -0.4551468,
              51.4742762
            ],
            [
              -0.456183,
              51.4742686
            ],
            [
              -0.4561793,
              51.4740187
            ],
            [
              -0.4563229,
              51.4740189
            ],
            [
              -0.4563275,
              51.4740288
            ],
            [
              -0.4565436,
              51.4740275
            ],
            [
              -0.4565443,
              51.474265
            ],
            [
              -0.4573405,
              51.4742623
            ],
            [
              -0.4574089,
              51.4742621
            ],
            [
              -0.4574639,
              51.4742619
            ],
            [
              -0.4574654,
              51.4743495
            ],
            [
              -0.4526162,
              51.4743657
            ],
            [
              -0.4526162,
              51.474339
            ],
            [
              -0.4524055,
              51.4743386
            ],
            [
              -0.4523758,
              51.4743361
            ],
            [
              -0.452352,
              51.4743313
            ],
            [
              -0.4523306,
              51.4743199
            ],
            [
              -0.4522272,
              51.4742245
            ],
            [
              -0.4521812,
              51.4742279
            ],
            [
              -0.4521253,
              51.474224
            ],
            [
              -0.4520563,
              51.4742116
            ],
            [
              -0.4519717,
              51.4741899
            ],
            [
              -0.4519054,
              51.4741653
            ],
            [
              -0.4518372,
              51.4741253
            ],
            [
              -0.4515485,
              51.4742451
            ],
            [
              -0.4514612,
              51.474164
            ],
            [
              -0.4509119,
              51.474397
            ],
            [
              -0.4507561,
              51.4742542
            ],
            [
              -0.4507251,
              51.4742677
            ],
            [
              -0.4506216,
              51.4741747
            ],
            [
              -0.4506587,
              51.4741588
            ],
            [
              -0.4505681,
              51.4740757
            ],
            [
              -0.4505826,
              51.4740687
            ],
            [
              -0.4504829,
              51.4739746
            ],
            [
              -0.450508,
              51.4739638
            ],
            [
              -0.4503974,
              51.4738583
            ],
            [
              -0.450741,
              51.4737116
            ],
            [
              -0.4505979,
              51.4735825
            ],
            [
              -0.4504894,
              51.4736292
            ],
            [
              -0.4503861,
              51.473536
            ],
            [
              -0.4503401,
              51.4734948
            ],
            [
              -0.4502236,
              51.4733916
            ],
            [
              -0.4501136,
              51.473438
            ],
            [
              -0.4495758,
              51.4729468
            ],
            [
              -0.4495306,
              51.472967
            ],
            [
              -0.4495225,
              51.4730011
            ],
            [
              -0.4494186,
              51.4729918
            ],
            [
              -0.4494221,
              51.4729785
            ],
            [
              -0.4493184,
              51.4729699
            ],
            [
              -0.4493268,
              51.4729242
            ],
            [
              -0.4494103,
              51.4729298
            ],
            [
              -0.4496114,
              51.4728446
            ],
            [
              -0.4495707,
              51.4728067
            ],
            [
              -0.4495181,
              51.4728221
            ],
            [
              -0.4489937,
              51.472833
            ],
            [
              -0.4485287,
              51.4723994
            ],
            [
              -0.4480871,
              51.4725753
            ],
            [
              -0.4479998,
              51.4724902
            ],
            [
              -0.4481057,
              51.4724456
            ],
            [
              -0.4479833,
              51.4723322
            ],
            [
              -0.4482018,
              51.4722388
            ],
            [
              -0.4481335,
              51.4721753
            ],
            [
              -0.4482962,
              51.4721079
            ],
            [
              -0.4481894,
              51.4720079
            ],
            [
              -0.4485478,
              51.4718617
            ],
            [
              -0.4485953,
              51.4719068
            ],
            [
              -0.4486379,
              51.4718898
            ],
            [
              -0.4487191,
              51.4718574
            ],
            [
              -0.4486573,
              51.4717973
            ],
            [
              -0.4486925,
              51.4717827
            ],
            [
              -0.4486662,
              51.4717586
            ],
            [
              -0.4487626,
              51.4717196
            ],
            [
              -0.4488002,
              51.4717558
            ],
            [
              -0.4488834,
              51.4717212
            ],
            [
              -0.4490655,
              51.4716455
            ],
            [
              -0.448485,
              51.4710909
            ],
            [
              -0.4484421,
              51.4710325
            ],
            [
              -0.4484362,
              51.4709933
            ],
            [
              -0.4479141,
              51.4709928
            ],
            [
              -0.4479142,
              51.4709309
            ],
            [
              -0.4480177,
              51.4709302
            ],
            [
              -0.4484431,
              51.4709313
            ]
          ]
        ]
      },
      "properties": {
        "aeroway": "terminal",
        "baby_feeding": "no",
        "building": "airport_terminal",
        "layer": "1",
        "name": "Terminal 1",
        "source": "Bing",
        "type": "multipolygon",
        "wheelchair": "no",
        "wikidata": "Q6670465",
        "osm_id": 54608,
        "osm_type": "relation"
      }
    },
    {
      "type": "Feature",
      "geometry": {
        "type": "MultiPolygon",
        "coordinates": [
          [
            [
              [
                -0.489518,
                51.4700808
              ],
              [
                -0.4896536,
                51.4700798
              ],
              [
                -0.489835,
                51.4700784
              ],
              [
                -0.4898389,
                51.4700784
              ],
              [
                -0.490504,
                51.4700782
              ],
              [
                -0.4905099,
                51.4709402
              ],
              [
                -0.4907002,
                51.4709342
              ],
              [
                -0.4907555,
                51.4709478
              ],
              [
                -0.4907954,
                51.4709754
              ],
              [
                -0.4908156,
                51.4710098
              ],
              [
                -0.4908174,
                51.4710517
              ],
              [
                -0.4907909,
                51.4710901
              ],
              [
                -0.4907418,
                51.4711197
              ],
              [
                -0.4906668,
                51.4711322
              ],
              [
                -0.4905112,
                51.4711389
              ],
              [
                -0.4905121,
                51.471206
              ],
              [
                -0.4906802,
                51.4712051
              ],
              [
                -0.4907493,
                51.4712117
              ],
              [
                -0.4908082,
                51.4712469
              ],
              [
                -0.4908295,
                51.471283
              ],
              [
                -0.4908231,
                51.471329
              ],
              [
                -0.4907902,
                51.4713667
              ],
              [
                -0.4907164,
                51.4714037
              ],
              [
                -0.4905146,
                51.4714064
              ],
              [
                -0.4905178,
                51.472105
              ],
              [
                -0.4906602,
                51.4721026
              ],
              [
                -0.4907201,
                51.4721047
              ],
              [
                -0.4907925,
                51.472128
              ],
              [
                -0.4908344,
                51.472173
              ],
              [
                -0.4908421,
                51.4722217
              ],
              [
                -0.490818,
                51.4722587
              ],
              [
                -0.4907385,
                51.4722967
              ],
              [
                -0.4906658,
                51.4723046
              ],
              [
                -0.490519,
                51.4723055
              ],
              [
                -0.4905195,
                51.4723736
              ],
              [
                -0.4906868,
                51.4723722
              ],
              [
                -0.4907402,
                51.472377
              ],
              [
                -0.4907943,
                51.4723953
              ],
              [
                -0.490831,
                51.4724309
              ],
              [
                -0.4908421,
                51.4724751
              ],
              [
                -0.4908303,
                51.4725156
              ],
              [
                -0.4907901,
                51.4725499
              ],
              [
                -0.4907379,
                51.4725679
              ],
              [
                -0.4906938,
                51.4725741
              ],
              [
                -0.4905208,
                51.4725733
              ],
              [
                -0.490526,
                51.4733404
              ],
              [
                -0.4905263,
                51.4733829
              ],
              [
                -0.4903882,
                51.4733822
              ],
              [
                -0.4901101,
                51.473384
              ],
              [
                -0.4898442,
                51.4733847
              ],
              [
                -0.4898253,
                51.4733836
              ],
              [
                -0.4896982,
                51.473385
              ],
              [
                -0.4896763,
                51.4733852
              ],
              [
                -0.4896455,
                51.4733853
              ],
              [
                -0.4895403,
                51.4733855
              ],
              [
                -0.4895381,
                51.473063
              ],
              [
                -0.4894499,
                51.4730632
              ],
              [
                -0.4894495,
                51.473002
              ],
              [
                -0.4895377,
                51.4730018
              ],
              [
                -0.4895357,
                51.4728046
              ],
              [
                -0.4894339,
                51.472805
              ],
              [
                -0.4894331,
                51.4727185
              ],
              [
                -0.4894324,
                51.4726486
              ],
              [
                -0.4895353,
                51.4726482
              ],
              [
                -0.4895291,
                51.4718375
              ],
              [
                -0.4894198,
                51.4718377
              ],
              [
                -0.4894195,
                51.4717444
              ],
              [
                -0.4894192,
                51.4716716
              ],
              [
                -0.4895265,
                51.4716714
              ],
              [
                -0.489526,
                51.4714749
              ],
              [
                -0.489443,
                51.471475
              ],
              [
                -0.4894429,
                51.471416
              ],
              [
                -0.4895258,
                51.4714159
              ],
              [
                -0.4895251,
                51.4711841
              ],
              [
                -0.4894387,
                51.4711841
              ],
              [
                -0.4894386,
                51.4710999
              ],
              [
                -0.4894386,
                51.4710234
              ],
              [
                -0.4895246,
                51.4710234
              ],
              [
                -0.4895232,
                51.4705336
              ],
              [
                -0.4894442,
                51.4705338
              ],
              [
                -0.4894437,
                51.4704446
              ],
              [
                -0.4894432,
                51.4703707
              ],
              [
                -0.4895219,
                51.4703706
              ],
              [
                -0.489518,
                51.4700808
              ]
            ]
          ],
          [
            [
              [
                -0.4764002,
                51.4708987
              ],
              [
                -0.4764067,
                51.4717259
              ],
              [
                -0.476424,
                51.4717251
              ],
              [
                -0.4766758,
                51.4715269
              ],
              [
                -0.4767069,
                51.4715263
              ],
              [
                -0.4767068,
                51.4715192
              ],
              [
                -0.4769197,
                51.4715186
              ],
              [
                -0.4769203,
                51.4715978
              ],
              [
                -0.4767364,
                51.4715983
              ],
              [
                -0.4767362,
                51.4715655
              ],
              [
                -0.4767072,
                51.4715656
              ],
              [
                -0.4767071,
                51.4715518
              ],
              [
                -0.4766865,
                51.4715568
              ],
              [
                -0.476426,
                51.4717564
              ],
              [
                -0.4764069,
                51.4717579
              ],
              [
                -0.4764092,
                51.4720486
              ],
              [
                -0.476422,
                51.4720486
              ],
              [
                -0.4767077,
                51.4725058
              ],
              [
                -0.4767146,
                51.4725064
              ],
              [
                -0.4767145,
                51.4725008
              ],
              [
                -0.4769274,
                51.4725001
              ],
              [
                -0.476928,
                51.4725704
              ],
              [
                -0.4767444,
                51.472571
              ],
              [
                -0.4767441,
                51.4725371
              ],
              [
                -0.4767148,
                51.4725372
              ],
              [
                -0.4767148,
                51.4725289
              ],
              [
                -0.4766822,
                51.4725289
              ],
              [
                -0.4764095,
                51.4720833
              ],
              [
                -0.4764118,
                51.4723736
              ],
              [
                -0.4764327,
                51.472374
              ],
              [
                -0.4766225,
                51.4727215
              ],
              [
                -0.4764931,
                51.4730661
              ],
              [
                -0.4764998,
                51.4733234
              ],
              [
                -0.4767077,
                51.4734539
              ],
              [
                -0.4767221,
                51.4734549
              ],
              [
                -0.476722,
                51.473444
              ],
              [
                -0.4769348,
                51.4734433
              ],
              [
                -0.4769354,
                51.4735213
              ],
              [
                -0.4767519,
                51.4735219
              ],
              [
                -0.4767516,
                51.4734913
              ],
              [
                -0.4767223,
                51.4734914
              ],
              [
                -0.4767222,
                51.4734733
              ],
              [
                -0.4766889,
                51.4734741
              ],
              [
                -0.4764596,
                51.4733351
              ],
              [
                -0.4764522,
                51.4730698
              ],
              [
                -0.4765776,
                51.4727232
              ],
              [
                -0.476424,
                51.4724149
              ],
              [
                -0.4764121,
                51.4724128
              ],
              [
                -0.4764122,
                51.472421
              ],
              [
                -0.4764131,
                51.4725371
              ],
              [
                -0.4757906,
                51.472539
              ],
              [
                -0.4757889,
                51.4725014
              ],
              [
                -0.4756646,
                51.4727411
              ],
              [
                -0.4758115,
                51.4730366
              ],
              [
                -0.4758148,
                51.4733336
              ],
              [
                -0.4755738,
                51.4736755
              ],
              [
                -0.4755368,
                51.4736736
              ],
              [
                -0.4755369,
                51.4736822
              ],
              [
                -0.4753249,
                51.4736828
              ],
              [
                -0.4753243,
                51.473608
              ],
              [
                -0.4755048,
                51.4736075
              ],
              [
                -0.4755051,
                51.4736422
              ],
              [
                -0.4755366,
                51.4736421
              ],
              [
                -0.4755367,
                51.4736483
              ],
              [
                -0.475556,
                51.4736479
              ],
              [
                -0.4757783,
                51.4733325
              ],
              [
                -0.4757779,
                51.4730379
              ],
              [
                -0.475619,
                51.4727509
              ],
              [
                -0.4757889,
                51.472439
              ],
              [
                -0.4757897,
                51.4724229
              ],
              [
                -0.4757875,
                51.4721438
              ],
              [
                -0.4756009,
                51.4723556
              ],
              [
                -0.4755764,
                51.4728756
              ],
              [
                -0.4755305,
                51.4728752
              ],
              [
                -0.4755306,
                51.4728859
              ],
              [
                -0.4753186,
                51.4728865
              ],
              [
                -0.475318,
                51.4728136
              ],
              [
                -0.4754985,
                51.472813
              ],
              [
                -0.4754988,
                51.472845
              ],
              [
                -0.4755303,
                51.4728449
              ],
              [
                -0.4755304,
                51.4728531
              ],
              [
                -0.4755409,
                51.4728531
              ],
              [
                -0.4755604,
                51.4723589
              ],
              [
                -0.4757872,
                51.4721025
              ],
              [
                -0.4757842,
                51.4717236
              ],
              [
                -0.4755496,
                51.4719404
              ],
              [
                -0.4755232,
                51.4719404
              ],
              [
                -0.4755233,
                51.4719578
              ],
              [
                -0.4753113,
                51.4719584
              ],
              [
                -0.4753107,
                51.4718821
              ],
              [
                -0.4754912,
                51.4718816
              ],
              [
                -0.4754915,
                51.4719153
              ],
              [
                -0.475523,
                51.4719152
              ],
              [
                -0.475523,
                51.4719204
              ],
              [
                -0.4755382,
                51.4719191
              ],
              [
                -0.475784,
                51.4716906
              ],
              [
                -0.4757786,
                51.4710088
              ],
              [
                -0.4755456,
                51.4711372
              ],
              [
                -0.4755169,
                51.4711359
              ],
              [
                -0.475517,
                51.4711461
              ],
              [
                -0.4753049,
                51.4711468
              ],
              [
                -0.4753044,
                51.4710753
              ],
              [
                -0.4754849,
                51.4710748
              ],
              [
                -0.4754851,
                51.4711076
              ],
              [
                -0.4755167,
                51.4711075
              ],
              [
                -0.4755167,
                51.4711136
              ],
              [
                -0.4755339,
                51.4711132
              ],
              [
                -0.4757784,
                51.4709831
              ],
              [
                -0.4757732,
                51.470321
              ],
              [
                -0.4755349,
                51.4702475
              ],
              [
                -0.4755099,
                51.4702458
              ],
              [
                -0.47551,
                51.470257
              ],
              [
                -0.4752979,
                51.4702577
              ],
              [
                -0.4752973,
                51.4701794
              ],
              [
                -0.4754778,
                51.4701789
              ],
              [
                -0.4754781,
                51.470215
              ],
              [
                -0.4755096,
                51.4702149
              ],
              [
                -0.4755402,
                51.470217
              ],
              [
                -0.475773,
                51.4702951
              ],
              [
                -0.4757699,
                51.4699059
              ],
              [
                -0.4757697,
                51.4698778
              ],
              [
                -0.4756361,
                51.4696623
              ],
              [
                -0.4754276,
                51.469588
              ],
              [
                -0.4754038,
                51.4695892
              ],
              [
                -0.4754038,
                51.4695973
              ],
              [
                -0.4752254,
                51.4695979
              ],
              [
                -0.4752248,
                51.4695327
              ],
              [
                -0.4754033,
                51.4695322
              ],
              [
                -0.4754036,
                51.4695687
              ],
              [
                -0.4754397,
                51.4695692
              ],
              [
                -0.4756576,
                51.4696435
              ],
              [
                -0.4757693,
                51.4698277
              ],
              [
                -0.4757663,
                51.4694387
              ],
              [
                -0.4763887,
                51.4694368
              ],
              [
                -0.4763924,
                51.469904
              ],
              [
                -0.4764022,
                51.4699046
              ],
              [
                -0.4766969,
                51.4696176
              ],
              [
                -0.4767445,
                51.469387
              ],
              [
                -0.4767821,
                51.4693905
              ],
              [
                -0.4769666,
                51.46939
              ],
              [
                -0.4769671,
                51.4694533
              ],
              [
                -0.4767826,
                51.4694538
              ],
              [
                -0.4767823,
                51.4694202
              ],
              [
                -0.4767757,
                51.4694211
              ],
              [
                -0.4767295,
                51.4696245
              ],
              [
                -0.4764153,
                51.4699259
              ],
              [
                -0.4763926,
                51.4699263
              ],
              [
                -0.4763948,
                51.470217
              ],
              [
                -0.476412,
                51.470217
              ],
              [
                -0.4767586,
                51.4700499
              ],
              [
                -0.4767873,
                51.4700512
              ],
              [
                -0.4769718,
                51.4700507
              ],
              [
                -0.4769723,
                51.4701175
              ],
              [
                -0.4767878,
                51.470118
              ],
              [
                -0.4767875,
                51.4700762
              ],
              [
                -0.4767694,
                51.4700771
              ],
              [
                -0.4764193,
                51.4702438
              ],
              [
                -0.476395,
                51.4702446
              ],
              [
                -0.4764,
                51.470869
              ],
              [
                -0.476416,
                51.4708716
              ],
              [
                -0.4767673,
                51.4707145
              ],
              [
                -0.4767925,
                51.4707185
              ],
              [
                -0.476977,
                51.4707179
              ],
              [
                -0.4769775,
                51.470782
              ],
              [
                -0.476793,
                51.4707826
              ],
              [
                -0.4767926,
                51.4707375
              ],
              [
                -0.4767747,
                51.4707387
              ],
              [
                -0.47642,
                51.4708962
              ],
              [
                -0.4764002,
                51.4708987
              ]
            ]
          ],
          [
            [
              [
                -0.4808784,
                51.4702108
              ],
              [
                -0.4808719,
                51.4696209
              ],
              [
                -0.4806599,
                51.4695733
              ],
              [
                -0.4806282,
                51.4695738
              ],
              [
                -0.4806283,
                51.4695839
              ],
              [
                -0.4805098,
                51.4695843
              ],
              [
                -0.4805095,
                51.4695515
              ],
              [
                -0.4804682,
                51.4695516
              ],
              [
                -0.480468,
                51.4695187
              ],
              [
                -0.4806278,
                51.4695182
              ],
              [
                -0.4806281,
                51.4695504
              ],
              [
                -0.4806679,
                51.4695499
              ],
              [
                -0.4808717,
                51.4695971
              ],
              [
                -0.4808712,
                51.4695524
              ],
              [
                -0.4809542,
                51.469552
              ],
              [
                -0.4809476,
                51.4689423
              ],
              [
                -0.4809576,
                51.4689422
              ],
              [
                -0.4809509,
                51.4689255
              ],
              [
                -0.4806592,
                51.4688979
              ],
              [
                -0.4806228,
                51.4688971
              ],
              [
                -0.4806229,
                51.4689096
              ],
              [
                -0.480506,
                51.4689099
              ],
              [
                -0.4805057,
                51.468873
              ],
              [
                -0.4804628,
                51.4688731
              ],
              [
                -0.4804626,
                51.4688486
              ],
              [
                -0.4806224,
                51.4688481
              ],
              [
                -0.4806226,
                51.4688674
              ],
              [
                -0.4806572,
                51.4688674
              ],
              [
                -0.4809918,
                51.4689071
              ],
              [
                -0.4809992,
                51.4689421
              ],
              [
                -0.481543,
                51.4689398
              ],
              [
                -0.481543,
                51.4689108
              ],
              [
                -0.4817871,
                51.4687241
              ],
              [
                -0.4818228,
                51.4687227
              ],
              [
                -0.4819462,
                51.4687224
              ],
              [
                -0.4819465,
                51.4687512
              ],
              [
                -0.4819862,
                51.468751
              ],
              [
                -0.4819865,
                51.4687794
              ],
              [
                -0.4818232,
                51.4687799
              ],
              [
                -0.4818229,
                51.4687437
              ],
              [
                -0.4818072,
                51.4687446
              ],
              [
                -0.4815826,
                51.4689188
              ],
              [
                -0.4815833,
                51.4689396
              ],
              [
                -0.4815985,
                51.4689396
              ],
              [
                -0.4816051,
                51.4695493
              ],
              [
                -0.4816808,
                51.4695491
              ],
              [
                -0.4818642,
                51.46939
              ],
              [
                -0.4819037,
                51.4693894
              ],
              [
                -0.4820201,
                51.469389
              ],
              [
                -0.4820204,
                51.4694246
              ],
              [
                -0.4820654,
                51.4694244
              ],
              [
                -0.4820656,
                51.4694507
              ],
              [
                -0.4819042,
                51.4694512
              ],
              [
                -0.4819038,
                51.4694058
              ],
              [
                -0.4818857,
                51.4694092
              ],
              [
                -0.4817194,
                51.4695602
              ],
              [
                -0.4816805,
                51.4695648
              ],
              [
                -0.4816855,
                51.4700512
              ],
              [
                -0.481909,
                51.4700519
              ],
              [
                -0.4820254,
                51.4700515
              ],
              [
                -0.4820257,
                51.4700855
              ],
              [
                -0.4820707,
                51.4700854
              ],
              [
                -0.4820709,
                51.4701111
              ],
              [
                -0.4819095,
                51.4701116
              ],
              [
                -0.4819092,
                51.4700704
              ],
              [
                -0.4816857,
                51.4700737
              ],
              [
                -0.4816914,
                51.4705909
              ],
              [
                -0.4818951,
                51.4707036
              ],
              [
                -0.4819143,
                51.4707045
              ],
              [
                -0.4820307,
                51.4707041
              ],
              [
                -0.4820309,
                51.4707391
              ],
              [
                -0.482076,
                51.470739
              ],
              [
                -0.4820762,
                51.4707679
              ],
              [
                -0.4819148,
                51.4707684
              ],
              [
                -0.4819145,
                51.4707274
              ],
              [
                -0.481885,
                51.4707254
              ],
              [
                -0.4816916,
                51.4706134
              ],
              [
                -0.4816996,
                51.4713452
              ],
              [
                -0.481893,
                51.4713874
              ],
              [
                -0.4819198,
                51.4713882
              ],
              [
                -0.4820362,
                51.4713879
              ],
              [
                -0.4820364,
                51.4714182
              ],
              [
                -0.4820814,
                51.4714181
              ],
              [
                -0.4820817,
                51.471448
              ],
              [
                -0.4819202,
                51.4714485
              ],
              [
                -0.4819199,
                51.4714062
              ],
              [
                -0.4819051,
                51.4714054
              ],
              [
                -0.4816998,
                51.4713661
              ],
              [
                -0.4817055,
                51.4718857
              ],
              [
                -0.4819085,
                51.4720419
              ],
              [
                -0.481925,
                51.4720426
              ],
              [
                -0.4820414,
                51.4720422
              ],
              [
                -0.4820417,
                51.4720773
              ],
              [
                -0.4820867,
                51.4720772
              ],
              [
                -0.4820869,
                51.4721042
              ],
              [
                -0.4819255,
                51.4721047
              ],
              [
                -0.4819252,
                51.4720653
              ],
              [
                -0.4818957,
                51.4720632
              ],
              [
                -0.4817058,
                51.4719216
              ],
              [
                -0.4817097,
                51.4722731
              ],
              [
                -0.4816182,
                51.4722735
              ],
              [
                -0.4816209,
                51.4725231
              ],
              [
                -0.4816617,
                51.4725218
              ],
              [
                -0.4819091,
                51.4727106
              ],
              [
                -0.4819304,
                51.4727105
              ],
              [
                -0.4820468,
                51.4727101
              ],
              [
                -0.4820471,
                51.4727473
              ],
              [
                -0.4820921,
                51.4727471
              ],
              [
                -0.4820923,
                51.4727713
              ],
              [
                -0.4819309,
                51.4727718
              ],
              [
                -0.4819306,
                51.4727353
              ],
              [
                -0.4818998,
                51.4727361
              ],
              [
                -0.481647,
                51.472549
              ],
              [
                -0.4816212,
                51.4725486
              ],
              [
                -0.4816242,
                51.4728269
              ],
              [
                -0.4815471,
                51.4728272
              ],
              [
                -0.4815484,
                51.4728719
              ],
              [
                -0.4816161,
                51.4731671
              ],
              [
                -0.4819358,
                51.4733845
              ],
              [
                -0.4820522,
                51.4733841
              ],
              [
                -0.4820525,
                51.4734203
              ],
              [
                -0.4820975,
                51.4734202
              ],
              [
                -0.4820977,
                51.4734468
              ],
              [
                -0.4819363,
                51.4734473
              ],
              [
                -0.481936,
                51.4734077
              ],
              [
                -0.4819051,
                51.4734056
              ],
              [
                -0.4815826,
                51.4731768
              ],
              [
                -0.4815088,
                51.4728673
              ],
              [
                -0.4815068,
                51.4728274
              ],
              [
                -0.4810998,
                51.4728292
              ],
              [
                -0.4810984,
                51.4728719
              ],
              [
                -0.4810341,
                51.47312
              ],
              [
                -0.4810374,
                51.4736283
              ],
              [
                -0.4806156,
                51.473688
              ],
              [
                -0.4805828,
                51.4736876
              ],
              [
                -0.4805829,
                51.4736971
              ],
              [
                -0.4804665,
                51.4736975
              ],
              [
                -0.4804662,
                51.4736633
              ],
              [
                -0.4804267,
                51.4736634
              ],
              [
                -0.4804265,
                51.4736393
              ],
              [
                -0.4805824,
                51.4736388
              ],
              [
                -0.4805827,
                51.4736642
              ],
              [
                -0.4806203,
                51.4736629
              ],
              [
                -0.4810052,
                51.473612
              ],
              [
                -0.4809985,
                51.4731166
              ],
              [
                -0.4810622,
                51.4728706
              ],
              [
                -0.4810602,
                51.4728294
              ],
              [
                -0.4809796,
                51.4728297
              ],
              [
                -0.4809766,
                51.4725511
              ],
              [
                -0.4809516,
                51.4725515
              ],
              [
                -0.4806907,
                51.4728025
              ],
              [
                -0.4806542,
                51.4728029
              ],
              [
                -0.4806543,
                51.472812
              ],
              [
                -0.4805373,
                51.4728124
              ],
              [
                -0.4805371,
                51.4727768
              ],
              [
                -0.4804941,
                51.4727769
              ],
              [
                -0.4804939,
                51.4727508
              ],
              [
                -0.4806538,
                51.4727503
              ],
              [
                -0.480654,
                51.4727775
              ],
              [
                -0.4806787,
                51.4727766
              ],
              [
                -0.4809342,
                51.4725294
              ],
              [
                -0.4809763,
                51.4725289
              ],
              [
                -0.4809735,
                51.4722763
              ],
              [
                -0.4809009,
                51.4722766
              ],
              [
                -0.4808952,
                51.4717567
              ],
              [
                -0.480682,
                51.4718435
              ],
              [
                -0.4806465,
                51.4718423
              ],
              [
                -0.4806466,
                51.4718519
              ],
              [
                -0.4805296,
                51.4718523
              ],
              [
                -0.4805294,
                51.4718199
              ],
              [
                -0.4804864,
                51.4718201
              ],
              [
                -0.4804862,
                51.4717878
              ],
              [
                -0.480646,
                51.4717873
              ],
              [
                -0.4806463,
                51.4718197
              ],
              [
                -0.480672,
                51.4718193
              ],
              [
                -0.480895,
                51.4717324
              ],
              [
                -0.4808879,
                51.4710846
              ],
              [
                -0.4806753,
                51.4710311
              ],
              [
                -0.48064,
                51.4710303
              ],
              [
                -0.4806401,
                51.4710436
              ],
              [
                -0.4805251,
                51.471044
              ],
              [
                -0.4805249,
                51.4710107
              ],
              [
                -0.4804799,
                51.4710108
              ],
              [
                -0.4804797,
                51.470985
              ],
              [
                -0.4806396,
                51.4709845
              ],
              [
                -0.4806398,
                51.4710086
              ],
              [
                -0.4806854,
                51.4710081
              ],
              [
                -0.4808876,
                51.4710549
              ],
              [
                -0.4808786,
                51.4702329
              ],
              [
                -0.480672,
                51.4702383
              ],
              [
                -0.4806336,
                51.4702383
              ],
              [
                -0.4806337,
                51.4702474
              ],
              [
                -0.4805167,
                51.4702478
              ],
              [
                -0.4805165,
                51.4702151
              ],
              [
                -0.4804736,
                51.4702152
              ],
              [
                -0.4804733,
                51.4701849
              ],
              [
                -0.4806332,
                51.4701844
              ],
              [
                -0.4806334,
                51.470217
              ],
              [
                -0.4806653,
                51.4702141
              ],
              [
                -0.4808784,
                51.4702108
              ]
            ]
          ],
          [
            [
              [
                -0.4880959,
                51.469855
              ],
              [
                -0.4874063,
                51.4695516
              ],
              [
                -0.487405,
                51.4695294
              ],
              [
                -0.487404,
                51.4693763
              ],
              [
                -0.4874478,
                51.4693762
              ],
              [
                -0.4874482,
                51.4694341
              ],
              [
                -0.4875147,
                51.4694339
              ],
              [
                -0.4875153,
                51.4695291
              ],
              [
                -0.4874525,
                51.4695293
              ],
              [
                -0.48746,
                51.4695391
              ],
              [
                -0.488152,
                51.4698548
              ],
              [
                -0.4883384,
                51.4698541
              ],
              [
                -0.4881282,
                51.4695274
              ],
              [
                -0.4881272,
                51.4693731
              ],
              [
                -0.4881717,
                51.469373
              ],
              [
                -0.488172,
                51.4694277
              ],
              [
                -0.4882334,
                51.4694275
              ],
              [
                -0.488234,
                51.4695272
              ],
              [
                -0.4881759,
                51.4695273
              ],
              [
                -0.4883733,
                51.469854
              ],
              [
                -0.4885583,
                51.4698538
              ],
              [
                -0.4889245,
                51.4694672
              ],
              [
                -0.4889241,
                51.4694564
              ],
              [
                -0.4889233,
                51.4693313
              ],
              [
                -0.4889678,
                51.4693311
              ],
              [
                -0.488968,
                51.4693606
              ],
              [
                -0.4890243,
                51.4693605
              ],
              [
                -0.4890249,
                51.4694562
              ],
              [
                -0.4889719,
                51.4694563
              ],
              [
                -0.4886013,
                51.4698537
              ],
              [
                -0.4891468,
                51.469853
              ],
              [
                -0.4891566,
                51.4704452
              ],
              [
                -0.4891634,
                51.4711007
              ],
              [
                -0.4891701,
                51.4717449
              ],
              [
                -0.4891764,
                51.472353
              ],
              [
                -0.4891782,
                51.4725225
              ],
              [
                -0.4891803,
                51.4727195
              ],
              [
                -0.4891868,
                51.4733527
              ],
              [
                -0.488646,
                51.4733548
              ],
              [
                -0.4893912,
                51.4739031
              ],
              [
                -0.4893899,
                51.4739307
              ],
              [
                -0.4894178,
                51.4739309
              ],
              [
                -0.4894177,
                51.4739495
              ],
              [
                -0.4894173,
                51.4740067
              ],
              [
                -0.489416,
                51.4740596
              ],
              [
                -0.4893696,
                51.4740586
              ],
              [
                -0.4893702,
                51.4740304
              ],
              [
                -0.4893198,
                51.4740293
              ],
              [
                -0.4893187,
                51.4739294
              ],
              [
                -0.4893516,
                51.47393
              ],
              [
                -0.4893509,
                51.4739119
              ],
              [
                -0.4886308,
                51.4733789
              ],
              [
                -0.4886013,
                51.473355
              ],
              [
                -0.488382,
                51.4733559
              ],
              [
                -0.4887739,
                51.473769
              ],
              [
                -0.4887753,
                51.473791
              ],
              [
                -0.4887987,
                51.4737913
              ],
              [
                -0.4887988,
                51.4738071
              ],
              [
                -0.4887992,
                51.4738645
              ],
              [
                -0.4887959,
                51.4739395
              ],
              [
                -0.4887617,
                51.4739389
              ],
              [
                -0.4887607,
                51.4739566
              ],
              [
                -0.4887358,
                51.4739552
              ],
              [
                -0.4886903,
                51.4739067
              ],
              [
                -0.4886847,
                51.4738913
              ],
              [
                -0.4886997,
                51.4738909
              ],
              [
                -0.4886986,
                51.4737895
              ],
              [
                -0.488731,
                51.4737901
              ],
              [
                -0.4887307,
                51.4737713
              ],
              [
                -0.4883407,
                51.473356
              ],
              [
                -0.4881227,
                51.4733569
              ],
              [
                -0.4881498,
                51.4737913
              ],
              [
                -0.488176,
                51.4737921
              ],
              [
                -0.4881758,
                51.4738093
              ],
              [
                -0.4881749,
                51.4738693
              ],
              [
                -0.4881746,
                51.4739417
              ],
              [
                -0.4881393,
                51.4739414
              ],
              [
                -0.4881386,
                51.4739582
              ],
              [
                -0.488116,
                51.4739589
              ],
              [
                -0.4880736,
                51.4739121
              ],
              [
                -0.488075,
                51.4737901
              ],
              [
                -0.4881104,
                51.4737907
              ],
              [
                -0.48809,
                51.473357
              ],
              [
                -0.4876171,
                51.4733589
              ],
              [
                -0.487342,
                51.4737431
              ],
              [
                -0.4873415,
                51.4737633
              ],
              [
                -0.4873675,
                51.4737635
              ],
              [
                -0.4873673,
                51.4737803
              ],
              [
                -0.4873667,
                51.4738393
              ],
              [
                -0.4873649,
                51.4739166
              ],
              [
                -0.4873274,
                51.4739171
              ],
              [
                -0.4873271,
                51.4739294
              ],
              [
                -0.4873059,
                51.4739294
              ],
              [
                -0.4872625,
                51.4738797
              ],
              [
                -0.4872677,
                51.4737627
              ],
              [
                -0.487301,
                51.473763
              ],
              [
                -0.4873017,
                51.4737444
              ],
              [
                -0.4875706,
                51.4733591
              ],
              [
                -0.4873676,
                51.4733599
              ],
              [
                -0.4864495,
                51.4738939
              ],
              [
                -0.4864338,
                51.4738934
              ],
              [
                -0.4864333,
                51.4739006
              ],
              [
                -0.486404,
                51.4739003
              ],
              [
                -0.4862304,
                51.4738988
              ],
              [
                -0.4862323,
                51.47387
              ],
              [
                -0.4862735,
                51.4738695
              ],
              [
                -0.4862751,
                51.4738387
              ],
              [
                -0.4864365,
                51.4738384
              ],
              [
                -0.4864352,
                51.4738659
              ],
              [
                -0.4873212,
                51.4733601
              ],
              [
                -0.4870965,
                51.473361
              ],
              [
                -0.4870898,
                51.4733756
              ],
              [
                -0.4864291,
                51.4735067
              ],
              [
                -0.4864288,
                51.4735131
              ],
              [
                -0.4864041,
                51.4735132
              ],
              [
                -0.4861858,
                51.4735135
              ],
              [
                -0.4861846,
                51.4734896
              ],
              [
                -0.4861648,
                51.4734886
              ],
              [
                -0.4861646,
                51.4734729
              ],
              [
                -0.4862482,
                51.4734495
              ],
              [
                -0.48643,
                51.4734529
              ],
              [
                -0.4864297,
                51.47348
              ],
              [
                -0.4870536,
                51.4733611
              ],
              [
                -0.486749,
                51.4733624
              ],
              [
                -0.4867436,
                51.4728281
              ],
              [
                -0.4867435,
                51.4728217
              ],
              [
                -0.4864474,
                51.4729992
              ],
              [
                -0.4864267,
                51.4729968
              ],
              [
                -0.4864263,
                51.4730111
              ],
              [
                -0.4863963,
                51.4730111
              ],
              [
                -0.4862778,
                51.4730107
              ],
              [
                -0.4861808,
                51.4730111
              ],
              [
                -0.4861815,
                51.472987
              ],
              [
                -0.4861609,
                51.4729866
              ],
              [
                -0.4861617,
                51.4729712
              ],
              [
                -0.4862375,
                51.4729447
              ],
              [
                -0.4864276,
                51.4729479
              ],
              [
                -0.4864271,
                51.4729746
              ],
              [
                -0.4867432,
                51.4727925
              ],
              [
                -0.4867391,
                51.4723781
              ],
              [
                -0.4864448,
                51.4726129
              ],
              [
                -0.4864234,
                51.4726117
              ],
              [
                -0.4864232,
                51.4726204
              ],
              [
                -0.4863933,
                51.4726202
              ],
              [
                -0.4861787,
                51.4726188
              ],
              [
                -0.486179,
                51.472594
              ],
              [
                -0.4861585,
                51.4725937
              ],
              [
                -0.4861581,
                51.4725801
              ],
              [
                -0.4862367,
                51.4725544
              ],
              [
                -0.4864243,
                51.4725599
              ],
              [
                -0.4864239,
                51.472582
              ],
              [
                -0.4867385,
                51.4723422
              ],
              [
                -0.4867354,
                51.4721669
              ],
              [
                -0.4864334,
                51.4722232
              ],
              [
                -0.4864199,
                51.4722191
              ],
              [
                -0.4864191,
                51.4722321
              ],
              [
                -0.4863925,
                51.472232
              ],
              [
                -0.4861745,
                51.4722313
              ],
              [
                -0.4861743,
                51.4722089
              ],
              [
                -0.4861544,
                51.4722086
              ],
              [
                -0.4861548,
                51.4721934
              ],
              [
                -0.4862395,
                51.4721674
              ],
              [
                -0.4864214,
                51.4721708
              ],
              [
                -0.4864206,
                51.4721956
              ],
              [
                -0.4864327,
                51.4721965
              ],
              [
                -0.4867352,
                51.4721442
              ],
              [
                -0.4867315,
                51.4717117
              ],
              [
                -0.4864152,
                51.4717118
              ],
              [
                -0.4864143,
                51.4717275
              ],
              [
                -0.4863886,
                51.4717275
              ],
              [
                -0.4861691,
                51.4717275
              ],
              [
                -0.4861699,
                51.4717045
              ],
              [
                -0.4861497,
                51.471704
              ],
              [
                -0.4861494,
                51.4716888
              ],
              [
                -0.4862346,
                51.471661
              ],
              [
                -0.4864139,
                51.4716636
              ],
              [
                -0.4864147,
                51.4716923
              ],
              [
                -0.4867313,
                51.4716906
              ],
              [
                -0.4867249,
                51.471063
              ],
              [
                -0.4864102,
                51.4710343
              ],
              [
                -0.4864099,
                51.4710509
              ],
              [
                -0.4863201,
                51.4710501
              ],
              [
                -0.4861628,
                51.4710487
              ],
              [
                -0.4861629,
                51.4710273
              ],
              [
                -0.4861429,
                51.4710272
              ],
              [
                -0.4861447,
                51.4710127
              ],
              [
                -0.4862353,
                51.4709842
              ],
              [
                -0.4864112,
                51.4709853
              ],
              [
                -0.4864107,
                51.4710111
              ],
              [
                -0.4867245,
                51.4710411
              ],
              [
                -0.4867215,
                51.4708678
              ],
              [
                -0.4864206,
                51.4707964
              ],
              [
                -0.4864206,
                51.4707746
              ],
              [
                -0.4867213,
                51.4708419
              ],
              [
                -0.4867192,
                51.4704121
              ],
              [
                -0.4864035,
                51.4703607
              ],
              [
                -0.4864034,
                51.4703732
              ],
              [
                -0.4863735,
                51.4703732
              ],
              [
                -0.4861583,
                51.4703733
              ],
              [
                -0.4861589,
                51.4703496
              ],
              [
                -0.4861352,
                51.4703493
              ],
              [
                -0.486136,
                51.4703343
              ],
              [
                -0.4862195,
                51.4703082
              ],
              [
                -0.4864044,
                51.4703103
              ],
              [
                -0.486404,
                51.4703323
              ],
              [
                -0.4867192,
                51.4703908
              ],
              [
                -0.4867193,
                51.4698591
              ],
              [
                -0.4870608,
                51.4698568
              ],
              [
                -0.4863979,
                51.4696968
              ],
              [
                -0.4863982,
                51.4697124
              ],
              [
                -0.4863069,
                51.469712
              ],
              [
                -0.4860985,
                51.4697109
              ],
              [
                -0.486069,
                51.4696885
              ],
              [
                -0.4860405,
                51.4696868
              ],
              [
                -0.4860092,
                51.4696631
              ],
              [
                -0.486017,
                51.4696595
              ],
              [
                -0.4860359,
                51.4696585
              ],
              [
                -0.4860369,
                51.4696459
              ],
              [
                -0.4863988,
                51.4696483
              ],
              [
                -0.4863985,
                51.469667
              ],
              [
                -0.4871297,
                51.4698576
              ],
              [
                -0.4871355,
                51.4698575
              ],
              [
                -0.4874535,
                51.4698567
              ],
              [
                -0.4863931,
                51.4695048
              ],
              [
                -0.4860431,
                51.4695069
              ],
              [
                -0.4860427,
                51.4694873
              ],
              [
                -0.4860419,
                51.4693552
              ],
              [
                -0.4860886,
                51.4693551
              ],
              [
                -0.4860888,
                51.4693923
              ],
              [
                -0.4861407,
                51.4693922
              ],
              [
                -0.4861413,
                51.4694871
              ],
              [
                -0.4864018,
                51.4694827
              ],
              [
                -0.487525,
                51.4698568
              ],
              [
                -0.487865,
                51.4698571
              ],
              [
                -0.4867304,
                51.4695537
              ],
              [
                -0.4867253,
                51.4695321
              ],
              [
                -0.4867244,
                51.4693988
              ],
              [
                -0.4867711,
                51.4693986
              ],
              [
                -0.4867713,
                51.4694359
              ],
              [
                -0.4868232,
                51.4694358
              ],
              [
                -0.4868238,
                51.4695318
              ],
              [
                -0.4867734,
                51.4695319
              ],
              [
                -0.4867787,
                51.4695391
              ],
              [
                -0.4879253,
                51.4698565
              ],
              [
                -0.4880959,
                51.469855
              ]
            ]
          ]
        ]
      },
      "properties": {
        "aeroway": "terminal",
        "name": "Heathrow Terminal 5",
        "type": "multipolygon",
        "wikidata": "Q3783997",
        "wikipedia": "en:Heathrow Terminal 5",
        "osm_id": 334919,
        "osm_type": "relation"
      }
    },
    {
      "type": "Feature",
      "geometry": {
        "type": "MultiPolygon",
        "coordinates": [
          [
            [
              [
                -0.4479154,
                51.4706464
              ],
              [
                -0.4478787,
                51.4706466
              ],
              [
                -0.4478786,
                51.4705598
              ],
              [
                -0.4477187,
                51.4705597
              ],
              [
                -0.447719,
                51.4704929
              ],
              [
                -0.447719,
                51.4704095
              ],
              [
                -0.4476503,
                51.4704102
              ],
              [
                -0.4475986,
                51.4704107
              ],
              [
                -0.4475994,
                51.4704933
              ],
              [
                -0.4475998,
                51.4705402
              ],
              [
                -0.4474508,
                51.4705405
              ],
              [
                -0.4474512,
                51.4705862
              ],
              [
                -0.4472668,
                51.4705868
              ],
              [
                -0.4471017,
                51.4705873
              ],
              [
                -0.4471026,
                51.4704949
              ],
              [
                -0.4471034,
                51.4704103
              ],
              [
                -0.447165,
                51.4704103
              ],
              [
                -0.447165,
                51.4703387
              ],
              [
                -0.4471036,
                51.470339
              ],
              [
                -0.4471035,
                51.470314
              ],
              [
                -0.447103,
                51.4702491
              ],
              [
                -0.4476002,
                51.4702473
              ],
              [
                -0.4476015,
                51.4702902
              ],
              [
                -0.4476493,
                51.4702899
              ],
              [
                -0.4477145,
                51.4702894
              ],
              [
                -0.4477151,
                51.470222
              ],
              [
                -0.4477162,
                51.4700805
              ],
              [
                -0.4477131,
                51.4699058
              ],
              [
                -0.4476494,
                51.4699058
              ],
              [
                -0.4475298,
                51.4699058
              ],
              [
                -0.4473933,
                51.4699058
              ],
              [
                -0.4473915,
                51.4698374
              ],
              [
                -0.4473912,
                51.4698253
              ],
              [
                -0.4476507,
                51.4698275
              ],
              [
                -0.4477113,
                51.4698262
              ],
              [
                -0.4477082,
                51.4696845
              ],
              [
                -0.4477039,
                51.4694792
              ],
              [
                -0.4477036,
                51.4692337
              ],
              [
                -0.4477062,
                51.4690942
              ],
              [
                -0.447644,
                51.4690942
              ],
              [
                -0.447616,
                51.4690933
              ],
              [
                -0.4475125,
                51.4690932
              ],
              [
                -0.4473895,
                51.4690932
              ],
              [
                -0.4473884,
                51.4690264
              ],
              [
                -0.4473882,
                51.4690126
              ],
              [
                -0.4476421,
                51.4690128
              ],
              [
                -0.4477046,
                51.4690119
              ],
              [
                -0.4477048,
                51.4689625
              ],
              [
                -0.4477038,
                51.4688888
              ],
              [
                -0.4479586,
                51.4688573
              ],
              [
                -0.4482223,
                51.4688414
              ],
              [
                -0.4482202,
                51.4687361
              ],
              [
                -0.4482197,
                51.4687115
              ],
              [
                -0.4481421,
                51.4687115
              ],
              [
                -0.4480429,
                51.4687114
              ],
              [
                -0.4478071,
                51.4687113
              ],
              [
                -0.4477203,
                51.4686577
              ],
              [
                -0.4475101,
                51.4685279
              ],
              [
                -0.4475102,
                51.4685065
              ],
              [
                -0.4474749,
                51.4685064
              ],
              [
                -0.4471892,
                51.4685052
              ],
              [
                -0.4471875,
                51.4684111
              ],
              [
                -0.4471874,
                51.468402
              ],
              [
                -0.4474923,
                51.4684002
              ],
              [
                -0.447545,
                51.4683999
              ],
              [
                -0.4475432,
                51.4681732
              ],
              [
                -0.4474039,
                51.4680891
              ],
              [
                -0.4472201,
                51.4680883
              ],
              [
                -0.4472204,
                51.4680749
              ],
              [
                -0.447221,
                51.4680544
              ],
              [
                -0.4474282,
                51.468054
              ],
              [
                -0.4476041,
                51.4681586
              ],
              [
                -0.4476081,
                51.4683998
              ],
              [
                -0.4476094,
                51.4685144
              ],
              [
                -0.4477639,
                51.4686097
              ],
              [
                -0.447845,
                51.4686598
              ],
              [
                -0.4480419,
                51.4686589
              ],
              [
                -0.448214,
                51.4686582
              ],
              [
                -0.4482143,
                51.4686514
              ],
              [
                -0.4483935,
                51.4686508
              ],
              [
                -0.4483937,
                51.468753
              ],
              [
                -0.4483926,
                51.4688435
              ],
              [
                -0.4484372,
                51.4688438
              ],
              [
                -0.4487122,
                51.4688473
              ],
              [
                -0.4488611,
                51.4688504
              ],
              [
                -0.449002,
                51.4688543
              ],
              [
                -0.4491568,
                51.4688615
              ],
              [
                -0.4492307,
                51.4688621
              ],
              [
                -0.4492315,
                51.4687562
              ],
              [
                -0.4492315,
                51.4687496
              ],
              [
                -0.4492371,
                51.4687493
              ],
              [
                -0.4492372,
                51.4687413
              ],
              [
                -0.4492376,
                51.4687134
              ],
              [
                -0.449247,
                51.4687135
              ],
              [
                -0.4492493,
                51.4686667
              ],
              [
                -0.4492518,
                51.4686189
              ],
              [
                -0.4492527,
                51.4685955
              ],
              [
                -0.4493725,
                51.4685949
              ],
              [
                -0.4493925,
                51.4685948
              ],
              [
                -0.4493928,
                51.4686814
              ],
              [
                -0.4494152,
                51.4686816
              ],
              [
                -0.4494186,
                51.4687565
              ],
              [
                -0.4494162,
                51.4688537
              ],
              [
                -0.4495864,
                51.4688382
              ],
              [
                -0.4497614,
                51.4688371
              ],
              [
                -0.4498427,
                51.4688406
              ],
              [
                -0.4500036,
                51.4688546
              ],
              [
                -0.4501742,
                51.4688587
              ],
              [
                -0.4503644,
                51.4688505
              ],
              [
                -0.4505974,
                51.4688421
              ],
              [
                -0.4505967,
                51.4687556
              ],
              [
                -0.450596,
                51.4686753
              ],
              [
                -0.4506482,
                51.4686748
              ],
              [
                -0.4506487,
                51.4686325
              ],
              [
                -0.450649,
                51.4686116
              ],
              [
                -0.4505894,
                51.4686121
              ],
              [
                -0.4505893,
                51.4685348
              ],
              [
                -0.4505892,
                51.4684435
              ],
              [
                -0.4507454,
                51.468444
              ],
              [
                -0.450785,
                51.4684441
              ],
              [
                -0.4507857,
                51.4686119
              ],
              [
                -0.4507225,
                51.4686107
              ],
              [
                -0.4507231,
                51.4686327
              ],
              [
                -0.4507246,
                51.46869
              ],
              [
                -0.4508564,
                51.4686893
              ],
              [
                -0.4508567,
                51.4686774
              ],
              [
                -0.4509832,
                51.4686761
              ],
              [
                -0.4509835,
                51.4686834
              ],
              [
                -0.4513301,
                51.4686832
              ],
              [
                -0.4513301,
                51.468629
              ],
              [
                -0.4513301,
                51.468612
              ],
              [
                -0.451281,
                51.4686127
              ],
              [
                -0.4512807,
                51.4684673
              ],
              [
                -0.4514712,
                51.4684669
              ],
              [
                -0.4514727,
                51.4685335
              ],
              [
                -0.4514745,
                51.4686113
              ],
              [
                -0.4514141,
                51.4686115
              ],
              [
                -0.4514143,
                51.4686295
              ],
              [
                -0.4514154,
                51.4687377
              ],
              [
                -0.4509822,
                51.4687378
              ],
              [
                -0.4509824,
                51.4687553
              ],
              [
                -0.4509835,
                51.4688345
              ],
              [
                -0.4511996,
                51.4688338
              ],
              [
                -0.4513066,
                51.4688383
              ],
              [
                -0.4515707,
                51.4688585
              ],
              [
                -0.4515721,
                51.4690428
              ],
              [
                -0.4515736,
                51.469131
              ],
              [
                -0.451576,
                51.4694522
              ],
              [
                -0.451582,
                51.4699132
              ],
              [
                -0.4515833,
                51.4701097
              ],
              [
                -0.4515832,
                51.47025
              ],
              [
                -0.4515835,
                51.4703279
              ],
              [
                -0.4515845,
                51.4705118
              ],
              [
                -0.4515851,
                51.4706334
              ],
              [
                -0.4513668,
                51.4706339
              ],
              [
                -0.4510197,
                51.4706349
              ],
              [
                -0.4483002,
                51.4706438
              ],
              [
                -0.4482991,
                51.4707882
              ],
              [
                -0.4481585,
                51.470788
              ],
              [
                -0.4480177,
                51.4709302
              ],
              [
                -0.4479142,
                51.4709309
              ],
              [
                -0.4479154,
                51.4706464
              ]
            ]
          ],
          [
            [
              [
                -0.4424424,
                51.4731311
              ],
              [
                -0.4428398,
                51.4731298
              ],
              [
                -0.4428393,
                51.4730664
              ],
              [
                -0.4428568,
                51.4730663
              ],
              [
                -0.4428518,
                51.4724509
              ],
              [
                -0.4428343,
                51.472451
              ],
              [
                -0.4428339,
                51.4724068
              ],
              [
                -0.4425054,
                51.4724079
              ],
              [
                -0.4425052,
                51.472387
              ],
              [
                -0.4424363,
                51.4723872
              ],
              [
                -0.4424359,
                51.4723334
              ],
              [
                -0.4428333,
                51.4723322
              ],
              [
                -0.4428328,
                51.4722687
              ],
              [
                -0.4428503,
                51.4722686
              ],
              [
                -0.4428452,
                51.4716502
              ],
              [
                -0.4428277,
                51.4716502
              ],
              [
                -0.4428274,
                51.4716061
              ],
              [
                -0.4424989,
                51.4716071
              ],
              [
                -0.4424987,
                51.4715863
              ],
              [
                -0.4424298,
                51.4715865
              ],
              [
                -0.4424294,
                51.4715326
              ],
              [
                -0.4428268,
                51.4715313
              ],
              [
                -0.4428262,
                51.4714636
              ],
              [
                -0.4428437,
                51.4714635
              ],
              [
                -0.4428378,
                51.4707339
              ],
              [
                -0.4428203,
                51.4707339
              ],
              [
                -0.4428202,
                51.4707209
              ],
              [
                -0.4424916,
                51.4707219
              ],
              [
                -0.4424915,
                51.4707011
              ],
              [
                -0.4424226,
                51.4707013
              ],
              [
                -0.4424221,
                51.4706474
              ],
              [
                -0.4424854,
                51.4706477
              ],
              [
                -0.4424829,
                51.4705826
              ],
              [
                -0.442819,
                51.4705784
              ],
              [
                -0.4428365,
                51.4705784
              ],
              [
                -0.4428315,
                51.4699679
              ],
              [
                -0.442814,
                51.469968
              ],
              [
                -0.4428137,
                51.4699239
              ],
              [
                -0.4424851,
                51.4699249
              ],
              [
                -0.442485,
                51.4699067
              ],
              [
                -0.4424161,
                51.4699069
              ],
              [
                -0.4424157,
                51.469853
              ],
              [
                -0.4428131,
                51.4698517
              ],
              [
                -0.4428125,
                51.469784
              ],
              [
                -0.44283,
                51.469784
              ],
              [
                -0.4428242,
                51.4690746
              ],
              [
                -0.4425913,
                51.4691256
              ],
              [
                -0.4425577,
                51.4691259
              ],
              [
                -0.4424277,
                51.4691247
              ],
              [
                -0.442429,
                51.4690671
              ],
              [
                -0.4425591,
                51.4690682
              ],
              [
                -0.4425582,
                51.4691034
              ],
              [
                -0.44259,
                51.4691051
              ],
              [
                -0.442824,
                51.469048
              ],
              [
                -0.4430573,
                51.4690473
              ],
              [
                -0.44306,
                51.4690303
              ],
              [
                -0.4425088,
                51.4684614
              ],
              [
                -0.4424608,
                51.4684636
              ],
              [
                -0.4423153,
                51.4684617
              ],
              [
                -0.4423175,
                51.4683994
              ],
              [
                -0.442463,
                51.4684014
              ],
              [
                -0.4424618,
                51.4684347
              ],
              [
                -0.4425222,
                51.4684363
              ],
              [
                -0.4430989,
                51.4690211
              ],
              [
                -0.4430982,
                51.4690471
              ],
              [
                -0.4433276,
                51.4690464
              ],
              [
                -0.4436099,
                51.4688687
              ],
              [
                -0.4436488,
                51.4688691
              ],
              [
                -0.4437909,
                51.4688691
              ],
              [
                -0.4437909,
                51.4689309
              ],
              [
                -0.4436488,
                51.4689309
              ],
              [
                -0.4436488,
                51.4688887
              ],
              [
                -0.4436126,
                51.4688891
              ],
              [
                -0.4433584,
                51.4690633
              ],
              [
                -0.4433277,
                51.4690633
              ],
              [
                -0.4433321,
                51.4695958
              ],
              [
                -0.4433496,
                51.4695957
              ],
              [
                -0.4433499,
                51.4696398
              ],
              [
                -0.4436785,
                51.4696388
              ],
              [
                -0.4436786,
                51.4696597
              ],
              [
                -0.4437475,
                51.4696594
              ],
              [
                -0.4437479,
                51.4697134
              ],
              [
                -0.4433505,
                51.4697146
              ],
              [
                -0.4433511,
                51.4697823
              ],
              [
                -0.4433336,
                51.4697824
              ],
              [
                -0.4433386,
                51.470393
              ],
              [
                -0.4433561,
                51.470393
              ],
              [
                -0.4433564,
                51.4704371
              ],
              [
                -0.4434584,
                51.4704368
              ],
              [
                -0.443685,
                51.4704361
              ],
              [
                -0.4436852,
                51.4704569
              ],
              [
                -0.443754,
                51.4704567
              ],
              [
                -0.4437527,
                51.4705097
              ],
              [
                -0.4435285,
                51.4705114
              ],
              [
                -0.4435291,
                51.4705883
              ],
              [
                -0.4435351,
                51.4713237
              ],
              [
                -0.443692,
                51.4713232
              ],
              [
                -0.4436921,
                51.4713441
              ],
              [
                -0.443761,
                51.4713438
              ],
              [
                -0.4437614,
                51.4713978
              ],
              [
                -0.4435358,
                51.4713985
              ],
              [
                -0.4435417,
                51.4721195
              ],
              [
                -0.4436807,
                51.4721191
              ],
              [
                -0.4436809,
                51.47214
              ],
              [
                -0.4437497,
                51.4721398
              ],
              [
                -0.4437502,
                51.4721937
              ],
              [
                -0.4434745,
                51.4721946
              ],
              [
                -0.4433705,
                51.4721949
              ],
              [
                -0.4433711,
                51.4722626
              ],
              [
                -0.4433536,
                51.4722627
              ],
              [
                -0.4433589,
                51.4728794
              ],
              [
                -0.4433764,
                51.4728794
              ],
              [
                -0.4433767,
                51.4729235
              ],
              [
                -0.443705,
                51.4729225
              ],
              [
                -0.4437052,
                51.4729433
              ],
              [
                -0.4437681,
                51.4729431
              ],
              [
                -0.4437685,
                51.4729971
              ],
              [
                -0.4433774,
                51.4729983
              ],
              [
                -0.4433779,
                51.473066
              ],
              [
                -0.4433604,
                51.4730661
              ],
              [
                -0.4433656,
                51.4737001
              ],
              [
                -0.4436763,
                51.4736349
              ],
              [
                -0.4438198,
                51.4736341
              ],
              [
                -0.4438265,
                51.4736926
              ],
              [
                -0.4436816,
                51.4736942
              ],
              [
                -0.4436789,
                51.4736635
              ],
              [
                -0.4433658,
                51.4737218
              ],
              [
                -0.4433659,
                51.4737319
              ],
              [
                -0.4431143,
                51.4737327
              ],
              [
                -0.4436615,
                51.4743859
              ],
              [
                -0.4436765,
                51.4743866
              ],
              [
                -0.443819,
                51.4743844
              ],
              [
                -0.4438215,
                51.4744481
              ],
              [
                -0.4436791,
                51.4744503
              ],
              [
                -0.4436773,
                51.4744055
              ],
              [
                -0.4436387,
                51.474406
              ],
              [
                -0.4430634,
                51.4737329
              ],
              [
                -0.4428622,
                51.4737335
              ],
              [
                -0.442862,
                51.4737143
              ],
              [
                -0.4425524,
                51.4739357
              ],
              [
                -0.4425122,
                51.4739361
              ],
              [
                -0.4423647,
                51.4739361
              ],
              [
                -0.4423647,
                51.4738768
              ],
              [
                -0.4425122,
                51.4738768
              ],
              [
                -0.4425122,
                51.4739148
              ],
              [
                -0.4425457,
                51.4739139
              ],
              [
                -0.4428619,
                51.4736918
              ],
              [
                -0.4428583,
                51.4732487
              ],
              [
                -0.4428408,
                51.4732488
              ],
              [
                -0.4428404,
                51.4732046
              ],
              [
                -0.4425119,
                51.4732057
              ],
              [
                -0.4425117,
                51.4731848
              ],
              [
                -0.4424428,
                51.473185
              ],
              [
                -0.4424424,
                51.4731311
              ]
            ]
          ]
        ]
      },
      "properties": {
        "aeroway": "terminal",
        "alt_name": "The Queen's Terminal",
        "name": "Terminal 2",
        "type": "multipolygon",
        "wikidata": "Q6670466",
        "wikipedia": "en:Heathrow Terminal 2",
        "osm_id": 8469252,
        "osm_type": "relation"
      }
    },
    {
      "type": "Feature",
      "geometry": {
        "type": "Polygon",
        "coordinates": [
          [
            [
              -0.4594773,
              51.4697337
            ],
            [
              -0.4603477,
              51.4693802
            ],
            [
              -0.4604934,
              51.4695147
            ],
            [
              -0.4611436,
              51.4692428
            ],
            [
              -0.4613092,
              51.4693845
            ],
            [
              -0.4627817,
              51.4687588
            ],
            [
              -0.4623971,
              51.4684108
            ],
            [
              -0.4622659,
              51.4682911
            ],
            [
              -0.4621215,
              51.4683497
            ],
            [
              -0.4618804,
              51.4681258
            ],
            [
              -0.4618247,
              51.468074
            ],
            [
              -0.4619612,
              51.4680137
            ],
            [
              -0.4619956,
              51.4680336
            ],
            [
              -0.4620632,
              51.4680096
            ],
            [
              -0.4621096,
              51.4680484
            ],
            [
              -0.4622619,
              51.4679939
            ],
            [
              -0.4626555,
              51.4683695
            ],
            [
              -0.4625269,
              51.4684165
            ],
            [
              -0.4627469,
              51.4686113
            ],
            [
              -0.4628767,
              51.4685593
            ],
            [
              -0.4632145,
              51.4688681
            ],
            [
              -0.4632795,
              51.4689275
            ],
            [
              -0.4631404,
              51.468982
            ],
            [
              -0.4633683,
              51.4691767
            ],
            [
              -0.4635008,
              51.4691264
            ],
            [
              -0.4638316,
              51.4694327
            ],
            [
              -0.463901,
              51.469497
            ],
            [
              -0.4637605,
              51.4695548
            ],
            [
              -0.4639831,
              51.4697553
            ],
            [
              -0.4641223,
              51.4696926
            ],
            [
              -0.4644528,
              51.4699984
            ],
            [
              -0.4645184,
              51.4700591
            ],
            [
              -0.4643846,
              51.4701235
            ],
            [
              -0.4645913,
              51.4703207
            ],
            [
              -0.4647569,
              51.4702597
            ],
            [
              -0.46508,
              51.4705632
            ],
            [
              -0.4651505,
              51.4706294
            ],
            [
              -0.4650166,
              51.4706888
            ],
            [
              -0.4651226,
              51.4707862
            ],
            [
              -0.4651438,
              51.4707838
            ],
            [
              -0.4651796,
              51.4708234
            ],
            [
              -0.4650829,
              51.4708622
            ],
            [
              -0.4650193,
              51.4708127
            ],
            [
              -0.4648841,
              51.4708671
            ],
            [
              -0.464865,
              51.4708495
            ],
            [
              -0.4648498,
              51.4708357
            ],
            [
              -0.4644854,
              51.4705016
            ],
            [
              -0.4646184,
              51.4704438
            ],
            [
              -0.4643935,
              51.4702425
            ],
            [
              -0.4642633,
              51.4702962
            ],
            [
              -0.4639447,
              51.4700092
            ],
            [
              -0.4638661,
              51.4699384
            ],
            [
              -0.4639888,
              51.4698795
            ],
            [
              -0.4637714,
              51.4696781
            ],
            [
              -0.4636421,
              51.4697318
            ],
            [
              -0.4633371,
              51.469445
            ],
            [
              -0.4632603,
              51.4693728
            ],
            [
              -0.4633891,
              51.4693194
            ],
            [
              -0.4628615,
              51.4688331
            ],
            [
              -0.4606786,
              51.4697645
            ],
            [
              -0.460926,
              51.4699968
            ],
            [
              -0.4598298,
              51.4704578
            ],
            [
              -0.4601446,
              51.4707327
            ],
            [
              -0.4601015,
              51.4707508
            ],
            [
              -0.460242,
              51.470878
            ],
            [
              -0.4603173,
              51.4708484
            ],
            [
              -0.4605968,
              51.4707283
            ],
            [
              -0.4607911,
              51.4709072
            ],
            [
              -0.4605775,
              51.4709994
            ],
            [
              -0.4606861,
              51.4710998
            ],
            [
              -0.4607114,
              51.4710899
            ],
            [
              -0.4607442,
              51.4711191
            ],
            [
              -0.4605878,
              51.471188
            ],
            [
              -0.4608014,
              51.471377
            ],
            [
              -0.461164,
              51.4712294
            ],
            [
              -0.4613607,
              51.4714161
            ],
            [
              -0.4612155,
              51.4714739
            ],
            [
              -0.4612352,
              51.4714926
            ],
            [
              -0.4611583,
              51.4715264
            ],
            [
              -0.4612605,
              51.471621
            ],
            [
              -0.4612914,
              51.4716082
            ],
            [
              -0.4613223,
              51.4716391
            ],
            [
              -0.4613101,
              51.4716484
            ],
            [
              -0.4613888,
              51.4717179
            ],
            [
              -0.461253,
              51.4717757
            ],
            [
              -0.4614207,
              51.4719181
            ],
            [
              -0.4615622,
              51.4718644
            ],
            [
              -0.4615397,
              51.4718439
            ],
            [
              -0.4616877,
              51.4717774
            ],
            [
              -0.4617168,
              51.4718013
            ],
            [
              -0.4617692,
              51.4717809
            ],
            [
              -0.4619379,
              51.4719367
            ],
            [
              -0.4618039,
              51.471991
            ],
            [
              -0.461832,
              51.4720155
            ],
            [
              -0.4615921,
              51.472106
            ],
            [
              -0.461728,
              51.4722075
            ],
            [
              -0.4618554,
              51.4721532
            ],
            [
              -0.4619675,
              51.4722497
            ],
            [
              -0.4619332,
              51.4722635
            ],
            [
              -0.4619763,
              51.4723026
            ],
            [
              -0.4618704,
              51.4723476
            ],
            [
              -0.4620222,
              51.4724841
            ],
            [
              -0.462174,
              51.4724258
            ],
            [
              -0.4622218,
              51.4724696
            ],
            [
              -0.4623295,
              51.4724275
            ],
            [
              -0.4623773,
              51.4724888
            ],
            [
              -0.4623445,
              51.4725028
            ],
            [
              -0.4623604,
              51.4725203
            ],
            [
              -0.4622761,
              51.4725524
            ],
            [
              -0.4623829,
              51.4726481
            ],
            [
              -0.4624129,
              51.4726382
            ],
            [
              -0.4624438,
              51.4726674
            ],
            [
              -0.4624045,
              51.4726849
            ],
            [
              -0.4627708,
              51.4729907
            ],
            [
              -0.4628739,
              51.4729534
            ],
            [
              -0.4629329,
              51.4730041
            ],
            [
              -0.4627289,
              51.4730899
            ],
            [
              -0.4626874,
              51.4731074
            ],
            [
              -0.462946,
              51.4733222
            ],
            [
              -0.4630125,
              51.4733024
            ],
            [
              -0.4630847,
              51.4733584
            ],
            [
              -0.4631915,
              51.4733088
            ],
            [
              -0.4633095,
              51.4733088
            ],
            [
              -0.4635419,
              51.4735145
            ],
            [
              -0.4638105,
              51.4735222
            ],
            [
              -0.4643817,
              51.4735478
            ],
            [
              -0.4643725,
              51.4732999
            ],
            [
              -0.4650494,
              51.4733002
            ],
            [
              -0.4650481,
              51.4733192
            ],
            [
              -0.4652922,
              51.4733217
            ],
            [
              -0.4653069,
              51.4734629
            ],
            [
              -0.4654853,
              51.4734662
            ],
            [
              -0.465492,
              51.4735121
            ],
            [
              -0.4650494,
              51.4735188
            ],
            [
              -0.4650504,
              51.4736195
            ],
            [
              -0.4650562,
              51.4738096
            ],
            [
              -0.4653016,
              51.4738087
            ],
            [
              -0.4653043,
              51.4737769
            ],
            [
              -0.4653686,
              51.4737795
            ],
            [
              -0.4653713,
              51.473858
            ],
            [
              -0.4652976,
              51.4738571
            ],
            [
              -0.4652962,
              51.4739457
            ],
            [
              -0.465492,
              51.4740501
            ],
            [
              -0.4654866,
              51.4740785
            ],
            [
              -0.4653887,
              51.4740275
            ],
            [
              -0.4653686,
              51.4740426
            ],
            [
              -0.4652251,
              51.4739724
            ],
            [
              -0.4652251,
              51.473853
            ],
            [
              -0.4650575,
              51.4738538
            ],
            [
              -0.4650578,
              51.4738627
            ],
            [
              -0.4647692,
              51.4738625
            ],
            [
              -0.4647692,
              51.4739962
            ],
            [
              -0.4648664,
              51.4739987
            ],
            [
              -0.4648717,
              51.4740296
            ],
            [
              -0.4646719,
              51.4740292
            ],
            [
              -0.4646726,
              51.4740104
            ],
            [
              -0.464737,
              51.4740104
            ],
            [
              -0.4647356,
              51.4738625
            ],
            [
              -0.4643847,
              51.4738622
            ],
            [
              -0.4643831,
              51.4736245
            ],
            [
              -0.4639033,
              51.4736019
            ],
            [
              -0.4632591,
              51.4735824
            ],
            [
              -0.4631237,
              51.4735807
            ],
            [
              -0.4633959,
              51.4738328
            ],
            [
              -0.4633024,
              51.4738746
            ],
            [
              -0.4629833,
              51.4735816
            ],
            [
              -0.4629559,
              51.4735832
            ],
            [
              -0.462876,
              51.4735818
            ],
            [
              -0.4627851,
              51.4735803
            ],
            [
              -0.4627171,
              51.473519
            ],
            [
              -0.4625637,
              51.4733728
            ],
            [
              -0.4625412,
              51.4733488
            ],
            [
              -0.4625757,
              51.4733299
            ],
            [
              -0.4625081,
              51.4732696
            ],
            [
              -0.4624286,
              51.4732993
            ],
            [
              -0.4624034,
              51.4732746
            ],
            [
              -0.4624538,
              51.4732564
            ],
            [
              -0.4622219,
              51.473041
            ],
            [
              -0.4621212,
              51.4730798
            ],
            [
              -0.4620735,
              51.4730327
            ],
            [
              -0.4621305,
              51.473008
            ],
            [
              -0.462096,
              51.4729766
            ],
            [
              -0.4621848,
              51.4729378
            ],
            [
              -0.4620748,
              51.4728396
            ],
            [
              -0.4620258,
              51.4728611
            ],
            [
              -0.4619834,
              51.4728215
            ],
            [
              -0.4619105,
              51.4728503
            ],
            [
              -0.46188,
              51.4728198
            ],
            [
              -0.4619529,
              51.4727901
            ],
            [
              -0.4616442,
              51.4725202
            ],
            [
              -0.4615448,
              51.4725614
            ],
            [
              -0.4614945,
              51.4725169
            ],
            [
              -0.4615528,
              51.472493
            ],
            [
              -0.4615024,
              51.4724525
            ],
            [
              -0.4616071,
              51.4724104
            ],
            [
              -0.4614971,
              51.4723164
            ],
            [
              -0.4613312,
              51.4723842
            ],
            [
              -0.4611985,
              51.4723427
            ],
            [
              -0.4604803,
              51.4726348
            ],
            [
              -0.4599535,
              51.4724847
            ],
            [
              -0.4610689,
              51.4720068
            ],
            [
              -0.4610386,
              51.4719802
            ],
            [
              -0.4609906,
              51.47194
            ],
            [
              -0.4610363,
              51.4719197
            ],
            [
              -0.4611551,
              51.471869
            ],
            [
              -0.4606567,
              51.4714144
            ],
            [
              -0.4604945,
              51.4714805
            ],
            [
              -0.460753,
              51.4717155
            ],
            [
              -0.4606752,
              51.4717478
            ],
            [
              -0.4606634,
              51.4717363
            ],
            [
              -0.4605781,
              51.4717712
            ],
            [
              -0.4607574,
              51.4719428
            ],
            [
              -0.4594005,
              51.4725145
            ],
            [
              -0.4594077,
              51.4725217
            ],
            [
              -0.4586528,
              51.4728455
            ],
            [
              -0.4585421,
              51.472893
            ],
            [
              -0.4584219,
              51.4727843
            ],
            [
              -0.4583816,
              51.4727479
            ],
            [
              -0.4583536,
              51.4727596
            ],
            [
              -0.4582487,
              51.4726683
            ],
            [
              -0.4582779,
              51.4726553
            ],
            [
              -0.4581362,
              51.472532
            ],
            [
              -0.4580428,
              51.4725734
            ],
            [
              -0.4579862,
              51.4725237
            ],
            [
              -0.4579262,
              51.4725231
            ],
            [
              -0.4576208,
              51.4726554
            ],
            [
              -0.4575517,
              51.4725951
            ],
            [
              -0.4574206,
              51.4726529
            ],
            [
              -0.4572357,
              51.4724875
            ],
            [
              -0.45708,
              51.4723483
            ],
            [
              -0.4569035,
              51.4724236
            ],
            [
              -0.4563898,
              51.4726429
            ],
            [
              -0.4561461,
              51.4724206
            ],
            [
              -0.4566535,
              51.4722084
            ],
            [
              -0.457355,
              51.4719151
            ],
            [
              -0.4572594,
              51.4718265
            ],
            [
              -0.4571909,
              51.4717629
            ],
            [
              -0.4572504,
              51.4717381
            ],
            [
              -0.4573878,
              51.4716789
            ],
            [
              -0.4575427,
              51.4716127
            ],
            [
              -0.4575612,
              51.4716051
            ],
            [
              -0.4576705,
              51.4715585
            ],
            [
              -0.4577745,
              51.4715143
            ],
            [
              -0.4578813,
              51.4714688
            ],
            [
              -0.4579979,
              51.4714192
            ],
            [
              -0.4580982,
              51.4713767
            ],
            [
              -0.4581553,
              51.4713525
            ],
            [
              -0.458356,
              51.4712667
            ],
            [
              -0.4583568,
              51.4712666
            ],
            [
              -0.4584151,
              51.4712416
            ],
            [
              -0.4584346,
              51.4712332
            ],
            [
              -0.4585279,
              51.4711932
            ],
            [
              -0.4584541,
              51.4711262
            ],
            [
              -0.4584044,
              51.471081
            ],
            [
              -0.4583843,
              51.4710627
            ],
            [
              -0.4582617,
              51.4709514
            ],
            [
              -0.4581981,
              51.4708937
            ],
            [
              -0.4581771,
              51.4708746
            ],
            [
              -0.4580964,
              51.4708012
            ],
            [
              -0.4580385,
              51.4707486
            ],
            [
              -0.4580232,
              51.4707347
            ],
            [
              -0.4578713,
              51.4705967
            ],
            [
              -0.4577653,
              51.4705004
            ],
            [
              -0.4577047,
              51.4704454
            ],
            [
              -0.4576723,
              51.470416
            ],
            [
              -0.4576193,
              51.4703662
            ],
            [
              -0.4575303,
              51.4702853
            ],
            [
              -0.4575099,
              51.4702668
            ],
            [
              -0.4573925,
              51.4701614
            ],
            [
              -0.4573544,
              51.4701272
            ],
            [
              -0.4572002,
              51.4701922
            ],
            [
              -0.4569847,
              51.4702829
            ],
            [
              -0.4566109,
              51.4704444
            ],
            [
              -0.4563641,
              51.4705484
            ],
            [
              -0.4560128,
              51.4702192
            ],
            [
              -0.4569962,
              51.4697825
            ],
            [
              -0.4569346,
              51.4697163
            ],
            [
              -0.4570921,
              51.4696746
            ],
            [
              -0.4570794,
              51.4697494
            ],
            [
              -0.4574022,
              51.4696171
            ],
            [
              -0.4573492,
              51.4695601
            ],
            [
              -0.4577984,
              51.4693695
            ],
            [
              -0.4575718,
              51.469164
            ],
            [
              -0.4579523,
              51.4689995
            ],
            [
              -0.4584952,
              51.4689987
            ],
            [
              -0.45849,
              51.4691029
            ],
            [
              -0.4586053,
              51.4692036
            ],
            [
              -0.4586822,
              51.4691796
            ],
            [
              -0.4586676,
              51.4691607
            ],
            [
              -0.4587378,
              51.4691392
            ],
            [
              -0.4587855,
              51.4691805
            ],
            [
              -0.4588266,
              51.4691706
            ],
            [
              -0.4589472,
              51.4692869
            ],
            [
              -0.4590887,
              51.4692295
            ],
            [
              -0.4590549,
              51.4691967
            ],
            [
              -0.4591588,
              51.4691515
            ],
            [
              -0.4592814,
              51.4692646
            ],
            [
              -0.4591751,
              51.4693082
            ],
            [
              -0.4591162,
              51.4692544
            ],
            [
              -0.4588584,
              51.4693581
            ],
            [
              -0.4592014,
              51.4695062
            ],
            [
              -0.4592867,
              51.4695835
            ],
            [
              -0.4593324,
              51.4696249
            ],
            [
              -0.4593754,
              51.4696085
            ],
            [
              -0.4592799,
              51.4695203
            ],
            [
              -0.4593342,
              51.4694988
            ],
            [
              -0.4594702,
              51.4696225
            ],
            [
              -0.4594397,
              51.4696346
            ],
            [
              -0.459421,
              51.4696172
            ],
            [
              -0.4593462,
              51.4696427
            ],
            [
              -0.4593875,
              51.4696814
            ],
            [
              -0.4594219,
              51.4697097
            ],
            [
              -0.4594453,
              51.4697054
            ],
            [
              -0.4594773,
              51.4697337
            ]
          ]
        ]
      },
      "properties": {
        "aeroway": "terminal",
        "building": "airport_terminal",
        "layer": "1",
        "name": "Terminal 3",
        "type": "multipolygon",
        "wheelchair": "yes",
        "wikidata": "Q6670468",
        "osm_id": 18911624,
        "osm_type": "relation"
      }
    }
  ]
}